{"type": "FeatureCollection", "features":[
{"type":"Feature","properties":{"type":"lift","liftType":"gondola","status":"operating","name":"Telecabina La Massana, Cable Car La Massana","oneway":null,"ref":null,"description":null,"occupancy":16,"capacity":null,"duration":480,"bubble":null,"heating":false,"color":"hsl(0, 82%, 42%)","skiAreas":[{"properties":{"activities":["downhill"],"generated":false,"id":"5ecb06388006e4740e7ce8234e26d036ce85edb7","location":null,"name":"Pal-Arinsal","runConvention":"europe","sources":[{"type":"openstreetmap","id":"relation/4638280"},{"type":"skimap.org","id":1807}],"status":"operating","type":"skiArea","websites":["http://www.vallnord.com/"],"statistics":{"runs":{"byActivity":{"downhill":{"byDifficulty":{"easy":{"count":29,"lengthInKm":20.858363377830223,"minElevation":1558.2487431681502,"maxElevation":2491.0273591680307,"combinedElevationChange":3693.1728125839886},"novice":{"count":9,"lengthInKm":3.172775951105538,"maxElevation":2256.4535199999787,"combinedElevationChange":479.4833746895015,"minElevation":1789.827260979216},"advanced":{"count":3,"lengthInKm":2.5787306934661585,"minElevation":1937.2300800002456,"maxElevation":2534.5657064320576,"combinedElevationChange":807.8002905404903},"intermediate":{"count":21,"lengthInKm":12.346787808472106,"minElevation":1844.9715935855613,"maxElevation":2489.9201663711965,"combinedElevationChange":3641.880392795686},"other":{"count":2,"lengthInKm":0.10704381182876538,"minElevation":2094.49559558079,"maxElevation":2237.4957588416046,"combinedElevationChange":11.424043260803046}}}},"minElevation":1558.2487431681502,"maxElevation":2534.5657064320576},"lifts":{"byType":{"gondola":{"count":2,"lengthInKm":3.176295731309711,"minElevation":1237.565454921608,"maxElevation":1919.344744844795,"combinedElevationChange":1107.8933287838854},"chair_lift":{"count":12,"lengthInKm":11.964826900293591,"minElevation":1553.825056428767,"maxElevation":2486.6322313520764,"combinedElevationChange":3173.663310246392},"drag_lift":{"count":6,"lengthInKm":3.2439118652796735,"minElevation":1893.2452799999487,"maxElevation":2339.2381706368255,"combinedElevationChange":773.0829379614327},"cable_car":{"count":1,"lengthInKm":2.3879046138398796,"minElevation":2066.005541440008,"maxElevation":2492.951279404874,"combinedElevationChange":426.9457379648661},"platter":{"count":1,"lengthInKm":0.39896484807186156,"minElevation":2450.0787449600393,"maxElevation":2534.5657064320576,"combinedElevationChange":84.48696147201827},"magic_carpet":{"count":9,"lengthInKm":0.70647313191135,"minElevation":1893.7999852414912,"maxElevation":2077.4390097648143,"combinedElevationChange":66.60550960032651}},"minElevation":1237.565454921608,"maxElevation":2534.5657064320576},"maxElevation":2534.5657064320576,"minElevation":1558.2487431681502}},"type":"Feature","geometry":{"coordinates":[1.4533222792924878,42.545759697593475],"type":"Point"}}],"sources":[{"type":"openstreetmap","id":"way/29376254"}],"location":null,"websites":[],"id":"14c85ad1446870762fb8ae64416ef773b865bde0"},"geometry":{"type":"LineString","coordinates":[[1.5138581999999998,42.5472953,1237.565454921608],[1.5129537,42.5468919,1252.6937271328065],[1.5125661999999995,42.54671980000001,1263.3222916990808],[1.5111061999999995,42.5460702,1306.6236721792325],[1.5105583,42.5458265,1309.936123047989],[1.5055045999999994,42.5435817,1488.8118521184913],[1.5007856,42.541485699999996,1664.9925890306024],[1.4972443999999996,42.53991280000002,1807.6648098812377],[1.4947952999999996,42.5388249,1883.8446831087756],[1.4926991999999994,42.5378939,1919.344744844795],[1.4911408,42.5372017,1902.8141437056079]]}}
,
{"type":"Feature","properties":{"type":"lift","liftType":"gondola","status":"operating","name":"els Orriols","oneway":null,"ref":null,"description":null,"occupancy":null,"capacity":null,"duration":null,"bubble":null,"heating":null,"color":"hsl(0, 82%, 42%)","skiAreas":[{"properties":{"activities":["downhill"],"generated":false,"id":"5ecb06388006e4740e7ce8234e26d036ce85edb7","location":null,"name":"Pal-Arinsal","runConvention":"europe","sources":[{"type":"openstreetmap","id":"relation/4638280"},{"type":"skimap.org","id":1807}],"status":"operating","type":"skiArea","websites":["http://www.vallnord.com/"],"statistics":{"runs":{"byActivity":{"downhill":{"byDifficulty":{"easy":{"count":29,"lengthInKm":20.858363377830223,"minElevation":1558.2487431681502,"maxElevation":2491.0273591680307,"combinedElevationChange":3693.1728125839886},"novice":{"count":9,"lengthInKm":3.172775951105538,"maxElevation":2256.4535199999787,"combinedElevationChange":479.4833746895015,"minElevation":1789.827260979216},"advanced":{"count":3,"lengthInKm":2.5787306934661585,"minElevation":1937.2300800002456,"maxElevation":2534.5657064320576,"combinedElevationChange":807.8002905404903},"intermediate":{"count":21,"lengthInKm":12.346787808472106,"minElevation":1844.9715935855613,"maxElevation":2489.9201663711965,"combinedElevationChange":3641.880392795686},"other":{"count":2,"lengthInKm":0.10704381182876538,"minElevation":2094.49559558079,"maxElevation":2237.4957588416046,"combinedElevationChange":11.424043260803046}}}},"minElevation":1558.2487431681502,"maxElevation":2534.5657064320576},"lifts":{"byType":{"gondola":{"count":2,"lengthInKm":3.176295731309711,"minElevation":1237.565454921608,"maxElevation":1919.344744844795,"combinedElevationChange":1107.8933287838854},"chair_lift":{"count":12,"lengthInKm":11.964826900293591,"minElevation":1553.825056428767,"maxElevation":2486.6322313520764,"combinedElevationChange":3173.663310246392},"drag_lift":{"count":6,"lengthInKm":3.2439118652796735,"minElevation":1893.2452799999487,"maxElevation":2339.2381706368255,"combinedElevationChange":773.0829379614327},"cable_car":{"count":1,"lengthInKm":2.3879046138398796,"minElevation":2066.005541440008,"maxElevation":2492.951279404874,"combinedElevationChange":426.9457379648661},"platter":{"count":1,"lengthInKm":0.39896484807186156,"minElevation":2450.0787449600393,"maxElevation":2534.5657064320576,"combinedElevationChange":84.48696147201827},"magic_carpet":{"count":9,"lengthInKm":0.70647313191135,"minElevation":1893.7999852414912,"maxElevation":2077.4390097648143,"combinedElevationChange":66.60550960032651}},"minElevation":1237.565454921608,"maxElevation":2534.5657064320576},"maxElevation":2534.5657064320576,"minElevation":1558.2487431681502}},"type":"Feature","geometry":{"coordinates":[1.4533222792924878,42.545759697593475],"type":"Point"}}],"sources":[{"type":"openstreetmap","id":"way/29376356"}],"location":null,"websites":[],"id":"3403cf39ffd9f052b4e5deaafe82812bab14207d"},"geometry":{"type":"LineString","coordinates":[[1.4834413999999996,42.5726073,1475.317680000031],[1.4828801999999999,42.57263020000001,1474.6020535616567],[1.4803379,42.57273420000001,1553.9479404289136],[1.4799704999999996,42.57274920000001,1572.5836975680902],[1.4783174000000001,42.57281680000001,1681.148060672248],[1.4769396999999993,42.5728731,1763.2486988273154],[1.4754888,42.572932500000014,1839.9656617602109],[1.4751174,42.5729476,1850.9721422847997],[1.4716958999999996,42.573087499999986,1903.2081878001056],[1.4712125,42.57310730000001,1917.9623199999166]]}}
,
{"type":"Feature","properties":{"type":"lift","liftType":"chair_lift","status":"operating","name":"Arinsal","oneway":null,"ref":null,"description":null,"occupancy":6,"capacity":null,"duration":null,"bubble":null,"heating":null,"color":"hsl(0, 82%, 42%)","skiAreas":[{"properties":{"activities":["downhill"],"generated":false,"id":"5ecb06388006e4740e7ce8234e26d036ce85edb7","location":null,"name":"Pal-Arinsal","runConvention":"europe","sources":[{"type":"openstreetmap","id":"relation/4638280"},{"type":"skimap.org","id":1807}],"status":"operating","type":"skiArea","websites":["http://www.vallnord.com/"],"statistics":{"runs":{"byActivity":{"downhill":{"byDifficulty":{"easy":{"count":29,"lengthInKm":20.858363377830223,"minElevation":1558.2487431681502,"maxElevation":2491.0273591680307,"combinedElevationChange":3693.1728125839886},"novice":{"count":9,"lengthInKm":3.172775951105538,"maxElevation":2256.4535199999787,"combinedElevationChange":479.4833746895015,"minElevation":1789.827260979216},"advanced":{"count":3,"lengthInKm":2.5787306934661585,"minElevation":1937.2300800002456,"maxElevation":2534.5657064320576,"combinedElevationChange":807.8002905404903},"intermediate":{"count":21,"lengthInKm":12.346787808472106,"minElevation":1844.9715935855613,"maxElevation":2489.9201663711965,"combinedElevationChange":3641.880392795686},"other":{"count":2,"lengthInKm":0.10704381182876538,"minElevation":2094.49559558079,"maxElevation":2237.4957588416046,"combinedElevationChange":11.424043260803046}}}},"minElevation":1558.2487431681502,"maxElevation":2534.5657064320576},"lifts":{"byType":{"gondola":{"count":2,"lengthInKm":3.176295731309711,"minElevation":1237.565454921608,"maxElevation":1919.344744844795,"combinedElevationChange":1107.8933287838854},"chair_lift":{"count":12,"lengthInKm":11.964826900293591,"minElevation":1553.825056428767,"maxElevation":2486.6322313520764,"combinedElevationChange":3173.663310246392},"drag_lift":{"count":6,"lengthInKm":3.2439118652796735,"minElevation":1893.2452799999487,"maxElevation":2339.2381706368255,"combinedElevationChange":773.0829379614327},"cable_car":{"count":1,"lengthInKm":2.3879046138398796,"minElevation":2066.005541440008,"maxElevation":2492.951279404874,"combinedElevationChange":426.9457379648661},"platter":{"count":1,"lengthInKm":0.39896484807186156,"minElevation":2450.0787449600393,"maxElevation":2534.5657064320576,"combinedElevationChange":84.48696147201827},"magic_carpet":{"count":9,"lengthInKm":0.70647313191135,"minElevation":1893.7999852414912,"maxElevation":2077.4390097648143,"combinedElevationChange":66.60550960032651}},"minElevation":1237.565454921608,"maxElevation":2534.5657064320576},"maxElevation":2534.5657064320576,"minElevation":1558.2487431681502}},"type":"Feature","geometry":{"coordinates":[1.4533222792924878,42.545759697593475],"type":"Point"}}],"sources":[{"type":"openstreetmap","id":"way/42014211"}],"location":null,"websites":[],"id":"9e8d3629ba2f2f6317ecd0208fb83b531c91433d"},"geometry":{"type":"LineString","coordinates":[[1.4799653999999995,42.5769591,1553.825056428767],[1.4796885999999998,42.5768457,1562.8087637952067],[1.4789009999999998,42.5765231,1599.8646684479015],[1.4781508,42.576215800000014,1629.6527753851092],[1.4769635999999995,42.5757294,1681.0328124415948],[1.4758656999999993,42.5752797,1740.1071936815738],[1.4751085999999998,42.574969499999995,1786.102894816254],[1.4742519,42.5746186,1821.1239764063992],[1.4728607999999996,42.5740487,1863.9674047744304],[1.4718430999999996,42.5736318,1893.4325200000135],[1.4713664999999996,42.5734366,1907.529519999996],[1.4710010999999996,42.5732869,1920.038875907216]]}}
,
{"type":"Feature","properties":{"type":"lift","liftType":"chair_lift","status":"operating","name":"la Caubella","oneway":null,"ref":null,"description":null,"occupancy":2,"capacity":null,"duration":null,"bubble":null,"heating":null,"color":"hsl(0, 82%, 42%)","skiAreas":[{"properties":{"activities":["downhill"],"generated":false,"id":"5ecb06388006e4740e7ce8234e26d036ce85edb7","location":null,"name":"Pal-Arinsal","runConvention":"europe","sources":[{"type":"openstreetmap","id":"relation/4638280"},{"type":"skimap.org","id":1807}],"status":"operating","type":"skiArea","websites":["http://www.vallnord.com/"],"statistics":{"runs":{"byActivity":{"downhill":{"byDifficulty":{"easy":{"count":29,"lengthInKm":20.858363377830223,"minElevation":1558.2487431681502,"maxElevation":2491.0273591680307,"combinedElevationChange":3693.1728125839886},"novice":{"count":9,"lengthInKm":3.172775951105538,"maxElevation":2256.4535199999787,"combinedElevationChange":479.4833746895015,"minElevation":1789.827260979216},"advanced":{"count":3,"lengthInKm":2.5787306934661585,"minElevation":1937.2300800002456,"maxElevation":2534.5657064320576,"combinedElevationChange":807.8002905404903},"intermediate":{"count":21,"lengthInKm":12.346787808472106,"minElevation":1844.9715935855613,"maxElevation":2489.9201663711965,"combinedElevationChange":3641.880392795686},"other":{"count":2,"lengthInKm":0.10704381182876538,"minElevation":2094.49559558079,"maxElevation":2237.4957588416046,"combinedElevationChange":11.424043260803046}}}},"minElevation":1558.2487431681502,"maxElevation":2534.5657064320576},"lifts":{"byType":{"gondola":{"count":2,"lengthInKm":3.176295731309711,"minElevation":1237.565454921608,"maxElevation":1919.344744844795,"combinedElevationChange":1107.8933287838854},"chair_lift":{"count":12,"lengthInKm":11.964826900293591,"minElevation":1553.825056428767,"maxElevation":2486.6322313520764,"combinedElevationChange":3173.663310246392},"drag_lift":{"count":6,"lengthInKm":3.2439118652796735,"minElevation":1893.2452799999487,"maxElevation":2339.2381706368255,"combinedElevationChange":773.0829379614327},"cable_car":{"count":1,"lengthInKm":2.3879046138398796,"minElevation":2066.005541440008,"maxElevation":2492.951279404874,"combinedElevationChange":426.9457379648661},"platter":{"count":1,"lengthInKm":0.39896484807186156,"minElevation":2450.0787449600393,"maxElevation":2534.5657064320576,"combinedElevationChange":84.48696147201827},"magic_carpet":{"count":9,"lengthInKm":0.70647313191135,"minElevation":1893.7999852414912,"maxElevation":2077.4390097648143,"combinedElevationChange":66.60550960032651}},"minElevation":1237.565454921608,"maxElevation":2534.5657064320576},"maxElevation":2534.5657064320576,"minElevation":1558.2487431681502}},"type":"Feature","geometry":{"coordinates":[1.4533222792924878,42.545759697593475],"type":"Point"}}],"sources":[{"type":"openstreetmap","id":"way/52008425"}],"location":null,"websites":[],"id":"6a02be884b37d0e9bc2630d98ed988fdcdb74cd8"},"geometry":{"type":"LineString","coordinates":[[1.4902476,42.5364238,1901.6126922495885],[1.4898919999999996,42.53605380000001,1902.8816572159599],[1.4891743999999996,42.535307,1918.7591336959638],[1.4888793999999996,42.53500010000001,1920.9981999999125]]}}
,
{"type":"Feature","properties":{"type":"lift","liftType":"chair_lift","status":"operating","name":"la Serra","oneway":null,"ref":null,"description":null,"occupancy":2,"capacity":null,"duration":null,"bubble":null,"heating":null,"color":"hsl(0, 82%, 42%)","skiAreas":[{"properties":{"activities":["downhill"],"generated":false,"id":"5ecb06388006e4740e7ce8234e26d036ce85edb7","location":null,"name":"Pal-Arinsal","runConvention":"europe","sources":[{"type":"openstreetmap","id":"relation/4638280"},{"type":"skimap.org","id":1807}],"status":"operating","type":"skiArea","websites":["http://www.vallnord.com/"],"statistics":{"runs":{"byActivity":{"downhill":{"byDifficulty":{"easy":{"count":29,"lengthInKm":20.858363377830223,"minElevation":1558.2487431681502,"maxElevation":2491.0273591680307,"combinedElevationChange":3693.1728125839886},"novice":{"count":9,"lengthInKm":3.172775951105538,"maxElevation":2256.4535199999787,"combinedElevationChange":479.4833746895015,"minElevation":1789.827260979216},"advanced":{"count":3,"lengthInKm":2.5787306934661585,"minElevation":1937.2300800002456,"maxElevation":2534.5657064320576,"combinedElevationChange":807.8002905404903},"intermediate":{"count":21,"lengthInKm":12.346787808472106,"minElevation":1844.9715935855613,"maxElevation":2489.9201663711965,"combinedElevationChange":3641.880392795686},"other":{"count":2,"lengthInKm":0.10704381182876538,"minElevation":2094.49559558079,"maxElevation":2237.4957588416046,"combinedElevationChange":11.424043260803046}}}},"minElevation":1558.2487431681502,"maxElevation":2534.5657064320576},"lifts":{"byType":{"gondola":{"count":2,"lengthInKm":3.176295731309711,"minElevation":1237.565454921608,"maxElevation":1919.344744844795,"combinedElevationChange":1107.8933287838854},"chair_lift":{"count":12,"lengthInKm":11.964826900293591,"minElevation":1553.825056428767,"maxElevation":2486.6322313520764,"combinedElevationChange":3173.663310246392},"drag_lift":{"count":6,"lengthInKm":3.2439118652796735,"minElevation":1893.2452799999487,"maxElevation":2339.2381706368255,"combinedElevationChange":773.0829379614327},"cable_car":{"count":1,"lengthInKm":2.3879046138398796,"minElevation":2066.005541440008,"maxElevation":2492.951279404874,"combinedElevationChange":426.9457379648661},"platter":{"count":1,"lengthInKm":0.39896484807186156,"minElevation":2450.0787449600393,"maxElevation":2534.5657064320576,"combinedElevationChange":84.48696147201827},"magic_carpet":{"count":9,"lengthInKm":0.70647313191135,"minElevation":1893.7999852414912,"maxElevation":2077.4390097648143,"combinedElevationChange":66.60550960032651}},"minElevation":1237.565454921608,"maxElevation":2534.5657064320576},"maxElevation":2534.5657064320576,"minElevation":1558.2487431681502}},"type":"Feature","geometry":{"coordinates":[1.4533222792924878,42.545759697593475],"type":"Point"}}],"sources":[{"type":"openstreetmap","id":"way/52008767"}],"location":null,"websites":[],"id":"690152834a678b16e66cc1a7a7bd9f7b984dde56"},"geometry":{"type":"LineString","coordinates":[[1.4898795999999994,42.5364868,1899.1566400000168],[1.4888171000000001,42.536072900000015,1901.015151006143],[1.4878493999999995,42.53569580000001,1901.869385222243],[1.487107,42.5354066,1906.28991999995],[1.4858435999999995,42.53491430000001,1918.5040799997919],[1.4849461,42.5345647,1917.086771390516],[1.4837011999999994,42.5340797,1926.1912837888208],[1.4826043999999996,42.533652300000014,1939.9723199996947],[1.4822704,42.533522200000014,1945.98759999966],[1.4815721,42.53324220000001,1950.5698346654276],[1.4800163,42.53261850000001,1980.3834773276292],[1.4795326999999996,42.5324246,1994.708081916854],[1.4763042999999996,42.531130300000015,2055.1903350333396],[1.4752587,42.53071110000001,2071.946363894452],[1.4747465,42.53050570000001,2075.6233141360362]]}}
,
{"type":"Feature","properties":{"type":"lift","liftType":"chair_lift","status":"operating","name":"la Carbonera","oneway":null,"ref":null,"description":null,"occupancy":4,"capacity":null,"duration":null,"bubble":null,"heating":null,"color":"hsl(0, 82%, 42%)","skiAreas":[{"properties":{"activities":["downhill"],"generated":false,"id":"5ecb06388006e4740e7ce8234e26d036ce85edb7","location":null,"name":"Pal-Arinsal","runConvention":"europe","sources":[{"type":"openstreetmap","id":"relation/4638280"},{"type":"skimap.org","id":1807}],"status":"operating","type":"skiArea","websites":["http://www.vallnord.com/"],"statistics":{"runs":{"byActivity":{"downhill":{"byDifficulty":{"easy":{"count":29,"lengthInKm":20.858363377830223,"minElevation":1558.2487431681502,"maxElevation":2491.0273591680307,"combinedElevationChange":3693.1728125839886},"novice":{"count":9,"lengthInKm":3.172775951105538,"maxElevation":2256.4535199999787,"combinedElevationChange":479.4833746895015,"minElevation":1789.827260979216},"advanced":{"count":3,"lengthInKm":2.5787306934661585,"minElevation":1937.2300800002456,"maxElevation":2534.5657064320576,"combinedElevationChange":807.8002905404903},"intermediate":{"count":21,"lengthInKm":12.346787808472106,"minElevation":1844.9715935855613,"maxElevation":2489.9201663711965,"combinedElevationChange":3641.880392795686},"other":{"count":2,"lengthInKm":0.10704381182876538,"minElevation":2094.49559558079,"maxElevation":2237.4957588416046,"combinedElevationChange":11.424043260803046}}}},"minElevation":1558.2487431681502,"maxElevation":2534.5657064320576},"lifts":{"byType":{"gondola":{"count":2,"lengthInKm":3.176295731309711,"minElevation":1237.565454921608,"maxElevation":1919.344744844795,"combinedElevationChange":1107.8933287838854},"chair_lift":{"count":12,"lengthInKm":11.964826900293591,"minElevation":1553.825056428767,"maxElevation":2486.6322313520764,"combinedElevationChange":3173.663310246392},"drag_lift":{"count":6,"lengthInKm":3.2439118652796735,"minElevation":1893.2452799999487,"maxElevation":2339.2381706368255,"combinedElevationChange":773.0829379614327},"cable_car":{"count":1,"lengthInKm":2.3879046138398796,"minElevation":2066.005541440008,"maxElevation":2492.951279404874,"combinedElevationChange":426.9457379648661},"platter":{"count":1,"lengthInKm":0.39896484807186156,"minElevation":2450.0787449600393,"maxElevation":2534.5657064320576,"combinedElevationChange":84.48696147201827},"magic_carpet":{"count":9,"lengthInKm":0.70647313191135,"minElevation":1893.7999852414912,"maxElevation":2077.4390097648143,"combinedElevationChange":66.60550960032651}},"minElevation":1237.565454921608,"maxElevation":2534.5657064320576},"maxElevation":2534.5657064320576,"minElevation":1558.2487431681502}},"type":"Feature","geometry":{"coordinates":[1.4533222792924878,42.545759697593475],"type":"Point"}}],"sources":[{"type":"openstreetmap","id":"way/52009081"}],"location":null,"websites":[],"id":"91d0d1dc846ffe8ff7640310792d2bfb5db8ad68"},"geometry":{"type":"LineString","coordinates":[[1.4845831,42.537589499999996,1793.7256506480853],[1.4849869,42.537284599999985,1809.0906604995232],[1.4858029999999998,42.5366684,1848.7122785921429],[1.4867279,42.535970100000014,1883.9547916765507],[1.4872941999999993,42.53554250000001,1902.1412372798366],[1.4880176,42.5349962,1930.1814184703771],[1.4882139,42.534848,1929.6733658880416]]}}
,
{"type":"Feature","properties":{"type":"lift","liftType":"chair_lift","status":"operating","name":"la Serra 2","oneway":null,"ref":null,"description":null,"occupancy":4,"capacity":null,"duration":null,"bubble":null,"heating":null,"color":"hsl(0, 82%, 42%)","skiAreas":[{"properties":{"activities":["downhill"],"generated":false,"id":"5ecb06388006e4740e7ce8234e26d036ce85edb7","location":null,"name":"Pal-Arinsal","runConvention":"europe","sources":[{"type":"openstreetmap","id":"relation/4638280"},{"type":"skimap.org","id":1807}],"status":"operating","type":"skiArea","websites":["http://www.vallnord.com/"],"statistics":{"runs":{"byActivity":{"downhill":{"byDifficulty":{"easy":{"count":29,"lengthInKm":20.858363377830223,"minElevation":1558.2487431681502,"maxElevation":2491.0273591680307,"combinedElevationChange":3693.1728125839886},"novice":{"count":9,"lengthInKm":3.172775951105538,"maxElevation":2256.4535199999787,"combinedElevationChange":479.4833746895015,"minElevation":1789.827260979216},"advanced":{"count":3,"lengthInKm":2.5787306934661585,"minElevation":1937.2300800002456,"maxElevation":2534.5657064320576,"combinedElevationChange":807.8002905404903},"intermediate":{"count":21,"lengthInKm":12.346787808472106,"minElevation":1844.9715935855613,"maxElevation":2489.9201663711965,"combinedElevationChange":3641.880392795686},"other":{"count":2,"lengthInKm":0.10704381182876538,"minElevation":2094.49559558079,"maxElevation":2237.4957588416046,"combinedElevationChange":11.424043260803046}}}},"minElevation":1558.2487431681502,"maxElevation":2534.5657064320576},"lifts":{"byType":{"gondola":{"count":2,"lengthInKm":3.176295731309711,"minElevation":1237.565454921608,"maxElevation":1919.344744844795,"combinedElevationChange":1107.8933287838854},"chair_lift":{"count":12,"lengthInKm":11.964826900293591,"minElevation":1553.825056428767,"maxElevation":2486.6322313520764,"combinedElevationChange":3173.663310246392},"drag_lift":{"count":6,"lengthInKm":3.2439118652796735,"minElevation":1893.2452799999487,"maxElevation":2339.2381706368255,"combinedElevationChange":773.0829379614327},"cable_car":{"count":1,"lengthInKm":2.3879046138398796,"minElevation":2066.005541440008,"maxElevation":2492.951279404874,"combinedElevationChange":426.9457379648661},"platter":{"count":1,"lengthInKm":0.39896484807186156,"minElevation":2450.0787449600393,"maxElevation":2534.5657064320576,"combinedElevationChange":84.48696147201827},"magic_carpet":{"count":9,"lengthInKm":0.70647313191135,"minElevation":1893.7999852414912,"maxElevation":2077.4390097648143,"combinedElevationChange":66.60550960032651}},"minElevation":1237.565454921608,"maxElevation":2534.5657064320576},"maxElevation":2534.5657064320576,"minElevation":1558.2487431681502}},"type":"Feature","geometry":{"coordinates":[1.4533222792924878,42.545759697593475],"type":"Point"}}],"sources":[{"type":"openstreetmap","id":"way/52009565"}],"location":null,"websites":[],"id":"ebd978591c3a7750e545c3e1027436fbb503781e"},"geometry":{"type":"LineString","coordinates":[[1.4837974999999997,42.5374631,1788.5701756400817],[1.4834181,42.5371831,1790.0851787344],[1.4831434,42.5369804,1792.913200000074],[1.4817636999999992,42.535962200000014,1831.8292330684524],[1.4803229,42.5348989,1883.731479999919],[1.4789512999999996,42.5338867,1930.8558904785295],[1.4779322999999995,42.53313460000001,1971.168969926246],[1.4767392999999995,42.53225420000001,2014.9492399998378],[1.4755308999999996,42.53136230000001,2055.238936107002],[1.474986,42.5309602,2073.3561173759445],[1.4743925999999998,42.530522200000014,2078.04482346239]]}}
,
{"type":"Feature","properties":{"type":"lift","liftType":"chair_lift","status":"operating","name":"la Botella","oneway":true,"ref":null,"description":null,"occupancy":4,"capacity":null,"duration":null,"bubble":false,"heating":true,"color":"hsl(0, 82%, 42%)","skiAreas":[{"properties":{"activities":["downhill"],"generated":false,"id":"5ecb06388006e4740e7ce8234e26d036ce85edb7","location":null,"name":"Pal-Arinsal","runConvention":"europe","sources":[{"type":"openstreetmap","id":"relation/4638280"},{"type":"skimap.org","id":1807}],"status":"operating","type":"skiArea","websites":["http://www.vallnord.com/"],"statistics":{"runs":{"byActivity":{"downhill":{"byDifficulty":{"easy":{"count":29,"lengthInKm":20.858363377830223,"minElevation":1558.2487431681502,"maxElevation":2491.0273591680307,"combinedElevationChange":3693.1728125839886},"novice":{"count":9,"lengthInKm":3.172775951105538,"maxElevation":2256.4535199999787,"combinedElevationChange":479.4833746895015,"minElevation":1789.827260979216},"advanced":{"count":3,"lengthInKm":2.5787306934661585,"minElevation":1937.2300800002456,"maxElevation":2534.5657064320576,"combinedElevationChange":807.8002905404903},"intermediate":{"count":21,"lengthInKm":12.346787808472106,"minElevation":1844.9715935855613,"maxElevation":2489.9201663711965,"combinedElevationChange":3641.880392795686},"other":{"count":2,"lengthInKm":0.10704381182876538,"minElevation":2094.49559558079,"maxElevation":2237.4957588416046,"combinedElevationChange":11.424043260803046}}}},"minElevation":1558.2487431681502,"maxElevation":2534.5657064320576},"lifts":{"byType":{"gondola":{"count":2,"lengthInKm":3.176295731309711,"minElevation":1237.565454921608,"maxElevation":1919.344744844795,"combinedElevationChange":1107.8933287838854},"chair_lift":{"count":12,"lengthInKm":11.964826900293591,"minElevation":1553.825056428767,"maxElevation":2486.6322313520764,"combinedElevationChange":3173.663310246392},"drag_lift":{"count":6,"lengthInKm":3.2439118652796735,"minElevation":1893.2452799999487,"maxElevation":2339.2381706368255,"combinedElevationChange":773.0829379614327},"cable_car":{"count":1,"lengthInKm":2.3879046138398796,"minElevation":2066.005541440008,"maxElevation":2492.951279404874,"combinedElevationChange":426.9457379648661},"platter":{"count":1,"lengthInKm":0.39896484807186156,"minElevation":2450.0787449600393,"maxElevation":2534.5657064320576,"combinedElevationChange":84.48696147201827},"magic_carpet":{"count":9,"lengthInKm":0.70647313191135,"minElevation":1893.7999852414912,"maxElevation":2077.4390097648143,"combinedElevationChange":66.60550960032651}},"minElevation":1237.565454921608,"maxElevation":2534.5657064320576},"maxElevation":2534.5657064320576,"minElevation":1558.2487431681502}},"type":"Feature","geometry":{"coordinates":[1.4533222792924878,42.545759697593475],"type":"Point"}}],"sources":[{"type":"openstreetmap","id":"way/52010630"}],"location":null,"websites":[],"id":"859b4be88979c41a1af11fe77b7c23eef997e23e"},"geometry":{"type":"LineString","coordinates":[[1.4524549,42.544464899999994,2066.6243314287676],[1.4524713999999996,42.5441378,2070.200980396766],[1.4524854,42.543861299999996,2076.6310800001256],[1.452502,42.54353230000002,2087.8639572156526],[1.4525909999999995,42.5417705,2142.3028275200677],[1.4526613999999995,42.54037630000001,2200.4399567325363],[1.4527027,42.53955830000002,2230.151582366081],[1.4527195999999998,42.53922280000001,2247.2257454589253],[1.4527373,42.538872300000016,2256.250217601487],[1.4527541999999998,42.53853870000002,2259.442900444814],[1.4528159999999999,42.53731360000001,2266.4004951039365],[1.4528911999999994,42.53582570000001,2292.59488126708],[1.4529079999999999,42.5354934,2302.942098688003],[1.4529240999999993,42.53517350000001,2307.194748591985],[1.4529364999999996,42.534928,2308.021227519999]]}}
,
{"type":"Feature","properties":{"type":"lift","liftType":"chair_lift","status":"operating","name":"Setúria","oneway":null,"ref":null,"description":null,"occupancy":4,"capacity":null,"duration":null,"bubble":null,"heating":null,"color":"hsl(0, 82%, 42%)","skiAreas":[{"properties":{"activities":["downhill"],"generated":false,"id":"5ecb06388006e4740e7ce8234e26d036ce85edb7","location":null,"name":"Pal-Arinsal","runConvention":"europe","sources":[{"type":"openstreetmap","id":"relation/4638280"},{"type":"skimap.org","id":1807}],"status":"operating","type":"skiArea","websites":["http://www.vallnord.com/"],"statistics":{"runs":{"byActivity":{"downhill":{"byDifficulty":{"easy":{"count":29,"lengthInKm":20.858363377830223,"minElevation":1558.2487431681502,"maxElevation":2491.0273591680307,"combinedElevationChange":3693.1728125839886},"novice":{"count":9,"lengthInKm":3.172775951105538,"maxElevation":2256.4535199999787,"combinedElevationChange":479.4833746895015,"minElevation":1789.827260979216},"advanced":{"count":3,"lengthInKm":2.5787306934661585,"minElevation":1937.2300800002456,"maxElevation":2534.5657064320576,"combinedElevationChange":807.8002905404903},"intermediate":{"count":21,"lengthInKm":12.346787808472106,"minElevation":1844.9715935855613,"maxElevation":2489.9201663711965,"combinedElevationChange":3641.880392795686},"other":{"count":2,"lengthInKm":0.10704381182876538,"minElevation":2094.49559558079,"maxElevation":2237.4957588416046,"combinedElevationChange":11.424043260803046}}}},"minElevation":1558.2487431681502,"maxElevation":2534.5657064320576},"lifts":{"byType":{"gondola":{"count":2,"lengthInKm":3.176295731309711,"minElevation":1237.565454921608,"maxElevation":1919.344744844795,"combinedElevationChange":1107.8933287838854},"chair_lift":{"count":12,"lengthInKm":11.964826900293591,"minElevation":1553.825056428767,"maxElevation":2486.6322313520764,"combinedElevationChange":3173.663310246392},"drag_lift":{"count":6,"lengthInKm":3.2439118652796735,"minElevation":1893.2452799999487,"maxElevation":2339.2381706368255,"combinedElevationChange":773.0829379614327},"cable_car":{"count":1,"lengthInKm":2.3879046138398796,"minElevation":2066.005541440008,"maxElevation":2492.951279404874,"combinedElevationChange":426.9457379648661},"platter":{"count":1,"lengthInKm":0.39896484807186156,"minElevation":2450.0787449600393,"maxElevation":2534.5657064320576,"combinedElevationChange":84.48696147201827},"magic_carpet":{"count":9,"lengthInKm":0.70647313191135,"minElevation":1893.7999852414912,"maxElevation":2077.4390097648143,"combinedElevationChange":66.60550960032651}},"minElevation":1237.565454921608,"maxElevation":2534.5657064320576},"maxElevation":2534.5657064320576,"minElevation":1558.2487431681502}},"type":"Feature","geometry":{"coordinates":[1.4533222792924878,42.545759697593475],"type":"Point"}}],"sources":[{"type":"openstreetmap","id":"way/52010729"}],"location":null,"websites":[],"id":"f0be0158a0eddf6c308202db075b32f29e800d80"},"geometry":{"type":"LineString","coordinates":[[1.4456039999999994,42.5463195,1900.717565119977],[1.4459541999999994,42.5459266,1908.48046410877],[1.4463043999999996,42.545533700000014,1919.713286073494],[1.4479446999999992,42.5436933,1998.2190002095642],[1.4487809999999999,42.542755100000015,2052.7328399996845],[1.4496928999999996,42.541732,2101.8386399998244],[1.4504658,42.540864699999986,2157.239560000324],[1.4513489999999998,42.5398737,2220.271047711918],[1.4517796999999992,42.5393905,2242.4362154558817],[1.4521861,42.5389345,2262.185254863872]]}}
,
{"type":"Feature","properties":{"type":"lift","liftType":"chair_lift","status":"operating","name":"El Cubil","oneway":null,"ref":null,"description":null,"occupancy":6,"capacity":null,"duration":null,"bubble":null,"heating":null,"color":"hsl(0, 82%, 42%)","skiAreas":[{"properties":{"activities":["downhill"],"generated":false,"id":"5ecb06388006e4740e7ce8234e26d036ce85edb7","location":null,"name":"Pal-Arinsal","runConvention":"europe","sources":[{"type":"openstreetmap","id":"relation/4638280"},{"type":"skimap.org","id":1807}],"status":"operating","type":"skiArea","websites":["http://www.vallnord.com/"],"statistics":{"runs":{"byActivity":{"downhill":{"byDifficulty":{"easy":{"count":29,"lengthInKm":20.858363377830223,"minElevation":1558.2487431681502,"maxElevation":2491.0273591680307,"combinedElevationChange":3693.1728125839886},"novice":{"count":9,"lengthInKm":3.172775951105538,"maxElevation":2256.4535199999787,"combinedElevationChange":479.4833746895015,"minElevation":1789.827260979216},"advanced":{"count":3,"lengthInKm":2.5787306934661585,"minElevation":1937.2300800002456,"maxElevation":2534.5657064320576,"combinedElevationChange":807.8002905404903},"intermediate":{"count":21,"lengthInKm":12.346787808472106,"minElevation":1844.9715935855613,"maxElevation":2489.9201663711965,"combinedElevationChange":3641.880392795686},"other":{"count":2,"lengthInKm":0.10704381182876538,"minElevation":2094.49559558079,"maxElevation":2237.4957588416046,"combinedElevationChange":11.424043260803046}}}},"minElevation":1558.2487431681502,"maxElevation":2534.5657064320576},"lifts":{"byType":{"gondola":{"count":2,"lengthInKm":3.176295731309711,"minElevation":1237.565454921608,"maxElevation":1919.344744844795,"combinedElevationChange":1107.8933287838854},"chair_lift":{"count":12,"lengthInKm":11.964826900293591,"minElevation":1553.825056428767,"maxElevation":2486.6322313520764,"combinedElevationChange":3173.663310246392},"drag_lift":{"count":6,"lengthInKm":3.2439118652796735,"minElevation":1893.2452799999487,"maxElevation":2339.2381706368255,"combinedElevationChange":773.0829379614327},"cable_car":{"count":1,"lengthInKm":2.3879046138398796,"minElevation":2066.005541440008,"maxElevation":2492.951279404874,"combinedElevationChange":426.9457379648661},"platter":{"count":1,"lengthInKm":0.39896484807186156,"minElevation":2450.0787449600393,"maxElevation":2534.5657064320576,"combinedElevationChange":84.48696147201827},"magic_carpet":{"count":9,"lengthInKm":0.70647313191135,"minElevation":1893.7999852414912,"maxElevation":2077.4390097648143,"combinedElevationChange":66.60550960032651}},"minElevation":1237.565454921608,"maxElevation":2534.5657064320576},"maxElevation":2534.5657064320576,"minElevation":1558.2487431681502}},"type":"Feature","geometry":{"coordinates":[1.4533222792924878,42.545759697593475],"type":"Point"}}],"sources":[{"type":"openstreetmap","id":"way/52010876"}],"location":null,"websites":[],"id":"f3d4aa046acd2d5e3ee0ce6caaf8ec4a4df619ef"},"geometry":{"type":"LineString","coordinates":[[1.4688949999999996,42.5339072,1889.6454995199717],[1.4684686999999996,42.5336613,1902.6511600000658],[1.4678894999999996,42.5333272,1923.4915205758934],[1.4668911999999994,42.5327514,1956.0410399998798],[1.4655585999999998,42.5319827,1992.217581177583],[1.4643901,42.53130870000001,2025.5353999998197],[1.4630442999999993,42.530532500000014,2079.3187568396916],[1.4619832999999995,42.5299204,2143.953780063934],[1.4606184,42.52913310000002,2199.6793976828276],[1.4592581,42.52834840000001,2253.920279999833],[1.4579440999999993,42.5275905,2297.1268399999462],[1.4567553,42.5269047,2336.4983041344135],[1.4565827,42.52680510000001,2337.756195739195],[1.4563912999999993,42.5266947,2339.8739159856027]]}}
,
{"type":"Feature","properties":{"type":"lift","liftType":"chair_lift","status":"operating","name":"les Fonts","oneway":null,"ref":null,"description":null,"occupancy":6,"capacity":null,"duration":null,"bubble":null,"heating":null,"color":"hsl(0, 82%, 42%)","skiAreas":[{"properties":{"activities":["downhill"],"generated":false,"id":"5ecb06388006e4740e7ce8234e26d036ce85edb7","location":null,"name":"Pal-Arinsal","runConvention":"europe","sources":[{"type":"openstreetmap","id":"relation/4638280"},{"type":"skimap.org","id":1807}],"status":"operating","type":"skiArea","websites":["http://www.vallnord.com/"],"statistics":{"runs":{"byActivity":{"downhill":{"byDifficulty":{"easy":{"count":29,"lengthInKm":20.858363377830223,"minElevation":1558.2487431681502,"maxElevation":2491.0273591680307,"combinedElevationChange":3693.1728125839886},"novice":{"count":9,"lengthInKm":3.172775951105538,"maxElevation":2256.4535199999787,"combinedElevationChange":479.4833746895015,"minElevation":1789.827260979216},"advanced":{"count":3,"lengthInKm":2.5787306934661585,"minElevation":1937.2300800002456,"maxElevation":2534.5657064320576,"combinedElevationChange":807.8002905404903},"intermediate":{"count":21,"lengthInKm":12.346787808472106,"minElevation":1844.9715935855613,"maxElevation":2489.9201663711965,"combinedElevationChange":3641.880392795686},"other":{"count":2,"lengthInKm":0.10704381182876538,"minElevation":2094.49559558079,"maxElevation":2237.4957588416046,"combinedElevationChange":11.424043260803046}}}},"minElevation":1558.2487431681502,"maxElevation":2534.5657064320576},"lifts":{"byType":{"gondola":{"count":2,"lengthInKm":3.176295731309711,"minElevation":1237.565454921608,"maxElevation":1919.344744844795,"combinedElevationChange":1107.8933287838854},"chair_lift":{"count":12,"lengthInKm":11.964826900293591,"minElevation":1553.825056428767,"maxElevation":2486.6322313520764,"combinedElevationChange":3173.663310246392},"drag_lift":{"count":6,"lengthInKm":3.2439118652796735,"minElevation":1893.2452799999487,"maxElevation":2339.2381706368255,"combinedElevationChange":773.0829379614327},"cable_car":{"count":1,"lengthInKm":2.3879046138398796,"minElevation":2066.005541440008,"maxElevation":2492.951279404874,"combinedElevationChange":426.9457379648661},"platter":{"count":1,"lengthInKm":0.39896484807186156,"minElevation":2450.0787449600393,"maxElevation":2534.5657064320576,"combinedElevationChange":84.48696147201827},"magic_carpet":{"count":9,"lengthInKm":0.70647313191135,"minElevation":1893.7999852414912,"maxElevation":2077.4390097648143,"combinedElevationChange":66.60550960032651}},"minElevation":1237.565454921608,"maxElevation":2534.5657064320576},"maxElevation":2534.5657064320576,"minElevation":1558.2487431681502}},"type":"Feature","geometry":{"coordinates":[1.4533222792924878,42.545759697593475],"type":"Point"}}],"sources":[{"type":"openstreetmap","id":"way/52038527"}],"location":null,"websites":[],"id":"ef0fe8c43eea6b32f54eac08e8ef27e38a19ea28"},"geometry":{"type":"LineString","coordinates":[[1.4709668999999996,42.57243190000001,1927.0767254687667],[1.4700902999999996,42.57233260000002,1935.6516951551066],[1.4689127,42.5721914,1971.8871914911501],[1.4679561999999995,42.57207670000001,2004.9334186015801],[1.4669316999999993,42.57195390000001,2021.0607617551334],[1.4657139999999995,42.571807899999996,2043.6959600001571],[1.4642053,42.5716269,2080.0012734640673],[1.4628586,42.571465499999995,2102.08900676805],[1.4609364999999996,42.571235,2124.1887335999845],[1.4595057999999996,42.57106339999999,2155.170621651093],[1.4578235999999993,42.570861699999995,2203.2660628543617],[1.4567059,42.5707276,2222.8256815935943],[1.4551061999999995,42.570535800000016,2254.4655294017157],[1.4538952999999992,42.5703906,2272.5862000001057],[1.4521311999999995,42.57017910000001,2295.295685043293],[1.4510031999999995,42.5700438,2307.0293176320197]]}}
,
{"type":"Feature","properties":{"type":"lift","liftType":"chair_lift","status":"operating","name":"el Cortal","oneway":null,"ref":null,"description":null,"occupancy":4,"capacity":null,"duration":null,"bubble":null,"heating":null,"color":"hsl(0, 82%, 42%)","skiAreas":[{"properties":{"activities":["downhill"],"generated":false,"id":"5ecb06388006e4740e7ce8234e26d036ce85edb7","location":null,"name":"Pal-Arinsal","runConvention":"europe","sources":[{"type":"openstreetmap","id":"relation/4638280"},{"type":"skimap.org","id":1807}],"status":"operating","type":"skiArea","websites":["http://www.vallnord.com/"],"statistics":{"runs":{"byActivity":{"downhill":{"byDifficulty":{"easy":{"count":29,"lengthInKm":20.858363377830223,"minElevation":1558.2487431681502,"maxElevation":2491.0273591680307,"combinedElevationChange":3693.1728125839886},"novice":{"count":9,"lengthInKm":3.172775951105538,"maxElevation":2256.4535199999787,"combinedElevationChange":479.4833746895015,"minElevation":1789.827260979216},"advanced":{"count":3,"lengthInKm":2.5787306934661585,"minElevation":1937.2300800002456,"maxElevation":2534.5657064320576,"combinedElevationChange":807.8002905404903},"intermediate":{"count":21,"lengthInKm":12.346787808472106,"minElevation":1844.9715935855613,"maxElevation":2489.9201663711965,"combinedElevationChange":3641.880392795686},"other":{"count":2,"lengthInKm":0.10704381182876538,"minElevation":2094.49559558079,"maxElevation":2237.4957588416046,"combinedElevationChange":11.424043260803046}}}},"minElevation":1558.2487431681502,"maxElevation":2534.5657064320576},"lifts":{"byType":{"gondola":{"count":2,"lengthInKm":3.176295731309711,"minElevation":1237.565454921608,"maxElevation":1919.344744844795,"combinedElevationChange":1107.8933287838854},"chair_lift":{"count":12,"lengthInKm":11.964826900293591,"minElevation":1553.825056428767,"maxElevation":2486.6322313520764,"combinedElevationChange":3173.663310246392},"drag_lift":{"count":6,"lengthInKm":3.2439118652796735,"minElevation":1893.2452799999487,"maxElevation":2339.2381706368255,"combinedElevationChange":773.0829379614327},"cable_car":{"count":1,"lengthInKm":2.3879046138398796,"minElevation":2066.005541440008,"maxElevation":2492.951279404874,"combinedElevationChange":426.9457379648661},"platter":{"count":1,"lengthInKm":0.39896484807186156,"minElevation":2450.0787449600393,"maxElevation":2534.5657064320576,"combinedElevationChange":84.48696147201827},"magic_carpet":{"count":9,"lengthInKm":0.70647313191135,"minElevation":1893.7999852414912,"maxElevation":2077.4390097648143,"combinedElevationChange":66.60550960032651}},"minElevation":1237.565454921608,"maxElevation":2534.5657064320576},"maxElevation":2534.5657064320576,"minElevation":1558.2487431681502}},"type":"Feature","geometry":{"coordinates":[1.4533222792924878,42.545759697593475],"type":"Point"}}],"sources":[{"type":"openstreetmap","id":"way/52038627"}],"location":null,"websites":[],"id":"8b6a30e9cd71b61ae0d3dd7404c5d8a44126e1c2"},"geometry":{"type":"LineString","coordinates":[[1.4703624,42.5746083,1917.937402086358],[1.4697898999999996,42.574373,1934.9206884159955],[1.4689987999999996,42.574047799999995,1949.8597193856451],[1.4682997999999996,42.5737605,1963.839526431975],[1.4671513999999997,42.5732885,1989.3465483680445],[1.4660847,42.57285,2019.2806400000209],[1.4658545999999995,42.572755500000014,2025.2394002240528]]}}
,
{"type":"Feature","properties":{"type":"lift","liftType":"drag_lift","status":"operating","name":"la Serra","oneway":null,"ref":null,"description":null,"occupancy":null,"capacity":null,"duration":null,"bubble":null,"heating":null,"color":"hsl(0, 82%, 42%)","skiAreas":[{"properties":{"activities":["downhill"],"generated":false,"id":"5ecb06388006e4740e7ce8234e26d036ce85edb7","location":null,"name":"Pal-Arinsal","runConvention":"europe","sources":[{"type":"openstreetmap","id":"relation/4638280"},{"type":"skimap.org","id":1807}],"status":"operating","type":"skiArea","websites":["http://www.vallnord.com/"],"statistics":{"runs":{"byActivity":{"downhill":{"byDifficulty":{"easy":{"count":29,"lengthInKm":20.858363377830223,"minElevation":1558.2487431681502,"maxElevation":2491.0273591680307,"combinedElevationChange":3693.1728125839886},"novice":{"count":9,"lengthInKm":3.172775951105538,"maxElevation":2256.4535199999787,"combinedElevationChange":479.4833746895015,"minElevation":1789.827260979216},"advanced":{"count":3,"lengthInKm":2.5787306934661585,"minElevation":1937.2300800002456,"maxElevation":2534.5657064320576,"combinedElevationChange":807.8002905404903},"intermediate":{"count":21,"lengthInKm":12.346787808472106,"minElevation":1844.9715935855613,"maxElevation":2489.9201663711965,"combinedElevationChange":3641.880392795686},"other":{"count":2,"lengthInKm":0.10704381182876538,"minElevation":2094.49559558079,"maxElevation":2237.4957588416046,"combinedElevationChange":11.424043260803046}}}},"minElevation":1558.2487431681502,"maxElevation":2534.5657064320576},"lifts":{"byType":{"gondola":{"count":2,"lengthInKm":3.176295731309711,"minElevation":1237.565454921608,"maxElevation":1919.344744844795,"combinedElevationChange":1107.8933287838854},"chair_lift":{"count":12,"lengthInKm":11.964826900293591,"minElevation":1553.825056428767,"maxElevation":2486.6322313520764,"combinedElevationChange":3173.663310246392},"drag_lift":{"count":6,"lengthInKm":3.2439118652796735,"minElevation":1893.2452799999487,"maxElevation":2339.2381706368255,"combinedElevationChange":773.0829379614327},"cable_car":{"count":1,"lengthInKm":2.3879046138398796,"minElevation":2066.005541440008,"maxElevation":2492.951279404874,"combinedElevationChange":426.9457379648661},"platter":{"count":1,"lengthInKm":0.39896484807186156,"minElevation":2450.0787449600393,"maxElevation":2534.5657064320576,"combinedElevationChange":84.48696147201827},"magic_carpet":{"count":9,"lengthInKm":0.70647313191135,"minElevation":1893.7999852414912,"maxElevation":2077.4390097648143,"combinedElevationChange":66.60550960032651}},"minElevation":1237.565454921608,"maxElevation":2534.5657064320576},"maxElevation":2534.5657064320576,"minElevation":1558.2487431681502}},"type":"Feature","geometry":{"coordinates":[1.4533222792924878,42.545759697593475],"type":"Point"}}],"sources":[{"type":"openstreetmap","id":"way/52112646"}],"location":null,"websites":[],"id":"d7f25c972d8acbe8d7548d00ced4d7f55c4d42be"},"geometry":{"type":"LineString","coordinates":[[1.4700297999999996,42.5338531,1893.2452799999487],[1.4738144999999996,42.5305625,2078.3143999999547]]}}
,
{"type":"Feature","properties":{"type":"lift","liftType":"drag_lift","status":"operating","name":"el Cubil","oneway":null,"ref":null,"description":null,"occupancy":null,"capacity":null,"duration":null,"bubble":null,"heating":null,"color":"hsl(0, 82%, 42%)","skiAreas":[{"properties":{"activities":["downhill"],"generated":false,"id":"5ecb06388006e4740e7ce8234e26d036ce85edb7","location":null,"name":"Pal-Arinsal","runConvention":"europe","sources":[{"type":"openstreetmap","id":"relation/4638280"},{"type":"skimap.org","id":1807}],"status":"operating","type":"skiArea","websites":["http://www.vallnord.com/"],"statistics":{"runs":{"byActivity":{"downhill":{"byDifficulty":{"easy":{"count":29,"lengthInKm":20.858363377830223,"minElevation":1558.2487431681502,"maxElevation":2491.0273591680307,"combinedElevationChange":3693.1728125839886},"novice":{"count":9,"lengthInKm":3.172775951105538,"maxElevation":2256.4535199999787,"combinedElevationChange":479.4833746895015,"minElevation":1789.827260979216},"advanced":{"count":3,"lengthInKm":2.5787306934661585,"minElevation":1937.2300800002456,"maxElevation":2534.5657064320576,"combinedElevationChange":807.8002905404903},"intermediate":{"count":21,"lengthInKm":12.346787808472106,"minElevation":1844.9715935855613,"maxElevation":2489.9201663711965,"combinedElevationChange":3641.880392795686},"other":{"count":2,"lengthInKm":0.10704381182876538,"minElevation":2094.49559558079,"maxElevation":2237.4957588416046,"combinedElevationChange":11.424043260803046}}}},"minElevation":1558.2487431681502,"maxElevation":2534.5657064320576},"lifts":{"byType":{"gondola":{"count":2,"lengthInKm":3.176295731309711,"minElevation":1237.565454921608,"maxElevation":1919.344744844795,"combinedElevationChange":1107.8933287838854},"chair_lift":{"count":12,"lengthInKm":11.964826900293591,"minElevation":1553.825056428767,"maxElevation":2486.6322313520764,"combinedElevationChange":3173.663310246392},"drag_lift":{"count":6,"lengthInKm":3.2439118652796735,"minElevation":1893.2452799999487,"maxElevation":2339.2381706368255,"combinedElevationChange":773.0829379614327},"cable_car":{"count":1,"lengthInKm":2.3879046138398796,"minElevation":2066.005541440008,"maxElevation":2492.951279404874,"combinedElevationChange":426.9457379648661},"platter":{"count":1,"lengthInKm":0.39896484807186156,"minElevation":2450.0787449600393,"maxElevation":2534.5657064320576,"combinedElevationChange":84.48696147201827},"magic_carpet":{"count":9,"lengthInKm":0.70647313191135,"minElevation":1893.7999852414912,"maxElevation":2077.4390097648143,"combinedElevationChange":66.60550960032651}},"minElevation":1237.565454921608,"maxElevation":2534.5657064320576},"maxElevation":2534.5657064320576,"minElevation":1558.2487431681502}},"type":"Feature","geometry":{"coordinates":[1.4533222792924878,42.545759697593475],"type":"Point"}}],"sources":[{"type":"openstreetmap","id":"way/52114939"}],"location":null,"websites":[],"id":"ea843303116cd0e4ff62aebf00768767886c43f5"},"geometry":{"type":"LineString","coordinates":[[1.4680286999999996,42.5313772,2001.5680117055542],[1.4671172,42.5309714,2020.3387191168492],[1.4658812999999993,42.5304212,2051.119076275235],[1.4628501,42.5290716,2153.0045056063454],[1.4620965,42.52873610000002,2183.4013924155624],[1.4609819,42.528239800000016,2225.345359999755],[1.4603811,42.527972300000016,2245.387232297399],[1.4593885,42.5275304,2272.424839999891],[1.4578954999999996,42.5268657,2315.743519999978],[1.4571686999999995,42.526542100000015,2331.538301676782],[1.4567085999999998,42.526337200000015,2339.2381706368255]]}}
,
{"type":"Feature","properties":{"type":"lift","liftType":"drag_lift","status":"operating","name":"els Coms","oneway":null,"ref":null,"description":null,"occupancy":null,"capacity":null,"duration":null,"bubble":null,"heating":null,"color":"hsl(0, 82%, 42%)","skiAreas":[{"properties":{"activities":["downhill"],"generated":false,"id":"5ecb06388006e4740e7ce8234e26d036ce85edb7","location":null,"name":"Pal-Arinsal","runConvention":"europe","sources":[{"type":"openstreetmap","id":"relation/4638280"},{"type":"skimap.org","id":1807}],"status":"operating","type":"skiArea","websites":["http://www.vallnord.com/"],"statistics":{"runs":{"byActivity":{"downhill":{"byDifficulty":{"easy":{"count":29,"lengthInKm":20.858363377830223,"minElevation":1558.2487431681502,"maxElevation":2491.0273591680307,"combinedElevationChange":3693.1728125839886},"novice":{"count":9,"lengthInKm":3.172775951105538,"maxElevation":2256.4535199999787,"combinedElevationChange":479.4833746895015,"minElevation":1789.827260979216},"advanced":{"count":3,"lengthInKm":2.5787306934661585,"minElevation":1937.2300800002456,"maxElevation":2534.5657064320576,"combinedElevationChange":807.8002905404903},"intermediate":{"count":21,"lengthInKm":12.346787808472106,"minElevation":1844.9715935855613,"maxElevation":2489.9201663711965,"combinedElevationChange":3641.880392795686},"other":{"count":2,"lengthInKm":0.10704381182876538,"minElevation":2094.49559558079,"maxElevation":2237.4957588416046,"combinedElevationChange":11.424043260803046}}}},"minElevation":1558.2487431681502,"maxElevation":2534.5657064320576},"lifts":{"byType":{"gondola":{"count":2,"lengthInKm":3.176295731309711,"minElevation":1237.565454921608,"maxElevation":1919.344744844795,"combinedElevationChange":1107.8933287838854},"chair_lift":{"count":12,"lengthInKm":11.964826900293591,"minElevation":1553.825056428767,"maxElevation":2486.6322313520764,"combinedElevationChange":3173.663310246392},"drag_lift":{"count":6,"lengthInKm":3.2439118652796735,"minElevation":1893.2452799999487,"maxElevation":2339.2381706368255,"combinedElevationChange":773.0829379614327},"cable_car":{"count":1,"lengthInKm":2.3879046138398796,"minElevation":2066.005541440008,"maxElevation":2492.951279404874,"combinedElevationChange":426.9457379648661},"platter":{"count":1,"lengthInKm":0.39896484807186156,"minElevation":2450.0787449600393,"maxElevation":2534.5657064320576,"combinedElevationChange":84.48696147201827},"magic_carpet":{"count":9,"lengthInKm":0.70647313191135,"minElevation":1893.7999852414912,"maxElevation":2077.4390097648143,"combinedElevationChange":66.60550960032651}},"minElevation":1237.565454921608,"maxElevation":2534.5657064320576},"maxElevation":2534.5657064320576,"minElevation":1558.2487431681502}},"type":"Feature","geometry":{"coordinates":[1.4533222792924878,42.545759697593475],"type":"Point"}}],"sources":[{"type":"openstreetmap","id":"way/52114942"}],"location":null,"websites":[],"id":"1ea7faa27d7bffdf77a392149b910d426f43011f"},"geometry":{"type":"LineString","coordinates":[[1.4601286999999996,42.5301064,2188.019030092787],[1.4554604999999996,42.52737300000001,2332.47185383987]]}}
,
{"type":"Feature","properties":{"type":"lift","liftType":"cable_car","status":"operating","name":"Arinsal-Pal","oneway":null,"ref":null,"description":null,"occupancy":50,"capacity":null,"duration":null,"bubble":null,"heating":null,"color":"hsl(0, 82%, 42%)","skiAreas":[{"properties":{"activities":["downhill"],"generated":false,"id":"5ecb06388006e4740e7ce8234e26d036ce85edb7","location":null,"name":"Pal-Arinsal","runConvention":"europe","sources":[{"type":"openstreetmap","id":"relation/4638280"},{"type":"skimap.org","id":1807}],"status":"operating","type":"skiArea","websites":["http://www.vallnord.com/"],"statistics":{"runs":{"byActivity":{"downhill":{"byDifficulty":{"easy":{"count":29,"lengthInKm":20.858363377830223,"minElevation":1558.2487431681502,"maxElevation":2491.0273591680307,"combinedElevationChange":3693.1728125839886},"novice":{"count":9,"lengthInKm":3.172775951105538,"maxElevation":2256.4535199999787,"combinedElevationChange":479.4833746895015,"minElevation":1789.827260979216},"advanced":{"count":3,"lengthInKm":2.5787306934661585,"minElevation":1937.2300800002456,"maxElevation":2534.5657064320576,"combinedElevationChange":807.8002905404903},"intermediate":{"count":21,"lengthInKm":12.346787808472106,"minElevation":1844.9715935855613,"maxElevation":2489.9201663711965,"combinedElevationChange":3641.880392795686},"other":{"count":2,"lengthInKm":0.10704381182876538,"minElevation":2094.49559558079,"maxElevation":2237.4957588416046,"combinedElevationChange":11.424043260803046}}}},"minElevation":1558.2487431681502,"maxElevation":2534.5657064320576},"lifts":{"byType":{"gondola":{"count":2,"lengthInKm":3.176295731309711,"minElevation":1237.565454921608,"maxElevation":1919.344744844795,"combinedElevationChange":1107.8933287838854},"chair_lift":{"count":12,"lengthInKm":11.964826900293591,"minElevation":1553.825056428767,"maxElevation":2486.6322313520764,"combinedElevationChange":3173.663310246392},"drag_lift":{"count":6,"lengthInKm":3.2439118652796735,"minElevation":1893.2452799999487,"maxElevation":2339.2381706368255,"combinedElevationChange":773.0829379614327},"cable_car":{"count":1,"lengthInKm":2.3879046138398796,"minElevation":2066.005541440008,"maxElevation":2492.951279404874,"combinedElevationChange":426.9457379648661},"platter":{"count":1,"lengthInKm":0.39896484807186156,"minElevation":2450.0787449600393,"maxElevation":2534.5657064320576,"combinedElevationChange":84.48696147201827},"magic_carpet":{"count":9,"lengthInKm":0.70647313191135,"minElevation":1893.7999852414912,"maxElevation":2077.4390097648143,"combinedElevationChange":66.60550960032651}},"minElevation":1237.565454921608,"maxElevation":2534.5657064320576},"maxElevation":2534.5657064320576,"minElevation":1558.2487431681502}},"type":"Feature","geometry":{"coordinates":[1.4533222792924878,42.545759697593475],"type":"Point"}}],"sources":[{"type":"openstreetmap","id":"way/52114952"}],"location":null,"websites":[],"id":"0f0f3f4c05a1b8f00c35c2b9b9b8e7ecdb72412a"},"geometry":{"type":"LineString","coordinates":[[1.4522639999999998,42.54531150000001,2066.005541440008],[1.4488574,42.5543684,2204.486806566293],[1.4446335,42.56559640000001,2474.68088457619],[1.4444791,42.5660066,2492.951279404874]]}}
,
{"type":"Feature","properties":{"type":"lift","liftType":"platter","status":"operating","name":"la Capa","oneway":null,"ref":null,"description":null,"occupancy":null,"capacity":null,"duration":null,"bubble":null,"heating":null,"color":"hsl(0, 82%, 42%)","skiAreas":[{"properties":{"activities":["downhill"],"generated":false,"id":"5ecb06388006e4740e7ce8234e26d036ce85edb7","location":null,"name":"Pal-Arinsal","runConvention":"europe","sources":[{"type":"openstreetmap","id":"relation/4638280"},{"type":"skimap.org","id":1807}],"status":"operating","type":"skiArea","websites":["http://www.vallnord.com/"],"statistics":{"runs":{"byActivity":{"downhill":{"byDifficulty":{"easy":{"count":29,"lengthInKm":20.858363377830223,"minElevation":1558.2487431681502,"maxElevation":2491.0273591680307,"combinedElevationChange":3693.1728125839886},"novice":{"count":9,"lengthInKm":3.172775951105538,"maxElevation":2256.4535199999787,"combinedElevationChange":479.4833746895015,"minElevation":1789.827260979216},"advanced":{"count":3,"lengthInKm":2.5787306934661585,"minElevation":1937.2300800002456,"maxElevation":2534.5657064320576,"combinedElevationChange":807.8002905404903},"intermediate":{"count":21,"lengthInKm":12.346787808472106,"minElevation":1844.9715935855613,"maxElevation":2489.9201663711965,"combinedElevationChange":3641.880392795686},"other":{"count":2,"lengthInKm":0.10704381182876538,"minElevation":2094.49559558079,"maxElevation":2237.4957588416046,"combinedElevationChange":11.424043260803046}}}},"minElevation":1558.2487431681502,"maxElevation":2534.5657064320576},"lifts":{"byType":{"gondola":{"count":2,"lengthInKm":3.176295731309711,"minElevation":1237.565454921608,"maxElevation":1919.344744844795,"combinedElevationChange":1107.8933287838854},"chair_lift":{"count":12,"lengthInKm":11.964826900293591,"minElevation":1553.825056428767,"maxElevation":2486.6322313520764,"combinedElevationChange":3173.663310246392},"drag_lift":{"count":6,"lengthInKm":3.2439118652796735,"minElevation":1893.2452799999487,"maxElevation":2339.2381706368255,"combinedElevationChange":773.0829379614327},"cable_car":{"count":1,"lengthInKm":2.3879046138398796,"minElevation":2066.005541440008,"maxElevation":2492.951279404874,"combinedElevationChange":426.9457379648661},"platter":{"count":1,"lengthInKm":0.39896484807186156,"minElevation":2450.0787449600393,"maxElevation":2534.5657064320576,"combinedElevationChange":84.48696147201827},"magic_carpet":{"count":9,"lengthInKm":0.70647313191135,"minElevation":1893.7999852414912,"maxElevation":2077.4390097648143,"combinedElevationChange":66.60550960032651}},"minElevation":1237.565454921608,"maxElevation":2534.5657064320576},"maxElevation":2534.5657064320576,"minElevation":1558.2487431681502}},"type":"Feature","geometry":{"coordinates":[1.4533222792924878,42.545759697593475],"type":"Point"}}],"sources":[{"type":"openstreetmap","id":"way/52121995"}],"location":null,"websites":[],"id":"82ed1c204b9499a0e06cfbd63d301791a430061f"},"geometry":{"type":"LineString","coordinates":[[1.4488784,42.5648595,2450.0787449600393],[1.4533577,42.563449,2534.5657064320576]]}}
,
{"type":"Feature","properties":{"type":"lift","liftType":"chair_lift","status":"operating","name":"la Tossa","oneway":null,"ref":null,"description":null,"occupancy":4,"capacity":null,"duration":null,"bubble":null,"heating":null,"color":"hsl(0, 82%, 42%)","skiAreas":[{"properties":{"activities":["downhill"],"generated":false,"id":"5ecb06388006e4740e7ce8234e26d036ce85edb7","location":null,"name":"Pal-Arinsal","runConvention":"europe","sources":[{"type":"openstreetmap","id":"relation/4638280"},{"type":"skimap.org","id":1807}],"status":"operating","type":"skiArea","websites":["http://www.vallnord.com/"],"statistics":{"runs":{"byActivity":{"downhill":{"byDifficulty":{"easy":{"count":29,"lengthInKm":20.858363377830223,"minElevation":1558.2487431681502,"maxElevation":2491.0273591680307,"combinedElevationChange":3693.1728125839886},"novice":{"count":9,"lengthInKm":3.172775951105538,"maxElevation":2256.4535199999787,"combinedElevationChange":479.4833746895015,"minElevation":1789.827260979216},"advanced":{"count":3,"lengthInKm":2.5787306934661585,"minElevation":1937.2300800002456,"maxElevation":2534.5657064320576,"combinedElevationChange":807.8002905404903},"intermediate":{"count":21,"lengthInKm":12.346787808472106,"minElevation":1844.9715935855613,"maxElevation":2489.9201663711965,"combinedElevationChange":3641.880392795686},"other":{"count":2,"lengthInKm":0.10704381182876538,"minElevation":2094.49559558079,"maxElevation":2237.4957588416046,"combinedElevationChange":11.424043260803046}}}},"minElevation":1558.2487431681502,"maxElevation":2534.5657064320576},"lifts":{"byType":{"gondola":{"count":2,"lengthInKm":3.176295731309711,"minElevation":1237.565454921608,"maxElevation":1919.344744844795,"combinedElevationChange":1107.8933287838854},"chair_lift":{"count":12,"lengthInKm":11.964826900293591,"minElevation":1553.825056428767,"maxElevation":2486.6322313520764,"combinedElevationChange":3173.663310246392},"drag_lift":{"count":6,"lengthInKm":3.2439118652796735,"minElevation":1893.2452799999487,"maxElevation":2339.2381706368255,"combinedElevationChange":773.0829379614327},"cable_car":{"count":1,"lengthInKm":2.3879046138398796,"minElevation":2066.005541440008,"maxElevation":2492.951279404874,"combinedElevationChange":426.9457379648661},"platter":{"count":1,"lengthInKm":0.39896484807186156,"minElevation":2450.0787449600393,"maxElevation":2534.5657064320576,"combinedElevationChange":84.48696147201827},"magic_carpet":{"count":9,"lengthInKm":0.70647313191135,"minElevation":1893.7999852414912,"maxElevation":2077.4390097648143,"combinedElevationChange":66.60550960032651}},"minElevation":1237.565454921608,"maxElevation":2534.5657064320576},"maxElevation":2534.5657064320576,"minElevation":1558.2487431681502}},"type":"Feature","geometry":{"coordinates":[1.4533222792924878,42.545759697593475],"type":"Point"}}],"sources":[{"type":"openstreetmap","id":"way/52692961"}],"location":null,"websites":[],"id":"12c117b59e6340e1491c6075b9b19783bb4ac035"},"geometry":{"type":"LineString","coordinates":[[1.4709073,42.572291,1928.8216981440019],[1.4696986999999992,42.57196,1961.4001600001277],[1.4684416999999996,42.5716157,2011.4830592174715],[1.4670343999999993,42.5712303,2043.6992130686172],[1.4661412999999996,42.5709857,2070.7442257679295],[1.4654189,42.5707878,2098.536806249712],[1.4638565,42.570359900000014,2117.34346324759],[1.4626342999999993,42.5700251,2133.1490437359216],[1.4610412999999995,42.56958880000001,2152.7888059775114],[1.4602906999999996,42.56938320000001,2168.752616729539],[1.4593910999999993,42.56913680000002,2182.2442399997212],[1.4591641999999994,42.5690747,2185.6723400095602]]}}
,
{"type":"Feature","properties":{"type":"lift","liftType":"drag_lift","status":"operating","name":"els Planels","oneway":null,"ref":null,"description":null,"occupancy":null,"capacity":null,"duration":null,"bubble":null,"heating":null,"color":"hsl(0, 82%, 42%)","skiAreas":[{"properties":{"activities":["downhill"],"generated":false,"id":"5ecb06388006e4740e7ce8234e26d036ce85edb7","location":null,"name":"Pal-Arinsal","runConvention":"europe","sources":[{"type":"openstreetmap","id":"relation/4638280"},{"type":"skimap.org","id":1807}],"status":"operating","type":"skiArea","websites":["http://www.vallnord.com/"],"statistics":{"runs":{"byActivity":{"downhill":{"byDifficulty":{"easy":{"count":29,"lengthInKm":20.858363377830223,"minElevation":1558.2487431681502,"maxElevation":2491.0273591680307,"combinedElevationChange":3693.1728125839886},"novice":{"count":9,"lengthInKm":3.172775951105538,"maxElevation":2256.4535199999787,"combinedElevationChange":479.4833746895015,"minElevation":1789.827260979216},"advanced":{"count":3,"lengthInKm":2.5787306934661585,"minElevation":1937.2300800002456,"maxElevation":2534.5657064320576,"combinedElevationChange":807.8002905404903},"intermediate":{"count":21,"lengthInKm":12.346787808472106,"minElevation":1844.9715935855613,"maxElevation":2489.9201663711965,"combinedElevationChange":3641.880392795686},"other":{"count":2,"lengthInKm":0.10704381182876538,"minElevation":2094.49559558079,"maxElevation":2237.4957588416046,"combinedElevationChange":11.424043260803046}}}},"minElevation":1558.2487431681502,"maxElevation":2534.5657064320576},"lifts":{"byType":{"gondola":{"count":2,"lengthInKm":3.176295731309711,"minElevation":1237.565454921608,"maxElevation":1919.344744844795,"combinedElevationChange":1107.8933287838854},"chair_lift":{"count":12,"lengthInKm":11.964826900293591,"minElevation":1553.825056428767,"maxElevation":2486.6322313520764,"combinedElevationChange":3173.663310246392},"drag_lift":{"count":6,"lengthInKm":3.2439118652796735,"minElevation":1893.2452799999487,"maxElevation":2339.2381706368255,"combinedElevationChange":773.0829379614327},"cable_car":{"count":1,"lengthInKm":2.3879046138398796,"minElevation":2066.005541440008,"maxElevation":2492.951279404874,"combinedElevationChange":426.9457379648661},"platter":{"count":1,"lengthInKm":0.39896484807186156,"minElevation":2450.0787449600393,"maxElevation":2534.5657064320576,"combinedElevationChange":84.48696147201827},"magic_carpet":{"count":9,"lengthInKm":0.70647313191135,"minElevation":1893.7999852414912,"maxElevation":2077.4390097648143,"combinedElevationChange":66.60550960032651}},"minElevation":1237.565454921608,"maxElevation":2534.5657064320576},"maxElevation":2534.5657064320576,"minElevation":1558.2487431681502}},"type":"Feature","geometry":{"coordinates":[1.4533222792924878,42.545759697593475],"type":"Point"}}],"sources":[{"type":"openstreetmap","id":"way/52692965"}],"location":null,"websites":[],"id":"95a433421eb4b2e35d4d3e3bf07b5dd9b20d374c"},"geometry":{"type":"LineString","coordinates":[[1.4563595999999999,42.5699114,2229.251755712055],[1.4508095999999995,42.56924830000001,2301.0023017856547]]}}
,
{"type":"Feature","properties":{"type":"lift","liftType":"drag_lift","status":"operating","name":"La Tossa I","oneway":null,"ref":null,"description":null,"occupancy":null,"capacity":null,"duration":null,"bubble":null,"heating":null,"color":"hsl(0, 82%, 42%)","skiAreas":[{"properties":{"activities":["downhill"],"generated":false,"id":"5ecb06388006e4740e7ce8234e26d036ce85edb7","location":null,"name":"Pal-Arinsal","runConvention":"europe","sources":[{"type":"openstreetmap","id":"relation/4638280"},{"type":"skimap.org","id":1807}],"status":"operating","type":"skiArea","websites":["http://www.vallnord.com/"],"statistics":{"runs":{"byActivity":{"downhill":{"byDifficulty":{"easy":{"count":29,"lengthInKm":20.858363377830223,"minElevation":1558.2487431681502,"maxElevation":2491.0273591680307,"combinedElevationChange":3693.1728125839886},"novice":{"count":9,"lengthInKm":3.172775951105538,"maxElevation":2256.4535199999787,"combinedElevationChange":479.4833746895015,"minElevation":1789.827260979216},"advanced":{"count":3,"lengthInKm":2.5787306934661585,"minElevation":1937.2300800002456,"maxElevation":2534.5657064320576,"combinedElevationChange":807.8002905404903},"intermediate":{"count":21,"lengthInKm":12.346787808472106,"minElevation":1844.9715935855613,"maxElevation":2489.9201663711965,"combinedElevationChange":3641.880392795686},"other":{"count":2,"lengthInKm":0.10704381182876538,"minElevation":2094.49559558079,"maxElevation":2237.4957588416046,"combinedElevationChange":11.424043260803046}}}},"minElevation":1558.2487431681502,"maxElevation":2534.5657064320576},"lifts":{"byType":{"gondola":{"count":2,"lengthInKm":3.176295731309711,"minElevation":1237.565454921608,"maxElevation":1919.344744844795,"combinedElevationChange":1107.8933287838854},"chair_lift":{"count":12,"lengthInKm":11.964826900293591,"minElevation":1553.825056428767,"maxElevation":2486.6322313520764,"combinedElevationChange":3173.663310246392},"drag_lift":{"count":6,"lengthInKm":3.2439118652796735,"minElevation":1893.2452799999487,"maxElevation":2339.2381706368255,"combinedElevationChange":773.0829379614327},"cable_car":{"count":1,"lengthInKm":2.3879046138398796,"minElevation":2066.005541440008,"maxElevation":2492.951279404874,"combinedElevationChange":426.9457379648661},"platter":{"count":1,"lengthInKm":0.39896484807186156,"minElevation":2450.0787449600393,"maxElevation":2534.5657064320576,"combinedElevationChange":84.48696147201827},"magic_carpet":{"count":9,"lengthInKm":0.70647313191135,"minElevation":1893.7999852414912,"maxElevation":2077.4390097648143,"combinedElevationChange":66.60550960032651}},"minElevation":1237.565454921608,"maxElevation":2534.5657064320576},"maxElevation":2534.5657064320576,"minElevation":1558.2487431681502}},"type":"Feature","geometry":{"coordinates":[1.4533222792924878,42.545759697593475],"type":"Point"}}],"sources":[{"type":"openstreetmap","id":"way/98007155"}],"location":null,"websites":[],"id":"ed6d71389df621b36219a3afe894dc69a0681833"},"geometry":{"type":"LineString","coordinates":[[1.4541658,42.5310252,2295.690720000007],[1.4521031,42.53396230000001,2312.627373835123]]}}
,
{"type":"Feature","properties":{"type":"lift","liftType":"magic_carpet","status":"operating","name":"el Planell I","oneway":null,"ref":null,"description":null,"occupancy":null,"capacity":null,"duration":null,"bubble":null,"heating":null,"color":"hsl(0, 82%, 42%)","skiAreas":[{"properties":{"activities":["downhill"],"generated":false,"id":"5ecb06388006e4740e7ce8234e26d036ce85edb7","location":null,"name":"Pal-Arinsal","runConvention":"europe","sources":[{"type":"openstreetmap","id":"relation/4638280"},{"type":"skimap.org","id":1807}],"status":"operating","type":"skiArea","websites":["http://www.vallnord.com/"],"statistics":{"runs":{"byActivity":{"downhill":{"byDifficulty":{"easy":{"count":29,"lengthInKm":20.858363377830223,"minElevation":1558.2487431681502,"maxElevation":2491.0273591680307,"combinedElevationChange":3693.1728125839886},"novice":{"count":9,"lengthInKm":3.172775951105538,"maxElevation":2256.4535199999787,"combinedElevationChange":479.4833746895015,"minElevation":1789.827260979216},"advanced":{"count":3,"lengthInKm":2.5787306934661585,"minElevation":1937.2300800002456,"maxElevation":2534.5657064320576,"combinedElevationChange":807.8002905404903},"intermediate":{"count":21,"lengthInKm":12.346787808472106,"minElevation":1844.9715935855613,"maxElevation":2489.9201663711965,"combinedElevationChange":3641.880392795686},"other":{"count":2,"lengthInKm":0.10704381182876538,"minElevation":2094.49559558079,"maxElevation":2237.4957588416046,"combinedElevationChange":11.424043260803046}}}},"minElevation":1558.2487431681502,"maxElevation":2534.5657064320576},"lifts":{"byType":{"gondola":{"count":2,"lengthInKm":3.176295731309711,"minElevation":1237.565454921608,"maxElevation":1919.344744844795,"combinedElevationChange":1107.8933287838854},"chair_lift":{"count":12,"lengthInKm":11.964826900293591,"minElevation":1553.825056428767,"maxElevation":2486.6322313520764,"combinedElevationChange":3173.663310246392},"drag_lift":{"count":6,"lengthInKm":3.2439118652796735,"minElevation":1893.2452799999487,"maxElevation":2339.2381706368255,"combinedElevationChange":773.0829379614327},"cable_car":{"count":1,"lengthInKm":2.3879046138398796,"minElevation":2066.005541440008,"maxElevation":2492.951279404874,"combinedElevationChange":426.9457379648661},"platter":{"count":1,"lengthInKm":0.39896484807186156,"minElevation":2450.0787449600393,"maxElevation":2534.5657064320576,"combinedElevationChange":84.48696147201827},"magic_carpet":{"count":9,"lengthInKm":0.70647313191135,"minElevation":1893.7999852414912,"maxElevation":2077.4390097648143,"combinedElevationChange":66.60550960032651}},"minElevation":1237.565454921608,"maxElevation":2534.5657064320576},"maxElevation":2534.5657064320576,"minElevation":1558.2487431681502}},"type":"Feature","geometry":{"coordinates":[1.4533222792924878,42.545759697593475],"type":"Point"}}],"sources":[{"type":"openstreetmap","id":"way/98007176"}],"location":null,"websites":[],"id":"586aa279a2ee52db94e8298fdeb787bc62195dfe"},"geometry":{"type":"LineString","coordinates":[[1.4912025,42.5356267,1906.9755199999763],[1.4897882999999996,42.5348979,1922.7891199999808]]}}
,
{"type":"Feature","properties":{"type":"lift","liftType":"magic_carpet","status":"operating","name":"Pedres Blanques II","oneway":null,"ref":null,"description":null,"occupancy":null,"capacity":null,"duration":null,"bubble":null,"heating":null,"color":"hsl(0, 82%, 42%)","skiAreas":[{"properties":{"activities":["downhill"],"generated":false,"id":"5ecb06388006e4740e7ce8234e26d036ce85edb7","location":null,"name":"Pal-Arinsal","runConvention":"europe","sources":[{"type":"openstreetmap","id":"relation/4638280"},{"type":"skimap.org","id":1807}],"status":"operating","type":"skiArea","websites":["http://www.vallnord.com/"],"statistics":{"runs":{"byActivity":{"downhill":{"byDifficulty":{"easy":{"count":29,"lengthInKm":20.858363377830223,"minElevation":1558.2487431681502,"maxElevation":2491.0273591680307,"combinedElevationChange":3693.1728125839886},"novice":{"count":9,"lengthInKm":3.172775951105538,"maxElevation":2256.4535199999787,"combinedElevationChange":479.4833746895015,"minElevation":1789.827260979216},"advanced":{"count":3,"lengthInKm":2.5787306934661585,"minElevation":1937.2300800002456,"maxElevation":2534.5657064320576,"combinedElevationChange":807.8002905404903},"intermediate":{"count":21,"lengthInKm":12.346787808472106,"minElevation":1844.9715935855613,"maxElevation":2489.9201663711965,"combinedElevationChange":3641.880392795686},"other":{"count":2,"lengthInKm":0.10704381182876538,"minElevation":2094.49559558079,"maxElevation":2237.4957588416046,"combinedElevationChange":11.424043260803046}}}},"minElevation":1558.2487431681502,"maxElevation":2534.5657064320576},"lifts":{"byType":{"gondola":{"count":2,"lengthInKm":3.176295731309711,"minElevation":1237.565454921608,"maxElevation":1919.344744844795,"combinedElevationChange":1107.8933287838854},"chair_lift":{"count":12,"lengthInKm":11.964826900293591,"minElevation":1553.825056428767,"maxElevation":2486.6322313520764,"combinedElevationChange":3173.663310246392},"drag_lift":{"count":6,"lengthInKm":3.2439118652796735,"minElevation":1893.2452799999487,"maxElevation":2339.2381706368255,"combinedElevationChange":773.0829379614327},"cable_car":{"count":1,"lengthInKm":2.3879046138398796,"minElevation":2066.005541440008,"maxElevation":2492.951279404874,"combinedElevationChange":426.9457379648661},"platter":{"count":1,"lengthInKm":0.39896484807186156,"minElevation":2450.0787449600393,"maxElevation":2534.5657064320576,"combinedElevationChange":84.48696147201827},"magic_carpet":{"count":9,"lengthInKm":0.70647313191135,"minElevation":1893.7999852414912,"maxElevation":2077.4390097648143,"combinedElevationChange":66.60550960032651}},"minElevation":1237.565454921608,"maxElevation":2534.5657064320576},"maxElevation":2534.5657064320576,"minElevation":1558.2487431681502}},"type":"Feature","geometry":{"coordinates":[1.4533222792924878,42.545759697593475],"type":"Point"}}],"sources":[{"type":"openstreetmap","id":"way/261555164"}],"location":null,"websites":[],"id":"96846973551ccbcbe52024670bf4493e3eae5393"},"geometry":{"type":"LineString","coordinates":[[1.4911313999999996,42.53835640000001,1893.7999852414912],[1.4907025,42.5377977,1894.900840000015]]}}
,
{"type":"Feature","properties":{"type":"lift","liftType":"magic_carpet","status":"operating","name":"Pla de la Cot I","oneway":null,"ref":null,"description":null,"occupancy":null,"capacity":null,"duration":null,"bubble":null,"heating":false,"color":"hsl(0, 82%, 42%)","skiAreas":[{"properties":{"activities":["downhill"],"generated":false,"id":"5ecb06388006e4740e7ce8234e26d036ce85edb7","location":null,"name":"Pal-Arinsal","runConvention":"europe","sources":[{"type":"openstreetmap","id":"relation/4638280"},{"type":"skimap.org","id":1807}],"status":"operating","type":"skiArea","websites":["http://www.vallnord.com/"],"statistics":{"runs":{"byActivity":{"downhill":{"byDifficulty":{"easy":{"count":29,"lengthInKm":20.858363377830223,"minElevation":1558.2487431681502,"maxElevation":2491.0273591680307,"combinedElevationChange":3693.1728125839886},"novice":{"count":9,"lengthInKm":3.172775951105538,"maxElevation":2256.4535199999787,"combinedElevationChange":479.4833746895015,"minElevation":1789.827260979216},"advanced":{"count":3,"lengthInKm":2.5787306934661585,"minElevation":1937.2300800002456,"maxElevation":2534.5657064320576,"combinedElevationChange":807.8002905404903},"intermediate":{"count":21,"lengthInKm":12.346787808472106,"minElevation":1844.9715935855613,"maxElevation":2489.9201663711965,"combinedElevationChange":3641.880392795686},"other":{"count":2,"lengthInKm":0.10704381182876538,"minElevation":2094.49559558079,"maxElevation":2237.4957588416046,"combinedElevationChange":11.424043260803046}}}},"minElevation":1558.2487431681502,"maxElevation":2534.5657064320576},"lifts":{"byType":{"gondola":{"count":2,"lengthInKm":3.176295731309711,"minElevation":1237.565454921608,"maxElevation":1919.344744844795,"combinedElevationChange":1107.8933287838854},"chair_lift":{"count":12,"lengthInKm":11.964826900293591,"minElevation":1553.825056428767,"maxElevation":2486.6322313520764,"combinedElevationChange":3173.663310246392},"drag_lift":{"count":6,"lengthInKm":3.2439118652796735,"minElevation":1893.2452799999487,"maxElevation":2339.2381706368255,"combinedElevationChange":773.0829379614327},"cable_car":{"count":1,"lengthInKm":2.3879046138398796,"minElevation":2066.005541440008,"maxElevation":2492.951279404874,"combinedElevationChange":426.9457379648661},"platter":{"count":1,"lengthInKm":0.39896484807186156,"minElevation":2450.0787449600393,"maxElevation":2534.5657064320576,"combinedElevationChange":84.48696147201827},"magic_carpet":{"count":9,"lengthInKm":0.70647313191135,"minElevation":1893.7999852414912,"maxElevation":2077.4390097648143,"combinedElevationChange":66.60550960032651}},"minElevation":1237.565454921608,"maxElevation":2534.5657064320576},"maxElevation":2534.5657064320576,"minElevation":1558.2487431681502}},"type":"Feature","geometry":{"coordinates":[1.4533222792924878,42.545759697593475],"type":"Point"}}],"sources":[{"type":"openstreetmap","id":"way/261556519"}],"location":null,"websites":[],"id":"db243d322e3ae09544a43f847b088a29145a304e"},"geometry":{"type":"LineString","coordinates":[[1.4730051999999998,42.5298219,2071.425208454417],[1.4741801,42.53015060000001,2076.676258857752]]}}
,
{"type":"Feature","properties":{"type":"lift","liftType":"drag_lift","status":"operating","name":"La Tossa II","oneway":null,"ref":null,"description":null,"occupancy":null,"capacity":null,"duration":null,"bubble":null,"heating":null,"color":"hsl(0, 82%, 42%)","skiAreas":[{"properties":{"activities":["downhill"],"generated":false,"id":"5ecb06388006e4740e7ce8234e26d036ce85edb7","location":null,"name":"Pal-Arinsal","runConvention":"europe","sources":[{"type":"openstreetmap","id":"relation/4638280"},{"type":"skimap.org","id":1807}],"status":"operating","type":"skiArea","websites":["http://www.vallnord.com/"],"statistics":{"runs":{"byActivity":{"downhill":{"byDifficulty":{"easy":{"count":29,"lengthInKm":20.858363377830223,"minElevation":1558.2487431681502,"maxElevation":2491.0273591680307,"combinedElevationChange":3693.1728125839886},"novice":{"count":9,"lengthInKm":3.172775951105538,"maxElevation":2256.4535199999787,"combinedElevationChange":479.4833746895015,"minElevation":1789.827260979216},"advanced":{"count":3,"lengthInKm":2.5787306934661585,"minElevation":1937.2300800002456,"maxElevation":2534.5657064320576,"combinedElevationChange":807.8002905404903},"intermediate":{"count":21,"lengthInKm":12.346787808472106,"minElevation":1844.9715935855613,"maxElevation":2489.9201663711965,"combinedElevationChange":3641.880392795686},"other":{"count":2,"lengthInKm":0.10704381182876538,"minElevation":2094.49559558079,"maxElevation":2237.4957588416046,"combinedElevationChange":11.424043260803046}}}},"minElevation":1558.2487431681502,"maxElevation":2534.5657064320576},"lifts":{"byType":{"gondola":{"count":2,"lengthInKm":3.176295731309711,"minElevation":1237.565454921608,"maxElevation":1919.344744844795,"combinedElevationChange":1107.8933287838854},"chair_lift":{"count":12,"lengthInKm":11.964826900293591,"minElevation":1553.825056428767,"maxElevation":2486.6322313520764,"combinedElevationChange":3173.663310246392},"drag_lift":{"count":6,"lengthInKm":3.2439118652796735,"minElevation":1893.2452799999487,"maxElevation":2339.2381706368255,"combinedElevationChange":773.0829379614327},"cable_car":{"count":1,"lengthInKm":2.3879046138398796,"minElevation":2066.005541440008,"maxElevation":2492.951279404874,"combinedElevationChange":426.9457379648661},"platter":{"count":1,"lengthInKm":0.39896484807186156,"minElevation":2450.0787449600393,"maxElevation":2534.5657064320576,"combinedElevationChange":84.48696147201827},"magic_carpet":{"count":9,"lengthInKm":0.70647313191135,"minElevation":1893.7999852414912,"maxElevation":2077.4390097648143,"combinedElevationChange":66.60550960032651}},"minElevation":1237.565454921608,"maxElevation":2534.5657064320576},"maxElevation":2534.5657064320576,"minElevation":1558.2487431681502}},"type":"Feature","geometry":{"coordinates":[1.4533222792924878,42.545759697593475],"type":"Point"}}],"sources":[{"type":"openstreetmap","id":"way/261556791"}],"location":null,"websites":[],"id":"fac247ed5a03e763e38d2609328fe616dcfb42af"},"geometry":{"type":"LineString","coordinates":[[1.4542355,42.5310549,2295.5999848080023],[1.4522319,42.5339742,2312.803620182359]]}}
,
{"type":"Feature","properties":{"type":"lift","liftType":"magic_carpet","status":"operating","name":"l'Escola I","oneway":null,"ref":null,"description":null,"occupancy":null,"capacity":null,"duration":null,"bubble":null,"heating":null,"color":"hsl(0, 82%, 42%)","skiAreas":[{"properties":{"activities":["downhill"],"generated":false,"id":"5ecb06388006e4740e7ce8234e26d036ce85edb7","location":null,"name":"Pal-Arinsal","runConvention":"europe","sources":[{"type":"openstreetmap","id":"relation/4638280"},{"type":"skimap.org","id":1807}],"status":"operating","type":"skiArea","websites":["http://www.vallnord.com/"],"statistics":{"runs":{"byActivity":{"downhill":{"byDifficulty":{"easy":{"count":29,"lengthInKm":20.858363377830223,"minElevation":1558.2487431681502,"maxElevation":2491.0273591680307,"combinedElevationChange":3693.1728125839886},"novice":{"count":9,"lengthInKm":3.172775951105538,"maxElevation":2256.4535199999787,"combinedElevationChange":479.4833746895015,"minElevation":1789.827260979216},"advanced":{"count":3,"lengthInKm":2.5787306934661585,"minElevation":1937.2300800002456,"maxElevation":2534.5657064320576,"combinedElevationChange":807.8002905404903},"intermediate":{"count":21,"lengthInKm":12.346787808472106,"minElevation":1844.9715935855613,"maxElevation":2489.9201663711965,"combinedElevationChange":3641.880392795686},"other":{"count":2,"lengthInKm":0.10704381182876538,"minElevation":2094.49559558079,"maxElevation":2237.4957588416046,"combinedElevationChange":11.424043260803046}}}},"minElevation":1558.2487431681502,"maxElevation":2534.5657064320576},"lifts":{"byType":{"gondola":{"count":2,"lengthInKm":3.176295731309711,"minElevation":1237.565454921608,"maxElevation":1919.344744844795,"combinedElevationChange":1107.8933287838854},"chair_lift":{"count":12,"lengthInKm":11.964826900293591,"minElevation":1553.825056428767,"maxElevation":2486.6322313520764,"combinedElevationChange":3173.663310246392},"drag_lift":{"count":6,"lengthInKm":3.2439118652796735,"minElevation":1893.2452799999487,"maxElevation":2339.2381706368255,"combinedElevationChange":773.0829379614327},"cable_car":{"count":1,"lengthInKm":2.3879046138398796,"minElevation":2066.005541440008,"maxElevation":2492.951279404874,"combinedElevationChange":426.9457379648661},"platter":{"count":1,"lengthInKm":0.39896484807186156,"minElevation":2450.0787449600393,"maxElevation":2534.5657064320576,"combinedElevationChange":84.48696147201827},"magic_carpet":{"count":9,"lengthInKm":0.70647313191135,"minElevation":1893.7999852414912,"maxElevation":2077.4390097648143,"combinedElevationChange":66.60550960032651}},"minElevation":1237.565454921608,"maxElevation":2534.5657064320576},"maxElevation":2534.5657064320576,"minElevation":1558.2487431681502}},"type":"Feature","geometry":{"coordinates":[1.4533222792924878,42.545759697593475],"type":"Point"}}],"sources":[{"type":"openstreetmap","id":"way/261559361"}],"location":null,"websites":[],"id":"ceddcc7c1d611ed484d75b3e55880fd9d7897dd4"},"geometry":{"type":"LineString","coordinates":[[1.4703931,42.5737608,1927.9464414207805],[1.4694885999999998,42.573516800000014,1942.3101899008072]]}}
,
{"type":"Feature","properties":{"type":"lift","liftType":"magic_carpet","status":"operating","name":"l'Escola II","oneway":null,"ref":null,"description":null,"occupancy":null,"capacity":null,"duration":null,"bubble":null,"heating":null,"color":"hsl(0, 82%, 42%)","skiAreas":[{"properties":{"activities":["downhill"],"generated":false,"id":"5ecb06388006e4740e7ce8234e26d036ce85edb7","location":null,"name":"Pal-Arinsal","runConvention":"europe","sources":[{"type":"openstreetmap","id":"relation/4638280"},{"type":"skimap.org","id":1807}],"status":"operating","type":"skiArea","websites":["http://www.vallnord.com/"],"statistics":{"runs":{"byActivity":{"downhill":{"byDifficulty":{"easy":{"count":29,"lengthInKm":20.858363377830223,"minElevation":1558.2487431681502,"maxElevation":2491.0273591680307,"combinedElevationChange":3693.1728125839886},"novice":{"count":9,"lengthInKm":3.172775951105538,"maxElevation":2256.4535199999787,"combinedElevationChange":479.4833746895015,"minElevation":1789.827260979216},"advanced":{"count":3,"lengthInKm":2.5787306934661585,"minElevation":1937.2300800002456,"maxElevation":2534.5657064320576,"combinedElevationChange":807.8002905404903},"intermediate":{"count":21,"lengthInKm":12.346787808472106,"minElevation":1844.9715935855613,"maxElevation":2489.9201663711965,"combinedElevationChange":3641.880392795686},"other":{"count":2,"lengthInKm":0.10704381182876538,"minElevation":2094.49559558079,"maxElevation":2237.4957588416046,"combinedElevationChange":11.424043260803046}}}},"minElevation":1558.2487431681502,"maxElevation":2534.5657064320576},"lifts":{"byType":{"gondola":{"count":2,"lengthInKm":3.176295731309711,"minElevation":1237.565454921608,"maxElevation":1919.344744844795,"combinedElevationChange":1107.8933287838854},"chair_lift":{"count":12,"lengthInKm":11.964826900293591,"minElevation":1553.825056428767,"maxElevation":2486.6322313520764,"combinedElevationChange":3173.663310246392},"drag_lift":{"count":6,"lengthInKm":3.2439118652796735,"minElevation":1893.2452799999487,"maxElevation":2339.2381706368255,"combinedElevationChange":773.0829379614327},"cable_car":{"count":1,"lengthInKm":2.3879046138398796,"minElevation":2066.005541440008,"maxElevation":2492.951279404874,"combinedElevationChange":426.9457379648661},"platter":{"count":1,"lengthInKm":0.39896484807186156,"minElevation":2450.0787449600393,"maxElevation":2534.5657064320576,"combinedElevationChange":84.48696147201827},"magic_carpet":{"count":9,"lengthInKm":0.70647313191135,"minElevation":1893.7999852414912,"maxElevation":2077.4390097648143,"combinedElevationChange":66.60550960032651}},"minElevation":1237.565454921608,"maxElevation":2534.5657064320576},"maxElevation":2534.5657064320576,"minElevation":1558.2487431681502}},"type":"Feature","geometry":{"coordinates":[1.4533222792924878,42.545759697593475],"type":"Point"}}],"sources":[{"type":"openstreetmap","id":"way/261559362"}],"location":null,"websites":[],"id":"48e5d7aa87096df20064667ed8e03916145d0b4a"},"geometry":{"type":"LineString","coordinates":[[1.4703991999999995,42.57373980000001,1928.0641889535525],[1.4694966999999992,42.5735018,1942.1734910176074]]}}
,
{"type":"Feature","properties":{"type":"lift","liftType":"magic_carpet","status":"operating","name":"Pla de la Cot II","oneway":null,"ref":null,"description":null,"occupancy":null,"capacity":null,"duration":null,"bubble":null,"heating":false,"color":"hsl(0, 82%, 42%)","skiAreas":[{"properties":{"activities":["downhill"],"generated":false,"id":"5ecb06388006e4740e7ce8234e26d036ce85edb7","location":null,"name":"Pal-Arinsal","runConvention":"europe","sources":[{"type":"openstreetmap","id":"relation/4638280"},{"type":"skimap.org","id":1807}],"status":"operating","type":"skiArea","websites":["http://www.vallnord.com/"],"statistics":{"runs":{"byActivity":{"downhill":{"byDifficulty":{"easy":{"count":29,"lengthInKm":20.858363377830223,"minElevation":1558.2487431681502,"maxElevation":2491.0273591680307,"combinedElevationChange":3693.1728125839886},"novice":{"count":9,"lengthInKm":3.172775951105538,"maxElevation":2256.4535199999787,"combinedElevationChange":479.4833746895015,"minElevation":1789.827260979216},"advanced":{"count":3,"lengthInKm":2.5787306934661585,"minElevation":1937.2300800002456,"maxElevation":2534.5657064320576,"combinedElevationChange":807.8002905404903},"intermediate":{"count":21,"lengthInKm":12.346787808472106,"minElevation":1844.9715935855613,"maxElevation":2489.9201663711965,"combinedElevationChange":3641.880392795686},"other":{"count":2,"lengthInKm":0.10704381182876538,"minElevation":2094.49559558079,"maxElevation":2237.4957588416046,"combinedElevationChange":11.424043260803046}}}},"minElevation":1558.2487431681502,"maxElevation":2534.5657064320576},"lifts":{"byType":{"gondola":{"count":2,"lengthInKm":3.176295731309711,"minElevation":1237.565454921608,"maxElevation":1919.344744844795,"combinedElevationChange":1107.8933287838854},"chair_lift":{"count":12,"lengthInKm":11.964826900293591,"minElevation":1553.825056428767,"maxElevation":2486.6322313520764,"combinedElevationChange":3173.663310246392},"drag_lift":{"count":6,"lengthInKm":3.2439118652796735,"minElevation":1893.2452799999487,"maxElevation":2339.2381706368255,"combinedElevationChange":773.0829379614327},"cable_car":{"count":1,"lengthInKm":2.3879046138398796,"minElevation":2066.005541440008,"maxElevation":2492.951279404874,"combinedElevationChange":426.9457379648661},"platter":{"count":1,"lengthInKm":0.39896484807186156,"minElevation":2450.0787449600393,"maxElevation":2534.5657064320576,"combinedElevationChange":84.48696147201827},"magic_carpet":{"count":9,"lengthInKm":0.70647313191135,"minElevation":1893.7999852414912,"maxElevation":2077.4390097648143,"combinedElevationChange":66.60550960032651}},"minElevation":1237.565454921608,"maxElevation":2534.5657064320576},"maxElevation":2534.5657064320576,"minElevation":1558.2487431681502}},"type":"Feature","geometry":{"coordinates":[1.4533222792924878,42.545759697593475],"type":"Point"}}],"sources":[{"type":"openstreetmap","id":"way/1206430892"}],"location":null,"websites":[],"id":"9a17887f175df050ce92a1539be10bff6caea7c1"},"geometry":{"type":"LineString","coordinates":[[1.4742692999999996,42.5302091,2077.4390097648143],[1.4748115999999998,42.53045,2074.442358400025]]}}
,
{"type":"Feature","properties":{"type":"lift","liftType":"magic_carpet","status":"operating","name":null,"oneway":null,"ref":null,"description":null,"occupancy":null,"capacity":null,"duration":null,"bubble":null,"heating":null,"color":"hsl(0, 82%, 42%)","skiAreas":[{"properties":{"activities":["downhill"],"generated":false,"id":"5ecb06388006e4740e7ce8234e26d036ce85edb7","location":null,"name":"Pal-Arinsal","runConvention":"europe","sources":[{"type":"openstreetmap","id":"relation/4638280"},{"type":"skimap.org","id":1807}],"status":"operating","type":"skiArea","websites":["http://www.vallnord.com/"],"statistics":{"runs":{"byActivity":{"downhill":{"byDifficulty":{"easy":{"count":29,"lengthInKm":20.858363377830223,"minElevation":1558.2487431681502,"maxElevation":2491.0273591680307,"combinedElevationChange":3693.1728125839886},"novice":{"count":9,"lengthInKm":3.172775951105538,"maxElevation":2256.4535199999787,"combinedElevationChange":479.4833746895015,"minElevation":1789.827260979216},"advanced":{"count":3,"lengthInKm":2.5787306934661585,"minElevation":1937.2300800002456,"maxElevation":2534.5657064320576,"combinedElevationChange":807.8002905404903},"intermediate":{"count":21,"lengthInKm":12.346787808472106,"minElevation":1844.9715935855613,"maxElevation":2489.9201663711965,"combinedElevationChange":3641.880392795686},"other":{"count":2,"lengthInKm":0.10704381182876538,"minElevation":2094.49559558079,"maxElevation":2237.4957588416046,"combinedElevationChange":11.424043260803046}}}},"minElevation":1558.2487431681502,"maxElevation":2534.5657064320576},"lifts":{"byType":{"gondola":{"count":2,"lengthInKm":3.176295731309711,"minElevation":1237.565454921608,"maxElevation":1919.344744844795,"combinedElevationChange":1107.8933287838854},"chair_lift":{"count":12,"lengthInKm":11.964826900293591,"minElevation":1553.825056428767,"maxElevation":2486.6322313520764,"combinedElevationChange":3173.663310246392},"drag_lift":{"count":6,"lengthInKm":3.2439118652796735,"minElevation":1893.2452799999487,"maxElevation":2339.2381706368255,"combinedElevationChange":773.0829379614327},"cable_car":{"count":1,"lengthInKm":2.3879046138398796,"minElevation":2066.005541440008,"maxElevation":2492.951279404874,"combinedElevationChange":426.9457379648661},"platter":{"count":1,"lengthInKm":0.39896484807186156,"minElevation":2450.0787449600393,"maxElevation":2534.5657064320576,"combinedElevationChange":84.48696147201827},"magic_carpet":{"count":9,"lengthInKm":0.70647313191135,"minElevation":1893.7999852414912,"maxElevation":2077.4390097648143,"combinedElevationChange":66.60550960032651}},"minElevation":1237.565454921608,"maxElevation":2534.5657064320576},"maxElevation":2534.5657064320576,"minElevation":1558.2487431681502}},"type":"Feature","geometry":{"coordinates":[1.4533222792924878,42.545759697593475],"type":"Point"}}],"sources":[{"type":"openstreetmap","id":"way/1242378365"}],"location":null,"websites":[],"id":"91e01f059ce363ab1c07cfb3dd2c5e397e0fa356"},"geometry":{"type":"LineString","coordinates":[[1.490175,42.5369632,1894.687439999974],[1.4909085999999998,42.53691770000001,1900.8830719711887]]}}
,
{"type":"Feature","properties":{"type":"lift","liftType":"magic_carpet","status":"operating","name":"Pedres Blanques I","oneway":null,"ref":null,"description":null,"occupancy":null,"capacity":null,"duration":null,"bubble":null,"heating":null,"color":"hsl(0, 82%, 42%)","skiAreas":[{"properties":{"activities":["downhill"],"generated":false,"id":"5ecb06388006e4740e7ce8234e26d036ce85edb7","location":null,"name":"Pal-Arinsal","runConvention":"europe","sources":[{"type":"openstreetmap","id":"relation/4638280"},{"type":"skimap.org","id":1807}],"status":"operating","type":"skiArea","websites":["http://www.vallnord.com/"],"statistics":{"runs":{"byActivity":{"downhill":{"byDifficulty":{"easy":{"count":29,"lengthInKm":20.858363377830223,"minElevation":1558.2487431681502,"maxElevation":2491.0273591680307,"combinedElevationChange":3693.1728125839886},"novice":{"count":9,"lengthInKm":3.172775951105538,"maxElevation":2256.4535199999787,"combinedElevationChange":479.4833746895015,"minElevation":1789.827260979216},"advanced":{"count":3,"lengthInKm":2.5787306934661585,"minElevation":1937.2300800002456,"maxElevation":2534.5657064320576,"combinedElevationChange":807.8002905404903},"intermediate":{"count":21,"lengthInKm":12.346787808472106,"minElevation":1844.9715935855613,"maxElevation":2489.9201663711965,"combinedElevationChange":3641.880392795686},"other":{"count":2,"lengthInKm":0.10704381182876538,"minElevation":2094.49559558079,"maxElevation":2237.4957588416046,"combinedElevationChange":11.424043260803046}}}},"minElevation":1558.2487431681502,"maxElevation":2534.5657064320576},"lifts":{"byType":{"gondola":{"count":2,"lengthInKm":3.176295731309711,"minElevation":1237.565454921608,"maxElevation":1919.344744844795,"combinedElevationChange":1107.8933287838854},"chair_lift":{"count":12,"lengthInKm":11.964826900293591,"minElevation":1553.825056428767,"maxElevation":2486.6322313520764,"combinedElevationChange":3173.663310246392},"drag_lift":{"count":6,"lengthInKm":3.2439118652796735,"minElevation":1893.2452799999487,"maxElevation":2339.2381706368255,"combinedElevationChange":773.0829379614327},"cable_car":{"count":1,"lengthInKm":2.3879046138398796,"minElevation":2066.005541440008,"maxElevation":2492.951279404874,"combinedElevationChange":426.9457379648661},"platter":{"count":1,"lengthInKm":0.39896484807186156,"minElevation":2450.0787449600393,"maxElevation":2534.5657064320576,"combinedElevationChange":84.48696147201827},"magic_carpet":{"count":9,"lengthInKm":0.70647313191135,"minElevation":1893.7999852414912,"maxElevation":2077.4390097648143,"combinedElevationChange":66.60550960032651}},"minElevation":1237.565454921608,"maxElevation":2534.5657064320576},"maxElevation":2534.5657064320576,"minElevation":1558.2487431681502}},"type":"Feature","geometry":{"coordinates":[1.4533222792924878,42.545759697593475],"type":"Point"}}],"sources":[{"type":"openstreetmap","id":"way/1242378366"}],"location":null,"websites":[],"id":"b24bf974e3e127cb1004056800b8826aaa6fb834"},"geometry":{"type":"LineString","coordinates":[[1.4912142999999995,42.538336700000016,1895.4177023374102],[1.4907959,42.5377932,1896.2943999999668]]}}
,
{"type":"Feature","properties":{"type":"lift","liftType":"magic_carpet","status":"operating","name":"el Planell II","oneway":null,"ref":null,"description":null,"occupancy":null,"capacity":null,"duration":null,"bubble":null,"heating":null,"color":"hsl(0, 82%, 42%)","skiAreas":[{"properties":{"activities":["downhill"],"generated":false,"id":"5ecb06388006e4740e7ce8234e26d036ce85edb7","location":null,"name":"Pal-Arinsal","runConvention":"europe","sources":[{"type":"openstreetmap","id":"relation/4638280"},{"type":"skimap.org","id":1807}],"status":"operating","type":"skiArea","websites":["http://www.vallnord.com/"],"statistics":{"runs":{"byActivity":{"downhill":{"byDifficulty":{"easy":{"count":29,"lengthInKm":20.858363377830223,"minElevation":1558.2487431681502,"maxElevation":2491.0273591680307,"combinedElevationChange":3693.1728125839886},"novice":{"count":9,"lengthInKm":3.172775951105538,"maxElevation":2256.4535199999787,"combinedElevationChange":479.4833746895015,"minElevation":1789.827260979216},"advanced":{"count":3,"lengthInKm":2.5787306934661585,"minElevation":1937.2300800002456,"maxElevation":2534.5657064320576,"combinedElevationChange":807.8002905404903},"intermediate":{"count":21,"lengthInKm":12.346787808472106,"minElevation":1844.9715935855613,"maxElevation":2489.9201663711965,"combinedElevationChange":3641.880392795686},"other":{"count":2,"lengthInKm":0.10704381182876538,"minElevation":2094.49559558079,"maxElevation":2237.4957588416046,"combinedElevationChange":11.424043260803046}}}},"minElevation":1558.2487431681502,"maxElevation":2534.5657064320576},"lifts":{"byType":{"gondola":{"count":2,"lengthInKm":3.176295731309711,"minElevation":1237.565454921608,"maxElevation":1919.344744844795,"combinedElevationChange":1107.8933287838854},"chair_lift":{"count":12,"lengthInKm":11.964826900293591,"minElevation":1553.825056428767,"maxElevation":2486.6322313520764,"combinedElevationChange":3173.663310246392},"drag_lift":{"count":6,"lengthInKm":3.2439118652796735,"minElevation":1893.2452799999487,"maxElevation":2339.2381706368255,"combinedElevationChange":773.0829379614327},"cable_car":{"count":1,"lengthInKm":2.3879046138398796,"minElevation":2066.005541440008,"maxElevation":2492.951279404874,"combinedElevationChange":426.9457379648661},"platter":{"count":1,"lengthInKm":0.39896484807186156,"minElevation":2450.0787449600393,"maxElevation":2534.5657064320576,"combinedElevationChange":84.48696147201827},"magic_carpet":{"count":9,"lengthInKm":0.70647313191135,"minElevation":1893.7999852414912,"maxElevation":2077.4390097648143,"combinedElevationChange":66.60550960032651}},"minElevation":1237.565454921608,"maxElevation":2534.5657064320576},"maxElevation":2534.5657064320576,"minElevation":1558.2487431681502}},"type":"Feature","geometry":{"coordinates":[1.4533222792924878,42.545759697593475],"type":"Point"}}],"sources":[{"type":"openstreetmap","id":"way/1242378367"}],"location":null,"websites":[],"id":"371de5f0105ab9da5807600ecf9904339a39a2ab"},"geometry":{"type":"LineString","coordinates":[[1.4911646999999992,42.53564,1906.7839999999885],[1.490643,42.535379100000014,1912.6819728958094]]}}
,
{"type":"Feature","properties":{"type":"lift","liftType":"chair_lift","status":"operating","name":"Port Negre","oneway":true,"ref":null,"description":null,"occupancy":4,"capacity":null,"duration":null,"bubble":null,"heating":null,"color":"hsl(0, 82%, 42%)","skiAreas":[{"properties":{"activities":["downhill"],"generated":false,"id":"5ecb06388006e4740e7ce8234e26d036ce85edb7","location":null,"name":"Pal-Arinsal","runConvention":"europe","sources":[{"type":"openstreetmap","id":"relation/4638280"},{"type":"skimap.org","id":1807}],"status":"operating","type":"skiArea","websites":["http://www.vallnord.com/"],"statistics":{"runs":{"byActivity":{"downhill":{"byDifficulty":{"easy":{"count":29,"lengthInKm":20.858363377830223,"minElevation":1558.2487431681502,"maxElevation":2491.0273591680307,"combinedElevationChange":3693.1728125839886},"novice":{"count":9,"lengthInKm":3.172775951105538,"maxElevation":2256.4535199999787,"combinedElevationChange":479.4833746895015,"minElevation":1789.827260979216},"advanced":{"count":3,"lengthInKm":2.5787306934661585,"minElevation":1937.2300800002456,"maxElevation":2534.5657064320576,"combinedElevationChange":807.8002905404903},"intermediate":{"count":21,"lengthInKm":12.346787808472106,"minElevation":1844.9715935855613,"maxElevation":2489.9201663711965,"combinedElevationChange":3641.880392795686},"other":{"count":2,"lengthInKm":0.10704381182876538,"minElevation":2094.49559558079,"maxElevation":2237.4957588416046,"combinedElevationChange":11.424043260803046}}}},"minElevation":1558.2487431681502,"maxElevation":2534.5657064320576},"lifts":{"byType":{"gondola":{"count":2,"lengthInKm":3.176295731309711,"minElevation":1237.565454921608,"maxElevation":1919.344744844795,"combinedElevationChange":1107.8933287838854},"chair_lift":{"count":12,"lengthInKm":11.964826900293591,"minElevation":1553.825056428767,"maxElevation":2486.6322313520764,"combinedElevationChange":3173.663310246392},"drag_lift":{"count":6,"lengthInKm":3.2439118652796735,"minElevation":1893.2452799999487,"maxElevation":2339.2381706368255,"combinedElevationChange":773.0829379614327},"cable_car":{"count":1,"lengthInKm":2.3879046138398796,"minElevation":2066.005541440008,"maxElevation":2492.951279404874,"combinedElevationChange":426.9457379648661},"platter":{"count":1,"lengthInKm":0.39896484807186156,"minElevation":2450.0787449600393,"maxElevation":2534.5657064320576,"combinedElevationChange":84.48696147201827},"magic_carpet":{"count":9,"lengthInKm":0.70647313191135,"minElevation":1893.7999852414912,"maxElevation":2077.4390097648143,"combinedElevationChange":66.60550960032651}},"minElevation":1237.565454921608,"maxElevation":2534.5657064320576},"maxElevation":2534.5657064320576,"minElevation":1558.2487431681502}},"type":"Feature","geometry":{"coordinates":[1.4533222792924878,42.545759697593475],"type":"Point"}}],"sources":[{"type":"openstreetmap","id":"way/1349056256"}],"location":null,"websites":[],"id":"e5d227329947b1de248d2c5c2e7e27eca5bad496"},"geometry":{"type":"LineString","coordinates":[[1.4634918999999993,42.5712068,2097.655520000005],[1.4631783999999997,42.57113250000001,2100.625904959968],[1.4626656999999996,42.5710032,2111.8311117312055],[1.4613218999999993,42.5706421,2133.366399999991],[1.4595863999999996,42.570151,2153.8886373118603],[1.4575136999999996,42.5695644,2186.9737849536236],[1.4554780999999997,42.568988300000015,2226.573248740794],[1.4534955999999994,42.5684272,2259.1826032639897],[1.4514569,42.5678502,2288.435365315182],[1.4499381999999994,42.5674204,2320.8005416065002],[1.4484605,42.5670021,2381.784779031997],[1.4472627999999996,42.5666631,2427.056355667214],[1.4457242999999989,42.56621070000001,2486.6322313520764]]}}
]}
