{"type": "FeatureCollection", "features":[
{"type":"Feature","properties":{"type":"run","id":"9bc19b88db7cae37d898a4781d70c5593c2d5d3c","uses":["hike"],"name":"guineu","ref":null,"description":"Snowshoe trail","difficulty":null,"convention":"europe","status":"operating","oneway":null,"lit":null,"gladed":null,"patrolled":null,"grooming":null,"color":"hsl(0, 0%, 35%)","colorName":"grey","skiAreas":[],"elevationProfile":{"heights":[2075.0769430144082,2074.0084755235243,2074.5585790984846,2072.749825549553,2069.16838966402,2065.621676304187,2059.8836675373373,2051.855284845071,2048.465350698329,2045.9883153932524,2041.8163211025421,2037.5274303708707,2032.6516598654966,2029.0784868737644,2027.742261488596,2025.0727538712774,2022.2112613784807,2019.5729676932199,2015.9468115614704,2013.3902928507155,2008.6516637694613,2005.3127699602937,2003.3363001211349,2001.6635211334435,1996.6622202649369,1990.8748803533392,1986.4140521026568,1982.989041399594,1985.4757832569628,1984.8886343043373,1979.3656042956325,1970.4937508209498,1965.2722148789323,1965.1854435884168,1966.8713886061205,1965.630398829013,1963.859921962425,1962.487228222466,1960.3091450163151,1955.157574212839,1950.751251081409,1948.4326543203163,1948.1900438115608,1946.5107476602798,1943.301436213935,1940.9977454826123,1938.918013737602,1937.1800298427652,1935.8226683995406,1933.8851294175627,1930.5977569006295,1927.3975330825501,1923.9994100264385,1922.8603719836744,1922.3394616102014,1921.9286829680002,1920.8570632124834,1920.4531793250442,1918.397468106189,1914.533175083478,1911.4701791331163,1909.112576860467,1904.60114483699,1903.2624004543343],"resolution":25},"sources":[{"type":"openstreetmap","id":"relation/17072271"}],"location":null,"websites":[]},"geometry":{"type":"LineString","coordinates":[[1.4747228,42.5303034,2075.0769430144082],[1.4748796999999996,42.5304547,2073.629138804802],[1.47494,42.5305565,2075.219400000011],[1.4750755,42.53069280000001,2074.403661888023],[1.4751439,42.5307462,2073.8072024256217],[1.4753275999999995,42.5308371,2072.5710478784144],[1.4756467999999996,42.5309448,2068.328695091193],[1.4760061999999998,42.5310832,2061.811818572861],[1.4763293999999996,42.5311712,2053.3690916351134],[1.4767223999999997,42.531223499999996,2048.333477888085],[1.4772802999999997,42.531353,2041.9107074559593],[1.4776516999999996,42.5314321,2036.5077199998875],[1.4782216999999993,42.5315408,2028.8549999999937],[1.4785114,42.5316564,2027.3959200000156],[1.4793683999999996,42.5318165,2019.0274261440752],[1.4798457999999997,42.5319104,2013.8065510143597],[1.4809333999999996,42.53216730000001,2002.4639333470218],[1.4820586,42.53243220000002,1984.8623871163416],[1.4832401,42.5326545,1975.8629318720134],[1.4843935,42.532931200000014,1966.9537045118636],[1.4849607999999996,42.533124,1963.1431521279985],[1.4852919999999996,42.533456,1959.1336396799804],[1.4856607999999996,42.5338543,1949.4810655871788],[1.4860282999999996,42.5341517,1948.3980681168],[1.4863393999999996,42.53426339999999,1945.5898302464664],[1.4870837,42.5345174,1938.9235333696308],[1.4874672999999996,42.5346093,1936.8388866032033],[1.4881311,42.5346587,1932.3506081871974],[1.4888151,42.5346982,1924.8198925471984],[1.4893421999999998,42.5347605,1922.491515727992],[1.4898114999999996,42.5347881,1921.831520000002],[1.4903802,42.5349433,1920.4271600000075],[1.4907541999999998,42.53512240000001,1916.4071904767322],[1.4911661999999994,42.535323200000015,1911.1800292862958],[1.4913229,42.53540880000001,1909.7104676991291],[1.4915710999999996,42.535706200000014,1903.2624004543343]]}}
,
{"type":"Feature","properties":{"type":"run","id":"d4e95cf3da00994e88d161a499f1ed5804dad46b","uses":["downhill"],"name":"Cami Inferior","ref":null,"description":null,"difficulty":"easy","convention":"europe","status":"operating","oneway":true,"lit":null,"gladed":null,"patrolled":null,"grooming":null,"color":"hsl(208, 100%, 33%)","colorName":"blue","skiAreas":[{"properties":{"activities":["downhill"],"generated":false,"id":"5ecb06388006e4740e7ce8234e26d036ce85edb7","location":null,"name":"Pal-Arinsal","runConvention":"europe","sources":[{"type":"openstreetmap","id":"relation/4638280"},{"type":"skimap.org","id":1807}],"status":"operating","type":"skiArea","websites":["http://www.vallnord.com/"],"statistics":{"runs":{"byActivity":{"downhill":{"byDifficulty":{"easy":{"count":29,"lengthInKm":20.858363377830223,"minElevation":1558.2487431681502,"maxElevation":2491.0273591680307,"combinedElevationChange":3693.1728125839886},"novice":{"count":9,"lengthInKm":3.172775951105538,"maxElevation":2256.4535199999787,"combinedElevationChange":479.4833746895015,"minElevation":1789.827260979216},"advanced":{"count":3,"lengthInKm":2.5787306934661585,"minElevation":1937.2300800002456,"maxElevation":2534.5657064320576,"combinedElevationChange":807.8002905404903},"intermediate":{"count":21,"lengthInKm":12.346787808472106,"minElevation":1844.9715935855613,"maxElevation":2489.9201663711965,"combinedElevationChange":3641.880392795686},"other":{"count":2,"lengthInKm":0.10704381182876538,"minElevation":2094.49559558079,"maxElevation":2237.4957588416046,"combinedElevationChange":11.424043260803046}}}},"minElevation":1558.2487431681502,"maxElevation":2534.5657064320576},"lifts":{"byType":{"gondola":{"count":2,"lengthInKm":3.176295731309711,"minElevation":1237.565454921608,"maxElevation":1919.344744844795,"combinedElevationChange":1107.8933287838854},"chair_lift":{"count":12,"lengthInKm":11.964826900293591,"minElevation":1553.825056428767,"maxElevation":2486.6322313520764,"combinedElevationChange":3173.663310246392},"drag_lift":{"count":6,"lengthInKm":3.2439118652796735,"minElevation":1893.2452799999487,"maxElevation":2339.2381706368255,"combinedElevationChange":773.0829379614327},"cable_car":{"count":1,"lengthInKm":2.3879046138398796,"minElevation":2066.005541440008,"maxElevation":2492.951279404874,"combinedElevationChange":426.9457379648661},"platter":{"count":1,"lengthInKm":0.39896484807186156,"minElevation":2450.0787449600393,"maxElevation":2534.5657064320576,"combinedElevationChange":84.48696147201827},"magic_carpet":{"count":9,"lengthInKm":0.70647313191135,"minElevation":1893.7999852414912,"maxElevation":2077.4390097648143,"combinedElevationChange":66.60550960032651}},"minElevation":1237.565454921608,"maxElevation":2534.5657064320576},"maxElevation":2534.5657064320576,"minElevation":1558.2487431681502}},"type":"Feature","geometry":{"coordinates":[1.4533222792924878,42.545759697593475],"type":"Point"}}],"elevationProfile":{"heights":[2201.884559999936,2198.731077616578,2193.3417981118732,2189.1981501386854,2186.7435685057794,2186.444795257499],"resolution":25},"sources":[{"type":"openstreetmap","id":"relation/18502128"},{"type":"openstreetmap","id":"way/1348519493"}],"location":null,"websites":[]},"geometry":{"type":"LineString","coordinates":[[1.4592915999999994,42.53023980000001,2201.884559999936],[1.4595721,42.53015280000002,2198.7450347646304],[1.4598344999999993,42.53013350000001,2193.8623414799235],[1.4601262999999995,42.5300272,2189.3721622656176],[1.4602705999999999,42.529911200000015,2187.4761210622883],[1.4603642999999993,42.529810800000014,2186.444795257499]]}}
,
{"type":"Feature","properties":{"type":"run","id":"d2e518ea451ec26049d419208aa05a78d2379b8d","uses":["downhill"],"name":"Cami Inferior","ref":null,"description":null,"difficulty":"easy","convention":"europe","status":"operating","oneway":true,"lit":null,"gladed":null,"patrolled":null,"grooming":null,"color":"hsl(208, 100%, 33%)","colorName":"blue","skiAreas":[{"properties":{"activities":["downhill"],"generated":false,"id":"5ecb06388006e4740e7ce8234e26d036ce85edb7","location":null,"name":"Pal-Arinsal","runConvention":"europe","sources":[{"type":"openstreetmap","id":"relation/4638280"},{"type":"skimap.org","id":1807}],"status":"operating","type":"skiArea","websites":["http://www.vallnord.com/"],"statistics":{"runs":{"byActivity":{"downhill":{"byDifficulty":{"easy":{"count":29,"lengthInKm":20.858363377830223,"minElevation":1558.2487431681502,"maxElevation":2491.0273591680307,"combinedElevationChange":3693.1728125839886},"novice":{"count":9,"lengthInKm":3.172775951105538,"maxElevation":2256.4535199999787,"combinedElevationChange":479.4833746895015,"minElevation":1789.827260979216},"advanced":{"count":3,"lengthInKm":2.5787306934661585,"minElevation":1937.2300800002456,"maxElevation":2534.5657064320576,"combinedElevationChange":807.8002905404903},"intermediate":{"count":21,"lengthInKm":12.346787808472106,"minElevation":1844.9715935855613,"maxElevation":2489.9201663711965,"combinedElevationChange":3641.880392795686},"other":{"count":2,"lengthInKm":0.10704381182876538,"minElevation":2094.49559558079,"maxElevation":2237.4957588416046,"combinedElevationChange":11.424043260803046}}}},"minElevation":1558.2487431681502,"maxElevation":2534.5657064320576},"lifts":{"byType":{"gondola":{"count":2,"lengthInKm":3.176295731309711,"minElevation":1237.565454921608,"maxElevation":1919.344744844795,"combinedElevationChange":1107.8933287838854},"chair_lift":{"count":12,"lengthInKm":11.964826900293591,"minElevation":1553.825056428767,"maxElevation":2486.6322313520764,"combinedElevationChange":3173.663310246392},"drag_lift":{"count":6,"lengthInKm":3.2439118652796735,"minElevation":1893.2452799999487,"maxElevation":2339.2381706368255,"combinedElevationChange":773.0829379614327},"cable_car":{"count":1,"lengthInKm":2.3879046138398796,"minElevation":2066.005541440008,"maxElevation":2492.951279404874,"combinedElevationChange":426.9457379648661},"platter":{"count":1,"lengthInKm":0.39896484807186156,"minElevation":2450.0787449600393,"maxElevation":2534.5657064320576,"combinedElevationChange":84.48696147201827},"magic_carpet":{"count":9,"lengthInKm":0.70647313191135,"minElevation":1893.7999852414912,"maxElevation":2077.4390097648143,"combinedElevationChange":66.60550960032651}},"minElevation":1237.565454921608,"maxElevation":2534.5657064320576},"maxElevation":2534.5657064320576,"minElevation":1558.2487431681502}},"type":"Feature","geometry":{"coordinates":[1.4533222792924878,42.545759697593475],"type":"Point"}}],"elevationProfile":{"heights":[2308.021227519999,2310.4534841475684,2311.4856490999896,2313.0023675807765,2312.986629133789,2311.0142642825463,2307.851961088937,2307.065296203249,2306.553523441971,2304.220499435731,2300.200603998583,2300.5580253938265,2300.730048285285,2298.3765498860503,2292.184173847942,2287.3343129157925,2284.1971216069073,2280.231146408791,2277.6333080025206,2274.184437211351,2269.6037462367904,2264.1239080137934,2259.8219283577832,2256.6259123595896,2249.998819340532,2242.2419177065767,2235.082795485725,2229.8384976322513,2226.2897390870135,2219.3682356857285,2212.8885861200456,2206.8366590624423,2204.5253641599406,2202.871433231649,2199.400149852497,2193.7678807102916,2186.5767094362564,2183.3426475885285,2185.1523285934754,2184.9375928920444,2182.1840723251285,2178.629533788005,2174.954513387644,2171.7282875182777,2168.776975431704,2166.330367779598,2164.1971019185257,2160.3987678499634,2156.310389236417,2152.8654205397243,2150.1627282134696,2148.2988239725373,2146.784132984892,2145.9798021338884,2141.3355508511713,2133.923887474977,2132.430865667928,2131.5650955300675,2128.263341664505,2126.5319599998898],"resolution":25},"sources":[{"type":"openstreetmap","id":"relation/18502128"},{"type":"openstreetmap","id":"way/152826439"}],"location":null,"websites":[]},"geometry":{"type":"LineString","coordinates":[[1.4529364999999996,42.534928,2308.021227519999],[1.4528191,42.534386,2312.1232800000157],[1.4528335999999995,42.5338668,2311.8780799999813],[1.452882,42.533205,2306.980169599996],[1.4534846999999993,42.53241120000001,2301.0045999999616],[1.4535679999999995,42.532345800000016,2300.5758399999395],[1.4539805,42.53202190000001,2291.520275704042],[1.454003,42.53200430000001,2290.9531624480437],[1.4554924999999996,42.53168439999999,2272.8367883203305],[1.4562836,42.5314154,2259.5775667327966],[1.4568947999999993,42.5312218,2246.9553109632357],[1.4576018999999996,42.5307748,2229.064798950355],[1.4580925999999998,42.530632300000015,2218.477075299146],[1.4586009999999998,42.53047510000001,2207.1237199999623],[1.4592915999999994,42.53023980000001,2201.884559999936],[1.4598075,42.5302236,2192.998037280012],[1.4600973,42.530305900000016,2185.5591376526945],[1.4602826,42.530178200000016,2183.295039999872],[1.4603642999999993,42.529810800000014,2186.444795257499],[1.4607089999999998,42.52961430000001,2182.067458447848],[1.462175,42.52915400000001,2165.536191999778],[1.4625864,42.5290248,2161.6122113023357],[1.4633042999999992,42.52876780000001,2151.6093576414746],[1.4637343999999992,42.52858970000001,2148.3290176254836],[1.4642429000000001,42.52833590000003,2146.00753582515],[1.4645428,42.52821510000002,2140.5439975549734],[1.4650179,42.52814220000002,2132.376159999914],[1.4654613999999992,42.528104700000014,2131.2071288031343],[1.4658586999999996,42.52802670000001,2126.5319599998898]]}}
,
{"type":"Feature","properties":{"type":"run","id":"fea5daec0b373e599af713de1af852708da5ddd6","uses":["downhill"],"name":"El Planell","ref":null,"description":null,"difficulty":"novice","convention":"europe","status":"operating","oneway":true,"lit":null,"gladed":null,"patrolled":null,"grooming":null,"color":"hsl(125, 100%, 33%)","colorName":"green","skiAreas":[{"properties":{"activities":["downhill"],"generated":false,"id":"5ecb06388006e4740e7ce8234e26d036ce85edb7","location":null,"name":"Pal-Arinsal","runConvention":"europe","sources":[{"type":"openstreetmap","id":"relation/4638280"},{"type":"skimap.org","id":1807}],"status":"operating","type":"skiArea","websites":["http://www.vallnord.com/"],"statistics":{"runs":{"byActivity":{"downhill":{"byDifficulty":{"easy":{"count":29,"lengthInKm":20.858363377830223,"minElevation":1558.2487431681502,"maxElevation":2491.0273591680307,"combinedElevationChange":3693.1728125839886},"novice":{"count":9,"lengthInKm":3.172775951105538,"maxElevation":2256.4535199999787,"combinedElevationChange":479.4833746895015,"minElevation":1789.827260979216},"advanced":{"count":3,"lengthInKm":2.5787306934661585,"minElevation":1937.2300800002456,"maxElevation":2534.5657064320576,"combinedElevationChange":807.8002905404903},"intermediate":{"count":21,"lengthInKm":12.346787808472106,"minElevation":1844.9715935855613,"maxElevation":2489.9201663711965,"combinedElevationChange":3641.880392795686},"other":{"count":2,"lengthInKm":0.10704381182876538,"minElevation":2094.49559558079,"maxElevation":2237.4957588416046,"combinedElevationChange":11.424043260803046}}}},"minElevation":1558.2487431681502,"maxElevation":2534.5657064320576},"lifts":{"byType":{"gondola":{"count":2,"lengthInKm":3.176295731309711,"minElevation":1237.565454921608,"maxElevation":1919.344744844795,"combinedElevationChange":1107.8933287838854},"chair_lift":{"count":12,"lengthInKm":11.964826900293591,"minElevation":1553.825056428767,"maxElevation":2486.6322313520764,"combinedElevationChange":3173.663310246392},"drag_lift":{"count":6,"lengthInKm":3.2439118652796735,"minElevation":1893.2452799999487,"maxElevation":2339.2381706368255,"combinedElevationChange":773.0829379614327},"cable_car":{"count":1,"lengthInKm":2.3879046138398796,"minElevation":2066.005541440008,"maxElevation":2492.951279404874,"combinedElevationChange":426.9457379648661},"platter":{"count":1,"lengthInKm":0.39896484807186156,"minElevation":2450.0787449600393,"maxElevation":2534.5657064320576,"combinedElevationChange":84.48696147201827},"magic_carpet":{"count":9,"lengthInKm":0.70647313191135,"minElevation":1893.7999852414912,"maxElevation":2077.4390097648143,"combinedElevationChange":66.60550960032651}},"minElevation":1237.565454921608,"maxElevation":2534.5657064320576},"maxElevation":2534.5657064320576,"minElevation":1558.2487431681502}},"type":"Feature","geometry":{"coordinates":[1.4533222792924878,42.545759697593475],"type":"Point"}}],"elevationProfile":{"heights":[1920.9981999999125,1922.1329831807388,1923.7242202295854,1922.1676548522253,1917.9489815130141,1910.9971707406944,1905.7147068021159,1902.6778353014413,1901.9844206998862,1901.89562152136,1901.6126922495885],"resolution":25},"sources":[{"type":"openstreetmap","id":"way/52112648"}],"location":null,"websites":[]},"geometry":{"type":"LineString","coordinates":[[1.4888793999999996,42.53500010000001,1920.9981999999125],[1.4892665999999994,42.534998,1922.7189491839981],[1.4894290999999993,42.53501030000002,1923.813311700721],[1.4898302999999993,42.535225300000015,1920.7885999999203],[1.49011,42.535494,null],[1.4902559000000004,42.535753800000016,1904.7966799998042],[1.4902559000000004,42.53607630000001,1902.1351902031809],[1.4902476,42.5364238,1901.6126922495885]]}}
,
{"type":"Feature","properties":{"type":"run","id":"7ef32a04f9cf9445b8b305b64f05cda73f3253c8","uses":["downhill"],"name":"el Besurt II","ref":null,"description":null,"difficulty":"easy","convention":"europe","status":"operating","oneway":true,"lit":null,"gladed":null,"patrolled":null,"grooming":null,"color":"hsl(208, 100%, 33%)","colorName":"blue","skiAreas":[{"properties":{"activities":["downhill"],"generated":false,"id":"5ecb06388006e4740e7ce8234e26d036ce85edb7","location":null,"name":"Pal-Arinsal","runConvention":"europe","sources":[{"type":"openstreetmap","id":"relation/4638280"},{"type":"skimap.org","id":1807}],"status":"operating","type":"skiArea","websites":["http://www.vallnord.com/"],"statistics":{"runs":{"byActivity":{"downhill":{"byDifficulty":{"easy":{"count":29,"lengthInKm":20.858363377830223,"minElevation":1558.2487431681502,"maxElevation":2491.0273591680307,"combinedElevationChange":3693.1728125839886},"novice":{"count":9,"lengthInKm":3.172775951105538,"maxElevation":2256.4535199999787,"combinedElevationChange":479.4833746895015,"minElevation":1789.827260979216},"advanced":{"count":3,"lengthInKm":2.5787306934661585,"minElevation":1937.2300800002456,"maxElevation":2534.5657064320576,"combinedElevationChange":807.8002905404903},"intermediate":{"count":21,"lengthInKm":12.346787808472106,"minElevation":1844.9715935855613,"maxElevation":2489.9201663711965,"combinedElevationChange":3641.880392795686},"other":{"count":2,"lengthInKm":0.10704381182876538,"minElevation":2094.49559558079,"maxElevation":2237.4957588416046,"combinedElevationChange":11.424043260803046}}}},"minElevation":1558.2487431681502,"maxElevation":2534.5657064320576},"lifts":{"byType":{"gondola":{"count":2,"lengthInKm":3.176295731309711,"minElevation":1237.565454921608,"maxElevation":1919.344744844795,"combinedElevationChange":1107.8933287838854},"chair_lift":{"count":12,"lengthInKm":11.964826900293591,"minElevation":1553.825056428767,"maxElevation":2486.6322313520764,"combinedElevationChange":3173.663310246392},"drag_lift":{"count":6,"lengthInKm":3.2439118652796735,"minElevation":1893.2452799999487,"maxElevation":2339.2381706368255,"combinedElevationChange":773.0829379614327},"cable_car":{"count":1,"lengthInKm":2.3879046138398796,"minElevation":2066.005541440008,"maxElevation":2492.951279404874,"combinedElevationChange":426.9457379648661},"platter":{"count":1,"lengthInKm":0.39896484807186156,"minElevation":2450.0787449600393,"maxElevation":2534.5657064320576,"combinedElevationChange":84.48696147201827},"magic_carpet":{"count":9,"lengthInKm":0.70647313191135,"minElevation":1893.7999852414912,"maxElevation":2077.4390097648143,"combinedElevationChange":66.60550960032651}},"minElevation":1237.565454921608,"maxElevation":2534.5657064320576},"maxElevation":2534.5657064320576,"minElevation":1558.2487431681502}},"type":"Feature","geometry":{"coordinates":[1.4533222792924878,42.545759697593475],"type":"Point"}}],"elevationProfile":{"heights":[2077.3523567007724,2075.5434427098317,2074.5846006118795,2073.171319138325,2066.3258189493176,2058.901721765933,2051.285201228071,2043.5735877258371,2037.0912360222464,2033.2175414605404,2029.1504871146606,2023.1358537229219,2014.2553640594333,2003.9740960219362,1997.2010970453755,1994.4240228830088,1991.9591775923886,1986.156011307066,1978.9849689107632,1972.6898730641935,1965.7623668287924,1958.1327605494942,1951.7108909838403,1948.2594912054474,1946.2196784546884,1942.3179845544805,1938.2757867211578,1933.940684193251,1932.0764305239934,1932.7453884825104,1930.990818994637,1926.6710179375104,1920.932157770516,1913.8347470066128,1910.0407189407051,1906.3190121120556,1902.2926804227302,1897.7591033146966,1891.6312035282413,1884.020250458828,1874.5459592824327,1865.137387320863,1858.8204837579601,1851.4113373486553,1841.9642188933706,1832.5447880711758,1822.991177303777,1812.3756363039593,1803.4372353938988,1797.6985877657485,1793.7036768587966,1789.9704828319911],"resolution":25},"sources":[{"type":"openstreetmap","id":"way/52112651"}],"location":null,"websites":[]},"geometry":{"type":"LineString","coordinates":[[1.4741051,42.5306099,2077.3523567007724],[1.4749234999999996,42.53113060000001,2069.90699174379],[1.4754526,42.531407699999995,2053.810720518626],[1.4760836,42.5317248,2036.2155200000248],[1.4771113999999996,42.53214170000001,2014.0465494750229],[1.4789091999999995,42.53280220000001,1974.7774912893135],[1.4810630999999996,42.533459,1937.196439999979],[1.4826485,42.5340968,1919.8352329599809],[1.4837280999999996,42.5347347,1899.7433585071415],[1.4840782,42.53522210000001,1882.7868838685201],[1.4843796999999996,42.5357667,1860.5155912302823],[1.4843991999999995,42.5360964,1849.6794922496583],[1.4840685,42.536418900000015,1832.2224586637276],[1.4838739999999995,42.5367271,1816.79651999998],[1.4839225999999994,42.5370998,1801.6830515583918],[1.4842629999999999,42.5376659,1789.9704828319911]]}}
,
{"type":"Feature","properties":{"type":"run","id":"797439cbe2b22241da7c8ef0932af5cb4080b2d1","uses":["downhill"],"name":"la Capa","ref":null,"description":null,"difficulty":"advanced","convention":"europe","status":"operating","oneway":true,"lit":null,"gladed":null,"patrolled":null,"grooming":"classic","color":"hsl(0, 0%, 0%)","colorName":"black","skiAreas":[{"properties":{"activities":["downhill"],"generated":false,"id":"5ecb06388006e4740e7ce8234e26d036ce85edb7","location":null,"name":"Pal-Arinsal","runConvention":"europe","sources":[{"type":"openstreetmap","id":"relation/4638280"},{"type":"skimap.org","id":1807}],"status":"operating","type":"skiArea","websites":["http://www.vallnord.com/"],"statistics":{"runs":{"byActivity":{"downhill":{"byDifficulty":{"easy":{"count":29,"lengthInKm":20.858363377830223,"minElevation":1558.2487431681502,"maxElevation":2491.0273591680307,"combinedElevationChange":3693.1728125839886},"novice":{"count":9,"lengthInKm":3.172775951105538,"maxElevation":2256.4535199999787,"combinedElevationChange":479.4833746895015,"minElevation":1789.827260979216},"advanced":{"count":3,"lengthInKm":2.5787306934661585,"minElevation":1937.2300800002456,"maxElevation":2534.5657064320576,"combinedElevationChange":807.8002905404903},"intermediate":{"count":21,"lengthInKm":12.346787808472106,"minElevation":1844.9715935855613,"maxElevation":2489.9201663711965,"combinedElevationChange":3641.880392795686},"other":{"count":2,"lengthInKm":0.10704381182876538,"minElevation":2094.49559558079,"maxElevation":2237.4957588416046,"combinedElevationChange":11.424043260803046}}}},"minElevation":1558.2487431681502,"maxElevation":2534.5657064320576},"lifts":{"byType":{"gondola":{"count":2,"lengthInKm":3.176295731309711,"minElevation":1237.565454921608,"maxElevation":1919.344744844795,"combinedElevationChange":1107.8933287838854},"chair_lift":{"count":12,"lengthInKm":11.964826900293591,"minElevation":1553.825056428767,"maxElevation":2486.6322313520764,"combinedElevationChange":3173.663310246392},"drag_lift":{"count":6,"lengthInKm":3.2439118652796735,"minElevation":1893.2452799999487,"maxElevation":2339.2381706368255,"combinedElevationChange":773.0829379614327},"cable_car":{"count":1,"lengthInKm":2.3879046138398796,"minElevation":2066.005541440008,"maxElevation":2492.951279404874,"combinedElevationChange":426.9457379648661},"platter":{"count":1,"lengthInKm":0.39896484807186156,"minElevation":2450.0787449600393,"maxElevation":2534.5657064320576,"combinedElevationChange":84.48696147201827},"magic_carpet":{"count":9,"lengthInKm":0.70647313191135,"minElevation":1893.7999852414912,"maxElevation":2077.4390097648143,"combinedElevationChange":66.60550960032651}},"minElevation":1237.565454921608,"maxElevation":2534.5657064320576},"maxElevation":2534.5657064320576,"minElevation":1558.2487431681502}},"type":"Feature","geometry":{"coordinates":[1.4533222792924878,42.545759697593475],"type":"Point"}}],"elevationProfile":{"heights":[2534.5657064320576,2529.2437417600386,2518.54860078404,2509.4147046026446,2496.1280769295363,2482.96653912291,2471.3436645244474,2461.4768014353767,2456.045988396028,2450.838675951234,2445.4576321983604,2436.482185046172,2423.8125373591893,2413.936074024336,2399.750328006978,2385.783414314195,2375.981111043584,2364.9838633593586,2351.553508833255,2337.044148874702,2321.4665910128956,2310.897516587733,2300.020120997689,2286.909486842639,2268.2725354405206,2259.4600961344695,2252.3254690912836,2248.3384400038794,2245.278719202129,2243.4587832319803],"resolution":25},"sources":[{"type":"openstreetmap","id":"way/52122469"}],"location":null,"websites":[]},"geometry":{"type":"LineString","coordinates":[[1.4533577,42.563449,2534.5657064320576],[1.4536926999999993,42.5638224,2518.6222896384415],[1.4541545999999999,42.563992700000014,2501.4188631897414],[1.4545833,42.5642606,2478.4057617377944],[1.4544785999999998,42.5644802,2464.0433051776827],[1.4541971999999999,42.564667299999996,2456.7242266177923],[1.4535139,42.56487530000001,2443.9125278701877],[1.4529003999999996,42.56540250000001,2410.7363206396694],[1.4529061999999995,42.5657842,2385.6466593534155],[1.4530717999999996,42.56595810000002,2376.3770656156207],[1.4531003999999996,42.56605070000001,2372.543149855799],[1.4536623999999996,42.56657960000001,2331.6426478077415],[1.4539872999999996,42.56697420000001,2307.116521894134],[1.4542017999999997,42.567345900000014,2282.59782186505],[1.4542699,42.5676854,2262.0103851969816],[1.4543488,42.5678118,2256.4535199999787],[1.4545290999999996,42.56810040000001,2248.969199091147],[1.454672,42.5685264,2243.4587832319803]]}}
,
{"type":"Feature","properties":{"type":"run","id":"63c5017c1b285442cd97013854c27a5d926919cf","uses":["downhill"],"name":"les Marrades","ref":null,"description":null,"difficulty":"easy","convention":"europe","status":"operating","oneway":true,"lit":null,"gladed":null,"patrolled":null,"grooming":"classic","color":"hsl(208, 100%, 33%)","colorName":"blue","skiAreas":[{"properties":{"activities":["downhill"],"generated":false,"id":"5ecb06388006e4740e7ce8234e26d036ce85edb7","location":null,"name":"Pal-Arinsal","runConvention":"europe","sources":[{"type":"openstreetmap","id":"relation/4638280"},{"type":"skimap.org","id":1807}],"status":"operating","type":"skiArea","websites":["http://www.vallnord.com/"],"statistics":{"runs":{"byActivity":{"downhill":{"byDifficulty":{"easy":{"count":29,"lengthInKm":20.858363377830223,"minElevation":1558.2487431681502,"maxElevation":2491.0273591680307,"combinedElevationChange":3693.1728125839886},"novice":{"count":9,"lengthInKm":3.172775951105538,"maxElevation":2256.4535199999787,"combinedElevationChange":479.4833746895015,"minElevation":1789.827260979216},"advanced":{"count":3,"lengthInKm":2.5787306934661585,"minElevation":1937.2300800002456,"maxElevation":2534.5657064320576,"combinedElevationChange":807.8002905404903},"intermediate":{"count":21,"lengthInKm":12.346787808472106,"minElevation":1844.9715935855613,"maxElevation":2489.9201663711965,"combinedElevationChange":3641.880392795686},"other":{"count":2,"lengthInKm":0.10704381182876538,"minElevation":2094.49559558079,"maxElevation":2237.4957588416046,"combinedElevationChange":11.424043260803046}}}},"minElevation":1558.2487431681502,"maxElevation":2534.5657064320576},"lifts":{"byType":{"gondola":{"count":2,"lengthInKm":3.176295731309711,"minElevation":1237.565454921608,"maxElevation":1919.344744844795,"combinedElevationChange":1107.8933287838854},"chair_lift":{"count":12,"lengthInKm":11.964826900293591,"minElevation":1553.825056428767,"maxElevation":2486.6322313520764,"combinedElevationChange":3173.663310246392},"drag_lift":{"count":6,"lengthInKm":3.2439118652796735,"minElevation":1893.2452799999487,"maxElevation":2339.2381706368255,"combinedElevationChange":773.0829379614327},"cable_car":{"count":1,"lengthInKm":2.3879046138398796,"minElevation":2066.005541440008,"maxElevation":2492.951279404874,"combinedElevationChange":426.9457379648661},"platter":{"count":1,"lengthInKm":0.39896484807186156,"minElevation":2450.0787449600393,"maxElevation":2534.5657064320576,"combinedElevationChange":84.48696147201827},"magic_carpet":{"count":9,"lengthInKm":0.70647313191135,"minElevation":1893.7999852414912,"maxElevation":2077.4390097648143,"combinedElevationChange":66.60550960032651}},"minElevation":1237.565454921608,"maxElevation":2534.5657064320576},"maxElevation":2534.5657064320576,"minElevation":1558.2487431681502}},"type":"Feature","geometry":{"coordinates":[1.4533222792924878,42.545759697593475],"type":"Point"}}],"elevationProfile":{"heights":[1919.6270386623517,1917.2257766474988,1915.624570800991,1912.5474333010718,1903.6833425725524,1897.21447876843,1892.7348295019926,1890.7106551052807,1883.610951538025,1878.333673089967,1877.6781465718893,1874.2289440636512,1873.0543805183488,1868.839304376943,1860.9712554260072,1855.099133980724,1851.382121766215,1847.9238885491122,1844.8174420988887,1840.9161634615728,1835.2013372482222,1829.072946198724,1825.6160887892731,1815.9521898527964,1812.7957361683266,1805.1880043150297,1798.3011942241153,1792.7090734886153,1783.0067324778684,1776.769465128099,1775.3727319855493,1775.7327257779205,1772.9736499524795,1763.5444024444944,1754.4533304082936,1755.6200403568055,1745.4573278351413,1732.8157749054003,1728.7000565794112,1730.6293605430092,1733.3869613804256,1721.0159512311504,1708.924195323606,1701.429054929395,1695.7850830606915,1693.5585976928242,1681.5598197201352,1673.6772586380898,1671.074037718631,1668.8355000791387,1662.226993888009,1658.516712284973,1648.924164962822,1641.6301184538836,1643.5003755444254,1646.401817647597,1643.0555773702445,1635.4872120385678,null,1625.0912618299103,1617.8673431996042,1612.0325641582872,1608.7012670940146,1606.1982307930773,1600.3448593120693,1598.1832072147051,1602.8240554250715,1598.3279323872305,1588.2976314723328,1578.0358648930371,1578.7452534343715,1579.9815737839112,1571.8674670782627,1562.4009467133392,1558.2487431681502],"resolution":25},"sources":[{"type":"openstreetmap","id":"way/52123917"}],"location":null,"websites":[]},"geometry":{"type":"LineString","coordinates":[[1.4702237999999996,42.574924599999996,1919.6270386623517],[1.4705775,42.575391,1915.8929992001006],[1.4707208999999997,42.5754698,1913.0414049856179],[1.4708235999999995,42.5754287,1908.1566758656963],[1.4708501,42.57520030000001,1902.2816580560545],[1.4709905999999995,42.5749921,1895.100132723091],[1.4713409,42.5748828,1892.9291744960972],[1.4719349999999995,42.574876,1880.4020000000735],[1.4719559,42.574969499999995,1878.269376304098],[1.4716576,42.57514500000001,1877.472314239755],[1.4715489999999998,42.57537100000001,1874.5754398399695],[1.4715635999999994,42.575645,1872.5972800000095],[1.4717175,42.5756409,1868.296775079998],[1.4722144,42.57541170000001,1855.3113835007491],[1.4727099,42.5753004,1849.6118786431487],[1.4728712999999996,42.5753217,1846.6841199999526],[1.4728952999999996,42.575431,1844.6781999999766],[1.4725994999999996,42.575745900000015,1839.328962191701],[1.4725855,42.57603090000001,1831.8868016398476],[1.4726772,42.576301,1826.826722112009],[1.4728476,42.576310700000015,1820.1990009407812],[1.4732405999999998,42.5762335,1813.4490998079755],[1.4738618999999993,42.5761834,1799.1030049184824],[1.4743673,42.5760791,1787.8975955471594],[1.4746031,42.576137,1779.9738721119356],[1.4746161999999998,42.5762621,1776.8212540191798],[1.4742625,42.57663870000001,1775.6344945999024],[1.474008,42.5767816,1772.876418560174],[1.4738155999999998,42.5771473,1755.387419526406],[1.4735716999999993,42.577428,1755.5905352961086],[1.4736085999999995,42.5775449,1749.1761061280374],[1.4737946999999991,42.577535200000014,1738.494975346978],[1.4742851000000001,42.577307,1729.3261847841425],[1.4748090999999997,42.57711180000001,1732.4024901308408],[1.4750035999999995,42.5771044,1724.282274432392],[1.475017,42.5772201,1712.530742160176],[1.4747340999999996,42.5775166,1701.511164662243],[1.4745795999999998,42.57770890000001,1695.863159999726],[1.474355,42.57793,1693.879191999899],[1.4743776,42.5780479,1686.9391357311376],[1.4745466999999997,42.5780571,1677.1234332526697],[1.4748488,42.5779221,1672.8830855038918],[1.4752236999999992,42.5777426,1669.0316399999772],[1.4758421,42.5775135,1657.90581381587],[1.4759757999999996,42.57751370000001,1654.547375241333],[1.4759898999999996,42.577623599999995,1647.2960372546927],[1.4757166999999995,42.5778639,1642.248919190495],[1.475453,42.5780824,1646.4432030720202],[1.4752252999999993,42.5783271,1642.2672387294638],[1.4752851,42.5784036,1638.558531974352],[1.4753965999999994,42.578415200000016,1635.6548905725006],[1.4757892999999993,42.5782218,1629.4594889503724],[1.476202,42.578070300000014,1618.3207277757974],[1.4767929,42.5779004,1608.6387600001397],[1.4769838,42.5778196,1607.1143140224985],[1.4771651,42.5777036,1602.9743823168178],[1.4773151,42.5775938,1599.2862399999294],[1.4774976999999996,42.5774357,1598.728959999843],[1.4776782999999996,42.5773007,1602.837519687881],[1.4778130999999997,42.5772404,1602.247118649942],[1.4781338,42.57726399999999,1592.8191646724308],[1.4783795999999998,42.5772558,1584.162456409453],[1.4785494,42.5772157,1578.2428947326084],[1.4787166999999997,42.5771248,1577.5507329408022],[1.4788795,42.57697810000001,1579.7506343757575],[1.4790046999999993,42.576905300000014,1579.9956876332594],[1.4791316999999993,42.5768656,1578.6068097793093],[1.4792862999999996,42.576889499999986,1572.3545259842913],[1.4797451999999998,42.577064499999985,1558.2487431681502]]}}
,
{"type":"Feature","properties":{"type":"run","id":"c9f70b2fe85f105565062c3b50d882af71bedc16","uses":["downhill"],"name":"Tub del Coll","ref":null,"description":null,"difficulty":"advanced","convention":"europe","status":"operating","oneway":true,"lit":null,"gladed":null,"patrolled":null,"grooming":"backcountry","color":"hsl(0, 0%, 0%)","colorName":"black","skiAreas":[{"properties":{"activities":["downhill"],"generated":false,"id":"5ecb06388006e4740e7ce8234e26d036ce85edb7","location":null,"name":"Pal-Arinsal","runConvention":"europe","sources":[{"type":"openstreetmap","id":"relation/4638280"},{"type":"skimap.org","id":1807}],"status":"operating","type":"skiArea","websites":["http://www.vallnord.com/"],"statistics":{"runs":{"byActivity":{"downhill":{"byDifficulty":{"easy":{"count":29,"lengthInKm":20.858363377830223,"minElevation":1558.2487431681502,"maxElevation":2491.0273591680307,"combinedElevationChange":3693.1728125839886},"novice":{"count":9,"lengthInKm":3.172775951105538,"maxElevation":2256.4535199999787,"combinedElevationChange":479.4833746895015,"minElevation":1789.827260979216},"advanced":{"count":3,"lengthInKm":2.5787306934661585,"minElevation":1937.2300800002456,"maxElevation":2534.5657064320576,"combinedElevationChange":807.8002905404903},"intermediate":{"count":21,"lengthInKm":12.346787808472106,"minElevation":1844.9715935855613,"maxElevation":2489.9201663711965,"combinedElevationChange":3641.880392795686},"other":{"count":2,"lengthInKm":0.10704381182876538,"minElevation":2094.49559558079,"maxElevation":2237.4957588416046,"combinedElevationChange":11.424043260803046}}}},"minElevation":1558.2487431681502,"maxElevation":2534.5657064320576},"lifts":{"byType":{"gondola":{"count":2,"lengthInKm":3.176295731309711,"minElevation":1237.565454921608,"maxElevation":1919.344744844795,"combinedElevationChange":1107.8933287838854},"chair_lift":{"count":12,"lengthInKm":11.964826900293591,"minElevation":1553.825056428767,"maxElevation":2486.6322313520764,"combinedElevationChange":3173.663310246392},"drag_lift":{"count":6,"lengthInKm":3.2439118652796735,"minElevation":1893.2452799999487,"maxElevation":2339.2381706368255,"combinedElevationChange":773.0829379614327},"cable_car":{"count":1,"lengthInKm":2.3879046138398796,"minElevation":2066.005541440008,"maxElevation":2492.951279404874,"combinedElevationChange":426.9457379648661},"platter":{"count":1,"lengthInKm":0.39896484807186156,"minElevation":2450.0787449600393,"maxElevation":2534.5657064320576,"combinedElevationChange":84.48696147201827},"magic_carpet":{"count":9,"lengthInKm":0.70647313191135,"minElevation":1893.7999852414912,"maxElevation":2077.4390097648143,"combinedElevationChange":66.60550960032651}},"minElevation":1237.565454921608,"maxElevation":2534.5657064320576},"maxElevation":2534.5657064320576,"minElevation":1558.2487431681502}},"type":"Feature","geometry":{"coordinates":[1.4533222792924878,42.545759697593475],"type":"Point"}}],"elevationProfile":{"heights":[2469.4375142880544,2465.1799162013576,2458.033426519929,2446.9923088943037,2434.3408907399835,2425.5514915595672,2412.5136669490994,2399.3580488179796,2388.835388509754,2378.3803449081324,2371.4038101301708,2363.3134952968976,2352.941238524735,2339.6545627675373,2328.0257083153756,2320.547544219893,2316.6369320980098,2313.527858318357,2312.4239566016063],"resolution":25},"sources":[{"type":"openstreetmap","id":"way/52268017"}],"location":null,"websites":[]},"geometry":{"type":"LineString","coordinates":[[1.4462909,42.56581100000001,2469.4375142880544],[1.446632,42.5660265,2461.884943680007],[1.4468811999999998,42.5662165,2451.1452871679094],[1.4471135,42.566319000000014,2440.6510950396832],[1.4473994999999993,42.566465,2428.3519331999864],[1.4478202999999992,42.56660330000001,2409.895281219047],[1.4487025999999998,42.5667017,2377.64547999997],[1.4491243999999992,42.56670190000001,2367.577059974336],[1.4493361999999994,42.56673770000001,2361.5348448478967],[1.4495342999999992,42.566919100000014,2350.0869258909397],[1.4497866999999995,42.5671095,2334.5273428879673],[1.4500981999999998,42.5672366,2322.6288799999784],[1.4504715,42.5673631,2316.8959598479596],[1.4508617999999995,42.5674639,2312.4239566016063]]}}
,
{"type":"Feature","properties":{"type":"run","id":"4ba3b77c70d99e46b72fb583e2cbb30a816aaf85","uses":["downhill"],"name":"Bony Vaques","ref":null,"description":null,"difficulty":"advanced","convention":"europe","status":"operating","oneway":true,"lit":null,"gladed":null,"patrolled":null,"grooming":null,"color":"hsl(0, 0%, 0%)","colorName":"black","skiAreas":[{"properties":{"activities":["downhill"],"generated":false,"id":"5ecb06388006e4740e7ce8234e26d036ce85edb7","location":null,"name":"Pal-Arinsal","runConvention":"europe","sources":[{"type":"openstreetmap","id":"relation/4638280"},{"type":"skimap.org","id":1807}],"status":"operating","type":"skiArea","websites":["http://www.vallnord.com/"],"statistics":{"runs":{"byActivity":{"downhill":{"byDifficulty":{"easy":{"count":29,"lengthInKm":20.858363377830223,"minElevation":1558.2487431681502,"maxElevation":2491.0273591680307,"combinedElevationChange":3693.1728125839886},"novice":{"count":9,"lengthInKm":3.172775951105538,"maxElevation":2256.4535199999787,"combinedElevationChange":479.4833746895015,"minElevation":1789.827260979216},"advanced":{"count":3,"lengthInKm":2.5787306934661585,"minElevation":1937.2300800002456,"maxElevation":2534.5657064320576,"combinedElevationChange":807.8002905404903},"intermediate":{"count":21,"lengthInKm":12.346787808472106,"minElevation":1844.9715935855613,"maxElevation":2489.9201663711965,"combinedElevationChange":3641.880392795686},"other":{"count":2,"lengthInKm":0.10704381182876538,"minElevation":2094.49559558079,"maxElevation":2237.4957588416046,"combinedElevationChange":11.424043260803046}}}},"minElevation":1558.2487431681502,"maxElevation":2534.5657064320576},"lifts":{"byType":{"gondola":{"count":2,"lengthInKm":3.176295731309711,"minElevation":1237.565454921608,"maxElevation":1919.344744844795,"combinedElevationChange":1107.8933287838854},"chair_lift":{"count":12,"lengthInKm":11.964826900293591,"minElevation":1553.825056428767,"maxElevation":2486.6322313520764,"combinedElevationChange":3173.663310246392},"drag_lift":{"count":6,"lengthInKm":3.2439118652796735,"minElevation":1893.2452799999487,"maxElevation":2339.2381706368255,"combinedElevationChange":773.0829379614327},"cable_car":{"count":1,"lengthInKm":2.3879046138398796,"minElevation":2066.005541440008,"maxElevation":2492.951279404874,"combinedElevationChange":426.9457379648661},"platter":{"count":1,"lengthInKm":0.39896484807186156,"minElevation":2450.0787449600393,"maxElevation":2534.5657064320576,"combinedElevationChange":84.48696147201827},"magic_carpet":{"count":9,"lengthInKm":0.70647313191135,"minElevation":1893.7999852414912,"maxElevation":2077.4390097648143,"combinedElevationChange":66.60550960032651}},"minElevation":1237.565454921608,"maxElevation":2534.5657064320576},"maxElevation":2534.5657064320576,"minElevation":1558.2487431681502}},"type":"Feature","geometry":{"coordinates":[1.4533222792924878,42.545759697593475],"type":"Point"}}],"elevationProfile":{"heights":[2452.3595444287507,2442.322921804469,2432.7852741926563,2426.501493669153,2420.4763335614603,2413.2763001246885,2406.6325681138715,2393.2258488532498,2378.473707417972,2369.0564790207177,2355.8474393339093,2343.346546098099,2328.899860375795,2314.286187308344,2304.0319414668043,2301.4477884343564,2300.1334257942544,2299.0119370880316],"resolution":25},"sources":[{"type":"openstreetmap","id":"way/52692955"}],"location":null,"websites":[]},"geometry":{"type":"LineString","coordinates":[[1.4460145999999998,42.5680806,2452.3595444287507],[1.4463791999999998,42.568191700000014,2439.3370338431055],[1.4467438,42.5682472,2429.215416985611],[1.4472591999999995,42.56830280000002,2418.9728725504447],[1.4477997999999992,42.56841390000002,2405.775908742276],[1.4482272999999997,42.5686176,2382.6756890623797],[1.4488055999999998,42.5688213,2358.3658517247536],[1.4490318999999996,42.568932400000016,2346.795390924504],[1.4493588,42.56899720000001,2331.375859327853],[1.4496353999999996,42.5690435,2317.8014982080213],[1.4500251,42.569052800000016,2303.94612037126],[1.450718,42.5690073,2299.0119370880316]]}}
,
{"type":"Feature","properties":{"type":"run","id":"821d17a1504b0c4baf6b34dd9fb972a456192238","uses":["downhill"],"name":"les Fonts","ref":null,"description":null,"difficulty":"easy","convention":"europe","status":"operating","oneway":true,"lit":null,"gladed":null,"patrolled":null,"grooming":null,"color":"hsl(208, 100%, 33%)","colorName":"blue","skiAreas":[{"properties":{"activities":["downhill"],"generated":false,"id":"5ecb06388006e4740e7ce8234e26d036ce85edb7","location":null,"name":"Pal-Arinsal","runConvention":"europe","sources":[{"type":"openstreetmap","id":"relation/4638280"},{"type":"skimap.org","id":1807}],"status":"operating","type":"skiArea","websites":["http://www.vallnord.com/"],"statistics":{"runs":{"byActivity":{"downhill":{"byDifficulty":{"easy":{"count":29,"lengthInKm":20.858363377830223,"minElevation":1558.2487431681502,"maxElevation":2491.0273591680307,"combinedElevationChange":3693.1728125839886},"novice":{"count":9,"lengthInKm":3.172775951105538,"maxElevation":2256.4535199999787,"combinedElevationChange":479.4833746895015,"minElevation":1789.827260979216},"advanced":{"count":3,"lengthInKm":2.5787306934661585,"minElevation":1937.2300800002456,"maxElevation":2534.5657064320576,"combinedElevationChange":807.8002905404903},"intermediate":{"count":21,"lengthInKm":12.346787808472106,"minElevation":1844.9715935855613,"maxElevation":2489.9201663711965,"combinedElevationChange":3641.880392795686},"other":{"count":2,"lengthInKm":0.10704381182876538,"minElevation":2094.49559558079,"maxElevation":2237.4957588416046,"combinedElevationChange":11.424043260803046}}}},"minElevation":1558.2487431681502,"maxElevation":2534.5657064320576},"lifts":{"byType":{"gondola":{"count":2,"lengthInKm":3.176295731309711,"minElevation":1237.565454921608,"maxElevation":1919.344744844795,"combinedElevationChange":1107.8933287838854},"chair_lift":{"count":12,"lengthInKm":11.964826900293591,"minElevation":1553.825056428767,"maxElevation":2486.6322313520764,"combinedElevationChange":3173.663310246392},"drag_lift":{"count":6,"lengthInKm":3.2439118652796735,"minElevation":1893.2452799999487,"maxElevation":2339.2381706368255,"combinedElevationChange":773.0829379614327},"cable_car":{"count":1,"lengthInKm":2.3879046138398796,"minElevation":2066.005541440008,"maxElevation":2492.951279404874,"combinedElevationChange":426.9457379648661},"platter":{"count":1,"lengthInKm":0.39896484807186156,"minElevation":2450.0787449600393,"maxElevation":2534.5657064320576,"combinedElevationChange":84.48696147201827},"magic_carpet":{"count":9,"lengthInKm":0.70647313191135,"minElevation":1893.7999852414912,"maxElevation":2077.4390097648143,"combinedElevationChange":66.60550960032651}},"minElevation":1237.565454921608,"maxElevation":2534.5657064320576},"maxElevation":2534.5657064320576,"minElevation":1558.2487431681502}},"type":"Feature","geometry":{"coordinates":[1.4533222792924878,42.545759697593475],"type":"Point"}}],"elevationProfile":{"heights":[2491.0273591680307,2489.5241323034456,2486.7735766942715,2481.4637901424744,2476.61014055176,2474.673186123279,2472.571849201883,2466.527630961797,2456.113798604492,2449.5728908378182,2442.507554308227,2436.0909276241764,2431.1116189590152,2423.8371205385,2416.0354753868896,2407.7167472964948,2400.4202808315154,2396.3048197535386,2390.509521126651,2381.7505619890067,2369.609442844124,2361.3095103432915,2347.158403271739,2331.2796868421055,2320.42643972566,2311.9062444015085,2305.1602233517087,2302.96541154885,2303.1389477049966,2303.763932132932,2304.9577305870175,2303.186787110454,2298.22889642112,2294.932159511588,2291.002202684,2287.704209951751,2284.0347782810863,2279.1493467038777,2273.9241466163035,2270.3848651563267,2267.512199171902,2265.06036196302,2260.0075539963286,2255.294250329395,2248.7113603900225,2242.3450573089854,2236.4592282510184,2230.6317001292405,2226.1551614297164,2221.759557816892,2215.990567064959,2210.578622058792,2206.7747080753697,2201.4069804494648,2193.7905042796983,2186.8699201245868,2179.0458814554354,2169.197631650732,2161.597000702885,2156.727879044925,2151.4716035491924,2145.3672391292366,2134.1993757679647,2125.078254101477,2116.9884359074167,2111.506409135536,2106.0699308244502,2102.39889234701,2099.821209873944,2097.5345739152194,2092.04700770574,2083.0434535573754,2078.1669191831097,2076.650095365446,2072.6975550873976,2062.457931759986,2051.0133638812063,2043.2989536551304,2038.8362088411477,2034.7916188380075,2025.3465191480584,2019.2936897910906,2019.0083795869716,2013.7109263856437,2006.424751274543,1999.3863404270185,1992.7485112001175,1985.3972427351312,1977.7626514454266,1970.051326523541,1959.8618926094298,1953.4908307847238,1946.651803495696,1941.0254105172698,1937.0331192801984,1933.5926486502299,1931.7245506655986,1930.2594907168252,1930.0255200000008],"resolution":25},"sources":[{"type":"openstreetmap","id":"way/52692956"}],"location":null,"websites":[]},"geometry":{"type":"LineString","coordinates":[[1.4455355999999995,42.5662285,2491.0273591680307],[1.4456829,42.5664094,2489.9201663711965],[1.4457662999999992,42.566479,2487.082332624014],[1.4457882999999996,42.5672935,2474.703959983993],[1.4459013999999992,42.5676917,2468.0262410144383],[1.4460145999999998,42.567950900000014,2456.1465534494114],[1.4460145999999998,42.5680806,2452.3595444287507],[1.4460145999999998,42.56821950000001,2448.33806273586],[1.4460899999999999,42.5684046,2442.1560214399733],[1.4460774,42.568599100000014,2436.593887606189],[1.4460774,42.56878430000001,2432.5018399999053],[1.4461209,42.5688619,2430.385215673565],[1.4461655,42.5689417,2427.721705495928],[1.4464671999999998,42.5690898,2418.722211609594],[1.4467311999999994,42.56919170000001,2410.432736678465],[1.4472591999999995,42.5692657,2398.0174601728368],[1.4477369999999996,42.56934910000001,2390.29542183996],[1.4481266999999995,42.569376800000015,2378.0943896575063],[1.4487176,42.5693861,2357.7065143936343],[1.4489439,42.569413900000015,2347.170522392172],[1.4492833999999997,42.5694046,2329.8510776768007],[1.4496227999999995,42.5694046,2318.73836026879],[1.4501884,42.5693016,2304.5788581376337],[1.4505024,42.569323900000015,2302.7826748288376],[1.4507668999999996,42.56963610000001,2303.689960000014],[1.4513451999999998,42.569858300000014,2303.3145600000016],[1.4518606999999992,42.569978700000014,2295.6901899456757],[1.4524263999999996,42.570099,2288.987136511978],[1.4530801999999998,42.5701638,2280.2731235904366],[1.4537338999999996,42.5702564,2270.4429999999816],[1.4541613999999996,42.5702935,2266.566279999943],[1.4544631,42.5702935,2263.8762387439706],[1.4549497999999996,42.570334,2255.366657728031],[1.4551294999999993,42.570349,2251.625333680008],[1.4558083999999996,42.5704231,2237.4957588416046],[1.4563725,42.5705364,2227.369851359986],[1.4566381,42.5705897,2223.5469210927977],[1.4572165,42.570710100000014,2212.1236000000017],[1.4578451,42.570867499999984,2202.825409159933],[1.4583102,42.5709416,2191.17872314877],[1.4588005999999998,42.57110820000001,2178.1221819264993],[1.4592029,42.5711916,2164.711811116762],[1.4597685999999994,42.5712934,2154.8782858302925],[1.4604852,42.5714138,2136.5774400000482],[1.4612522,42.57155260000001,2114.871039999988],[1.4615539,42.571654499999994,2108.531597904049],[1.4618681999999994,42.5717378,2103.96152419202],[1.4622792999999996,42.5718913,2099.7069773008066],[1.4627873,42.5720595,2092.9150073439864],[1.4630784,42.57211310000002,2083.7814528381177],[1.4634047999999993,42.572173200000016,2078.1899552253863],[1.4640177,42.572274,2072.3811599999967],[1.4642311,42.5722812,2065.841089747211],[1.4644074,42.5722919,2058.3160279775852],[1.4645625,42.572312400000015,2052.7123879999567],[1.4647185999999999,42.57232730000001,2047.36573277117],[1.4648676999999997,42.572346,2044.256830367973],[1.4649997999999993,42.5723605,2041.510558415983],[1.4651987999999996,42.572392500000014,2039.0139599999316],[1.4654610999999993,42.5724234,2035.4834188608147],[1.4656976999999995,42.572418100000014,2029.4793910495564],[1.4659548999999996,42.572410800000014,2022.618589913503],[1.4661858,42.572438800000015,2019.4297196414561],[1.4664525000000004,42.5724901,2018.5268399999306],[1.4667742999999995,42.572582300000015,2011.9886399998097],[1.4671473,42.572713700000016,2002.1318209901663],[1.4675244999999992,42.57281180000001,1993.2547435838176],[1.4679033999999993,42.57290130000001,1983.4409462492738],[1.4682431999999999,42.57295490000001,1976.025465727792],[1.4685195,42.5730026,1966.3883392159657],[1.4689063999999996,42.5730859,1956.3677859583897],[1.4691805999999998,42.5730534,1949.6574184832082],[1.4695473,42.57291590000002,1941.7281140815194],[1.4698539,42.5726802,1936.73019614399],[1.4701501000000001,42.57261790000001,1932.9887407967844],[1.4702486,42.5726015,1932.2383567680029],[1.4703994999999996,42.5725764,1931.5618000000004],[1.4706909,42.57257220000002,1930.0255200000008]]}}
,
{"type":"Feature","properties":{"type":"run","id":"a4e19ac6280ab0e24f9b39aa5529296e51bcd63c","uses":["downhill"],"name":"la Solana","ref":null,"description":null,"difficulty":"easy","convention":"europe","status":"operating","oneway":true,"lit":null,"gladed":null,"patrolled":null,"grooming":null,"color":"hsl(208, 100%, 33%)","colorName":"blue","skiAreas":[{"properties":{"activities":["downhill"],"generated":false,"id":"5ecb06388006e4740e7ce8234e26d036ce85edb7","location":null,"name":"Pal-Arinsal","runConvention":"europe","sources":[{"type":"openstreetmap","id":"relation/4638280"},{"type":"skimap.org","id":1807}],"status":"operating","type":"skiArea","websites":["http://www.vallnord.com/"],"statistics":{"runs":{"byActivity":{"downhill":{"byDifficulty":{"easy":{"count":29,"lengthInKm":20.858363377830223,"minElevation":1558.2487431681502,"maxElevation":2491.0273591680307,"combinedElevationChange":3693.1728125839886},"novice":{"count":9,"lengthInKm":3.172775951105538,"maxElevation":2256.4535199999787,"combinedElevationChange":479.4833746895015,"minElevation":1789.827260979216},"advanced":{"count":3,"lengthInKm":2.5787306934661585,"minElevation":1937.2300800002456,"maxElevation":2534.5657064320576,"combinedElevationChange":807.8002905404903},"intermediate":{"count":21,"lengthInKm":12.346787808472106,"minElevation":1844.9715935855613,"maxElevation":2489.9201663711965,"combinedElevationChange":3641.880392795686},"other":{"count":2,"lengthInKm":0.10704381182876538,"minElevation":2094.49559558079,"maxElevation":2237.4957588416046,"combinedElevationChange":11.424043260803046}}}},"minElevation":1558.2487431681502,"maxElevation":2534.5657064320576},"lifts":{"byType":{"gondola":{"count":2,"lengthInKm":3.176295731309711,"minElevation":1237.565454921608,"maxElevation":1919.344744844795,"combinedElevationChange":1107.8933287838854},"chair_lift":{"count":12,"lengthInKm":11.964826900293591,"minElevation":1553.825056428767,"maxElevation":2486.6322313520764,"combinedElevationChange":3173.663310246392},"drag_lift":{"count":6,"lengthInKm":3.2439118652796735,"minElevation":1893.2452799999487,"maxElevation":2339.2381706368255,"combinedElevationChange":773.0829379614327},"cable_car":{"count":1,"lengthInKm":2.3879046138398796,"minElevation":2066.005541440008,"maxElevation":2492.951279404874,"combinedElevationChange":426.9457379648661},"platter":{"count":1,"lengthInKm":0.39896484807186156,"minElevation":2450.0787449600393,"maxElevation":2534.5657064320576,"combinedElevationChange":84.48696147201827},"magic_carpet":{"count":9,"lengthInKm":0.70647313191135,"minElevation":1893.7999852414912,"maxElevation":2077.4390097648143,"combinedElevationChange":66.60550960032651}},"minElevation":1237.565454921608,"maxElevation":2534.5657064320576},"maxElevation":2534.5657064320576,"minElevation":1558.2487431681502}},"type":"Feature","geometry":{"coordinates":[1.4533222792924878,42.545759697593475],"type":"Point"}}],"elevationProfile":{"heights":[2430.385215673565,2426.5616311266153,2425.132339431735,2423.0128666599903,2419.0866023291683,2413.2684112878387,2407.4964262609974,2402.226389820883,2397.427214734805,2390.067373173675,2383.064216496305,2378.615225574227,2376.9508634393615,2371.733729022963,2367.036562158399,2362.546152601562,2359.2745946724917,2357.423998791575,2351.4833808627877,2345.65699006747,2341.0415893747668,2338.149690152974,2332.867030216273,2322.4732159260298,2315.491947506846,2314.774085339408,2313.2799012428704,2309.4777857121107,2305.748523900063,2300.6281231980547,2294.07947506129,2290.013150213344,2287.928554656683,2282.6342965057697,2274.7661998281537,2269.0622823135895,2263.324785572673,2258.061147000086,2255.366657728031],"resolution":25},"sources":[{"type":"openstreetmap","id":"way/52692957"}],"location":null,"websites":[]},"geometry":{"type":"LineString","coordinates":[[1.4461209,42.5688619,2430.385215673565],[1.4460145,42.5692524,2425.6316550079955],[1.4461292999999993,42.5694535,2423.93581464804],[1.4468125,42.56952680000001,2413.244708000129],[1.4479745999999993,42.5698743,2389.1054848576837],[1.4485297999999995,42.5700462,2378.370834809612],[1.4490930999999996,42.57021800000001,2371.0776528641354],[1.4495355999999995,42.5704017,2363.6439587391524],[1.4499298999999992,42.5705617,2358.8017199999563],[1.4502115,42.5706802,2356.742159999916],[1.4506217999999993,42.570781,2346.7490318398604],[1.4511851,42.5708461,2339.0927942829344],[1.4519091999999993,42.57091130000001,2322.9933980355677],[1.4528264999999996,42.5709647,2313.3985705039013],[1.4533576,42.5710061,2306.6817055743186],[1.4537920999999996,42.5710595,2299.390599391901],[1.4542024,42.5711365,2291.4653576960636],[1.4544759999999999,42.571178,2288.6212902401535],[1.4547978,42.5712669,2286.1120866527153],[1.4548864,42.5712669,2283.7004811263164],[1.4549909999999995,42.5712609,2280.636671375957],[1.4550151,42.5711898,2277.343559999969],[1.4549829,42.571095,2274.843779039989],[1.4548541999999998,42.5708343,2267.6628531648576],[1.4548059,42.5706091,2262.035879999963],[1.4548381,42.5704965,2259.152488215965],[1.4548782999999996,42.5704017,2257.2862940943755],[1.4549497999999996,42.570334,2255.366657728031]]}}
,
{"type":"Feature","properties":{"type":"run","id":"599e31cbd20ebda44c867dad6b2d1bf8068deb78","uses":["downhill"],"name":"Tub Estadi","ref":null,"description":null,"difficulty":"intermediate","convention":"europe","status":"operating","oneway":true,"lit":null,"gladed":null,"patrolled":null,"grooming":null,"color":"hsl(359, 94%, 53%)","colorName":"red","skiAreas":[{"properties":{"activities":["downhill"],"generated":false,"id":"5ecb06388006e4740e7ce8234e26d036ce85edb7","location":null,"name":"Pal-Arinsal","runConvention":"europe","sources":[{"type":"openstreetmap","id":"relation/4638280"},{"type":"skimap.org","id":1807}],"status":"operating","type":"skiArea","websites":["http://www.vallnord.com/"],"statistics":{"runs":{"byActivity":{"downhill":{"byDifficulty":{"easy":{"count":29,"lengthInKm":20.858363377830223,"minElevation":1558.2487431681502,"maxElevation":2491.0273591680307,"combinedElevationChange":3693.1728125839886},"novice":{"count":9,"lengthInKm":3.172775951105538,"maxElevation":2256.4535199999787,"combinedElevationChange":479.4833746895015,"minElevation":1789.827260979216},"advanced":{"count":3,"lengthInKm":2.5787306934661585,"minElevation":1937.2300800002456,"maxElevation":2534.5657064320576,"combinedElevationChange":807.8002905404903},"intermediate":{"count":21,"lengthInKm":12.346787808472106,"minElevation":1844.9715935855613,"maxElevation":2489.9201663711965,"combinedElevationChange":3641.880392795686},"other":{"count":2,"lengthInKm":0.10704381182876538,"minElevation":2094.49559558079,"maxElevation":2237.4957588416046,"combinedElevationChange":11.424043260803046}}}},"minElevation":1558.2487431681502,"maxElevation":2534.5657064320576},"lifts":{"byType":{"gondola":{"count":2,"lengthInKm":3.176295731309711,"minElevation":1237.565454921608,"maxElevation":1919.344744844795,"combinedElevationChange":1107.8933287838854},"chair_lift":{"count":12,"lengthInKm":11.964826900293591,"minElevation":1553.825056428767,"maxElevation":2486.6322313520764,"combinedElevationChange":3173.663310246392},"drag_lift":{"count":6,"lengthInKm":3.2439118652796735,"minElevation":1893.2452799999487,"maxElevation":2339.2381706368255,"combinedElevationChange":773.0829379614327},"cable_car":{"count":1,"lengthInKm":2.3879046138398796,"minElevation":2066.005541440008,"maxElevation":2492.951279404874,"combinedElevationChange":426.9457379648661},"platter":{"count":1,"lengthInKm":0.39896484807186156,"minElevation":2450.0787449600393,"maxElevation":2534.5657064320576,"combinedElevationChange":84.48696147201827},"magic_carpet":{"count":9,"lengthInKm":0.70647313191135,"minElevation":1893.7999852414912,"maxElevation":2077.4390097648143,"combinedElevationChange":66.60550960032651}},"minElevation":1237.565454921608,"maxElevation":2534.5657064320576},"maxElevation":2534.5657064320576,"minElevation":1558.2487431681502}},"type":"Feature","geometry":{"coordinates":[1.4533222792924878,42.545759697593475],"type":"Point"}}],"elevationProfile":{"heights":[2489.9201663711965,2480.0712786126737,2468.828129557035,2456.541255450746,2442.889893666774,2430.6896768395445,2422.084872115208,2411.7510071844076,2401.4944969198314,2391.6989911218725,2381.7024364085855,2370.62583708922,2357.8018852001464,2345.6101826001172,2333.2378486003813,2320.9454067933593,2314.6461092447485,2309.5831226749006,2303.1341057641803,2297.7100406446957,2292.0776522170395,2286.690084676133,2282.397048520555,2280.054881017462,2279.4327202687864],"resolution":25},"sources":[{"type":"openstreetmap","id":"way/52692959"}],"location":null,"websites":[]},"geometry":{"type":"LineString","coordinates":[[1.4456829,42.5664094,2489.9201663711965],[1.4459179,42.5664624,2481.977571993609],[1.4461462999999997,42.566562300000015,2472.611799999856],[1.4463960999999996,42.5666097,2462.7291922463924],[1.4467216999999992,42.5666918,2448.0445941024],[1.4470471999999999,42.56679980000001,2432.4362857727288],[1.4475961999999993,42.5670236,2413.1120000000383],[1.4479068999999996,42.567247599999995,null],[1.4482308,42.5674286,2385.3330386048124],[1.4486221,42.5676284,2368.2566275712643],[1.4489989999999995,42.5678212,2349.3269600000303],[1.4493154,42.567889799999996,2336.0964489728017],[1.4499298999999992,42.5678418,2315.7811357312194],[1.4504108,42.5678933,2307.158803385582],[1.4510321999999998,42.5680864,2294.27781575681],[1.4514761999999994,42.568114000000016,2286.4163987840043],[1.4518696999999992,42.5680914,2281.418968332803],[1.4521161999999999,42.5679778,2279.4327202687864]]}}
,
{"type":"Feature","properties":{"type":"run","id":"d7cd8d7911f0c08da164a71d52cd4d05559511b1","uses":["downhill"],"name":"la Pala","ref":null,"description":null,"difficulty":"intermediate","convention":"europe","status":"operating","oneway":true,"lit":null,"gladed":null,"patrolled":null,"grooming":null,"color":"hsl(359, 94%, 53%)","colorName":"red","skiAreas":[{"properties":{"activities":["downhill"],"generated":false,"id":"5ecb06388006e4740e7ce8234e26d036ce85edb7","location":null,"name":"Pal-Arinsal","runConvention":"europe","sources":[{"type":"openstreetmap","id":"relation/4638280"},{"type":"skimap.org","id":1807}],"status":"operating","type":"skiArea","websites":["http://www.vallnord.com/"],"statistics":{"runs":{"byActivity":{"downhill":{"byDifficulty":{"easy":{"count":29,"lengthInKm":20.858363377830223,"minElevation":1558.2487431681502,"maxElevation":2491.0273591680307,"combinedElevationChange":3693.1728125839886},"novice":{"count":9,"lengthInKm":3.172775951105538,"maxElevation":2256.4535199999787,"combinedElevationChange":479.4833746895015,"minElevation":1789.827260979216},"advanced":{"count":3,"lengthInKm":2.5787306934661585,"minElevation":1937.2300800002456,"maxElevation":2534.5657064320576,"combinedElevationChange":807.8002905404903},"intermediate":{"count":21,"lengthInKm":12.346787808472106,"minElevation":1844.9715935855613,"maxElevation":2489.9201663711965,"combinedElevationChange":3641.880392795686},"other":{"count":2,"lengthInKm":0.10704381182876538,"minElevation":2094.49559558079,"maxElevation":2237.4957588416046,"combinedElevationChange":11.424043260803046}}}},"minElevation":1558.2487431681502,"maxElevation":2534.5657064320576},"lifts":{"byType":{"gondola":{"count":2,"lengthInKm":3.176295731309711,"minElevation":1237.565454921608,"maxElevation":1919.344744844795,"combinedElevationChange":1107.8933287838854},"chair_lift":{"count":12,"lengthInKm":11.964826900293591,"minElevation":1553.825056428767,"maxElevation":2486.6322313520764,"combinedElevationChange":3173.663310246392},"drag_lift":{"count":6,"lengthInKm":3.2439118652796735,"minElevation":1893.2452799999487,"maxElevation":2339.2381706368255,"combinedElevationChange":773.0829379614327},"cable_car":{"count":1,"lengthInKm":2.3879046138398796,"minElevation":2066.005541440008,"maxElevation":2492.951279404874,"combinedElevationChange":426.9457379648661},"platter":{"count":1,"lengthInKm":0.39896484807186156,"minElevation":2450.0787449600393,"maxElevation":2534.5657064320576,"combinedElevationChange":84.48696147201827},"magic_carpet":{"count":9,"lengthInKm":0.70647313191135,"minElevation":1893.7999852414912,"maxElevation":2077.4390097648143,"combinedElevationChange":66.60550960032651}},"minElevation":1237.565454921608,"maxElevation":2534.5657064320576},"maxElevation":2534.5657064320576,"minElevation":1558.2487431681502}},"type":"Feature","geometry":{"coordinates":[1.4533222792924878,42.545759697593475],"type":"Point"}}],"elevationProfile":{"heights":[2488.668133880123,2482.316849858788,2474.5425284389307,2468.268589926762,2463.7859071696566,2463.031801517229,2462.6244824878236,2459.994443982714,2451.9764251465444,2442.5046800081172,2430.4322650743416,2419.319817551933,2410.2827634586724,2402.878832793788,2394.324863498543,2385.9681947348254,2379.1007286957147,2369.889353720056,2359.1386155785276,2347.600355580947,2333.557298018179,2324.1778483430758,2316.8937831209573,2310.9416613501658,2302.9291553487415,2292.3460535272225,2285.8085847316606,2282.2070542187694,2279.4327202687864],"resolution":25},"sources":[{"type":"openstreetmap","id":"way/52692960"}],"location":null,"websites":[]},"geometry":{"type":"LineString","coordinates":[[1.4456114999999996,42.566193100000014,2488.668133880123],[1.4457938999999993,42.566103200000015,2484.39696000017],[1.4462478,42.56583360000001,2470.542022809643],[1.4462909,42.56581100000001,2469.4375142880544],[1.4464577,42.565723700000014,2465.8706703888524],[1.4466375,42.56564990000001,2463.316986600005],[1.4467695999999994,42.56558680000001,2462.833277644772],[1.44681,42.5655696,2462.8956441599744],[1.4470718999999996,42.5654577,2462.757880310379],[1.4472232999999992,42.56541690000002,2462.4877702223002],[1.4474113999999996,42.56545360000001,2460.12686676471],[1.4476231999999993,42.565554200000015,2453.937626265355],[1.4478818999999996,42.56562510000001,2445.3100301150125],[1.4483654,42.5657446,2425.8359999999343],[1.4487664999999996,42.5657665,2413.0939749199183],[1.4490667999999995,42.56579390000002,2405.410197458801],[1.4492899,42.565843,2399.0249599999697],[1.4494913999999992,42.56589070000001,2393.261209859066],[1.4497259999999994,42.56597020000002,2386.0593980156573],[1.4499344999999992,42.5660895,2380.368509520133],[1.4500640999999996,42.5661976,2374.9698211327004],[1.4502291999999994,42.5664613,2361.4345968447915],[1.4503285,42.566776900000015,2344.343868951511],[1.4504246999999992,42.56703090000001,2329.589581060531],[1.4505921999999998,42.56725270000001,2319.7776285246587],[1.4508617999999995,42.5674639,2312.4239566016063],[1.4512591,42.5678084,2294.194377312051],[1.4516836999999996,42.567966,2283.8247904320187],[1.4521161999999999,42.5679778,2279.4327202687864]]}}
,
{"type":"Feature","properties":{"type":"run","id":"3dcaa6be7b8f34c320a7b5be4821fab81bd922e6","uses":["downhill"],"name":"la Tossa","ref":null,"description":null,"difficulty":"intermediate","convention":"europe","status":"operating","oneway":true,"lit":null,"gladed":null,"patrolled":null,"grooming":null,"color":"hsl(359, 94%, 53%)","colorName":"red","skiAreas":[{"properties":{"activities":["downhill"],"generated":false,"id":"5ecb06388006e4740e7ce8234e26d036ce85edb7","location":null,"name":"Pal-Arinsal","runConvention":"europe","sources":[{"type":"openstreetmap","id":"relation/4638280"},{"type":"skimap.org","id":1807}],"status":"operating","type":"skiArea","websites":["http://www.vallnord.com/"],"statistics":{"runs":{"byActivity":{"downhill":{"byDifficulty":{"easy":{"count":29,"lengthInKm":20.858363377830223,"minElevation":1558.2487431681502,"maxElevation":2491.0273591680307,"combinedElevationChange":3693.1728125839886},"novice":{"count":9,"lengthInKm":3.172775951105538,"maxElevation":2256.4535199999787,"combinedElevationChange":479.4833746895015,"minElevation":1789.827260979216},"advanced":{"count":3,"lengthInKm":2.5787306934661585,"minElevation":1937.2300800002456,"maxElevation":2534.5657064320576,"combinedElevationChange":807.8002905404903},"intermediate":{"count":21,"lengthInKm":12.346787808472106,"minElevation":1844.9715935855613,"maxElevation":2489.9201663711965,"combinedElevationChange":3641.880392795686},"other":{"count":2,"lengthInKm":0.10704381182876538,"minElevation":2094.49559558079,"maxElevation":2237.4957588416046,"combinedElevationChange":11.424043260803046}}}},"minElevation":1558.2487431681502,"maxElevation":2534.5657064320576},"lifts":{"byType":{"gondola":{"count":2,"lengthInKm":3.176295731309711,"minElevation":1237.565454921608,"maxElevation":1919.344744844795,"combinedElevationChange":1107.8933287838854},"chair_lift":{"count":12,"lengthInKm":11.964826900293591,"minElevation":1553.825056428767,"maxElevation":2486.6322313520764,"combinedElevationChange":3173.663310246392},"drag_lift":{"count":6,"lengthInKm":3.2439118652796735,"minElevation":1893.2452799999487,"maxElevation":2339.2381706368255,"combinedElevationChange":773.0829379614327},"cable_car":{"count":1,"lengthInKm":2.3879046138398796,"minElevation":2066.005541440008,"maxElevation":2492.951279404874,"combinedElevationChange":426.9457379648661},"platter":{"count":1,"lengthInKm":0.39896484807186156,"minElevation":2450.0787449600393,"maxElevation":2534.5657064320576,"combinedElevationChange":84.48696147201827},"magic_carpet":{"count":9,"lengthInKm":0.70647313191135,"minElevation":1893.7999852414912,"maxElevation":2077.4390097648143,"combinedElevationChange":66.60550960032651}},"minElevation":1237.565454921608,"maxElevation":2534.5657064320576},"maxElevation":2534.5657064320576,"minElevation":1558.2487431681502}},"type":"Feature","geometry":{"coordinates":[1.4533222792924878,42.545759697593475],"type":"Point"}}],"elevationProfile":{"heights":[2185.6723400095602,2181.6666254821075,2175.3571612541523,2172.3683021890492,2169.35952251435,2165.0007229116627,2157.3397020086672,2151.679940854692,2145.377160409784,2137.002257012103,2134.964688124662,2134.5899714637912,2131.4150281557186,2124.4071378907556,2117.3393438958287,2109.2754838824394,2102.409401422126,2100.0776197592763,2098.408093764461,2096.1944142959737,2090.853995380091,2084.5965230054135,2080.1246832130287,2076.466261983464,2067.8865349262264,2058.4718180815876,2055.521226799652,2048.9373486725567,2035.5769776675813,2026.6166034832097,2022.2171740293372,2018.8227423598992,2012.41889716294,2004.9239273883668,1993.198301889589,1982.1513947140893,1973.8206093815581,1962.124152615568,1946.867691332465,1936.3411572527466,1932.5835345886703,1932.5767631039885],"resolution":25},"sources":[{"type":"openstreetmap","id":"way/52692962"}],"location":null,"websites":[]},"geometry":{"type":"LineString","coordinates":[[1.4591641999999994,42.5690747,2185.6723400095602],[1.4600357,42.569255200000015,2172.4680799998887],[1.4606165,42.56935710000001,2165.5317525439],[1.4611387999999996,42.56951690000002,2152.539796812588],[1.4615161999999995,42.569635900000016,2144.4116150460345],[1.4618539999999998,42.5697747,2135.471552351969],[1.4622631,42.5699637,2134.719256081493],[1.4626504,42.5701646,2128.247901568061],[1.4631608999999997,42.570409,2113.3246000000636],[1.4637705999999995,42.5707641,2100.000430915238],[1.4642298999999996,42.5709473,2096.846703164797],[1.4643544,42.5709811,2095.4548009216587],[1.4647865,42.5710984,2085.8409265921387],[1.4651291999999994,42.57112890000001,2080.840627430185],[1.4658775,42.57119570000001,2065.0388213198066],[1.4666096999999996,42.57133800000001,2050.400810655766],[1.4674223999999996,42.5715098,null],[1.4681787,42.57170530000001,2011.2950061086215],[1.4686535,42.5718239,1995.0738268881012],[1.4692021,42.5719947,1976.0866781553002],[1.4695095999999994,42.57213460000001,1962.6551199998032],[1.4699882999999996,42.57229270000001,1938.4270666271275],[1.4702194,42.572535500000015,1932.5767631039885]]}}
,
{"type":"Feature","properties":{"type":"run","id":"bf27c8afe048affefe93040441961bf669310565","uses":["downhill"],"name":"Estadi","ref":null,"description":null,"difficulty":"intermediate","convention":"europe","status":"operating","oneway":true,"lit":null,"gladed":null,"patrolled":null,"grooming":null,"color":"hsl(359, 94%, 53%)","colorName":"red","skiAreas":[{"properties":{"activities":["downhill"],"generated":false,"id":"5ecb06388006e4740e7ce8234e26d036ce85edb7","location":null,"name":"Pal-Arinsal","runConvention":"europe","sources":[{"type":"openstreetmap","id":"relation/4638280"},{"type":"skimap.org","id":1807}],"status":"operating","type":"skiArea","websites":["http://www.vallnord.com/"],"statistics":{"runs":{"byActivity":{"downhill":{"byDifficulty":{"easy":{"count":29,"lengthInKm":20.858363377830223,"minElevation":1558.2487431681502,"maxElevation":2491.0273591680307,"combinedElevationChange":3693.1728125839886},"novice":{"count":9,"lengthInKm":3.172775951105538,"maxElevation":2256.4535199999787,"combinedElevationChange":479.4833746895015,"minElevation":1789.827260979216},"advanced":{"count":3,"lengthInKm":2.5787306934661585,"minElevation":1937.2300800002456,"maxElevation":2534.5657064320576,"combinedElevationChange":807.8002905404903},"intermediate":{"count":21,"lengthInKm":12.346787808472106,"minElevation":1844.9715935855613,"maxElevation":2489.9201663711965,"combinedElevationChange":3641.880392795686},"other":{"count":2,"lengthInKm":0.10704381182876538,"minElevation":2094.49559558079,"maxElevation":2237.4957588416046,"combinedElevationChange":11.424043260803046}}}},"minElevation":1558.2487431681502,"maxElevation":2534.5657064320576},"lifts":{"byType":{"gondola":{"count":2,"lengthInKm":3.176295731309711,"minElevation":1237.565454921608,"maxElevation":1919.344744844795,"combinedElevationChange":1107.8933287838854},"chair_lift":{"count":12,"lengthInKm":11.964826900293591,"minElevation":1553.825056428767,"maxElevation":2486.6322313520764,"combinedElevationChange":3173.663310246392},"drag_lift":{"count":6,"lengthInKm":3.2439118652796735,"minElevation":1893.2452799999487,"maxElevation":2339.2381706368255,"combinedElevationChange":773.0829379614327},"cable_car":{"count":1,"lengthInKm":2.3879046138398796,"minElevation":2066.005541440008,"maxElevation":2492.951279404874,"combinedElevationChange":426.9457379648661},"platter":{"count":1,"lengthInKm":0.39896484807186156,"minElevation":2450.0787449600393,"maxElevation":2534.5657064320576,"combinedElevationChange":84.48696147201827},"magic_carpet":{"count":9,"lengthInKm":0.70647313191135,"minElevation":1893.7999852414912,"maxElevation":2077.4390097648143,"combinedElevationChange":66.60550960032651}},"minElevation":1237.565454921608,"maxElevation":2534.5657064320576},"maxElevation":2534.5657064320576,"minElevation":1558.2487431681502}},"type":"Feature","geometry":{"coordinates":[1.4533222792924878,42.545759697593475],"type":"Point"}}],"elevationProfile":{"heights":[2094.49559558079,2087.097307443243,2078.9941028818407,2070.0993756168373,2061.1025210706985,2053.3931221348716,2046.1746309639254,2039.7063891903492,2033.3727678785583,2025.6584901088884,2018.8150893326024,2013.713116341518,2007.8018346352858,2004.7312435292572,1995.8506101305602,1981.1063955879,1972.0770622701373,1965.0694198051654,1956.0243819272823,1943.758786234367,1934.3079336605442,1933.2083510783932],"resolution":25},"sources":[{"type":"openstreetmap","id":"way/52692963"}],"location":null,"websites":[]},"geometry":{"type":"LineString","coordinates":[[1.4643346999999995,42.5710361,2094.49559558079],[1.4648792999999996,42.5712921,2077.985747553575],[1.4652963999999993,42.5714506,2064.0137736064676],[1.4657434999999996,42.5715851,2051.8028863520003],[1.4663844,42.5717161,2037.7998841663182],[1.4669221,42.571802,2024.0486992640376],[1.4676273999999996,42.5719091,2010.576429414423],[1.4682705999999999,42.57203180000001,1998.5525773054626],[1.4686891,42.572126900000015,1979.3370143980744],[1.4689075999999999,42.57217660000001,1972.548263206166],[1.4691376999999997,42.5722447,1966.7528833248364],[1.4694301999999995,42.572301900000014,1959.417418310174],[1.4696862999999996,42.57240220000001,1947.3291639422623],[1.4701516,42.5725472,1933.2083510783932]]}}
,
{"type":"Feature","properties":{"type":"run","id":"2143c119b138a7ad51e42649f8ba86f39f1c0eef","uses":["snow_park"],"name":"Planelles","ref":null,"description":null,"difficulty":"easy","convention":"europe","status":"operating","oneway":null,"lit":null,"gladed":null,"patrolled":null,"grooming":null,"color":"hsl(208, 100%, 33%)","colorName":"blue","skiAreas":[{"properties":{"activities":["downhill"],"generated":false,"id":"5ecb06388006e4740e7ce8234e26d036ce85edb7","location":null,"name":"Pal-Arinsal","runConvention":"europe","sources":[{"type":"openstreetmap","id":"relation/4638280"},{"type":"skimap.org","id":1807}],"status":"operating","type":"skiArea","websites":["http://www.vallnord.com/"],"statistics":{"runs":{"byActivity":{"downhill":{"byDifficulty":{"easy":{"count":29,"lengthInKm":20.858363377830223,"minElevation":1558.2487431681502,"maxElevation":2491.0273591680307,"combinedElevationChange":3693.1728125839886},"novice":{"count":9,"lengthInKm":3.172775951105538,"maxElevation":2256.4535199999787,"combinedElevationChange":479.4833746895015,"minElevation":1789.827260979216},"advanced":{"count":3,"lengthInKm":2.5787306934661585,"minElevation":1937.2300800002456,"maxElevation":2534.5657064320576,"combinedElevationChange":807.8002905404903},"intermediate":{"count":21,"lengthInKm":12.346787808472106,"minElevation":1844.9715935855613,"maxElevation":2489.9201663711965,"combinedElevationChange":3641.880392795686},"other":{"count":2,"lengthInKm":0.10704381182876538,"minElevation":2094.49559558079,"maxElevation":2237.4957588416046,"combinedElevationChange":11.424043260803046}}}},"minElevation":1558.2487431681502,"maxElevation":2534.5657064320576},"lifts":{"byType":{"gondola":{"count":2,"lengthInKm":3.176295731309711,"minElevation":1237.565454921608,"maxElevation":1919.344744844795,"combinedElevationChange":1107.8933287838854},"chair_lift":{"count":12,"lengthInKm":11.964826900293591,"minElevation":1553.825056428767,"maxElevation":2486.6322313520764,"combinedElevationChange":3173.663310246392},"drag_lift":{"count":6,"lengthInKm":3.2439118652796735,"minElevation":1893.2452799999487,"maxElevation":2339.2381706368255,"combinedElevationChange":773.0829379614327},"cable_car":{"count":1,"lengthInKm":2.3879046138398796,"minElevation":2066.005541440008,"maxElevation":2492.951279404874,"combinedElevationChange":426.9457379648661},"platter":{"count":1,"lengthInKm":0.39896484807186156,"minElevation":2450.0787449600393,"maxElevation":2534.5657064320576,"combinedElevationChange":84.48696147201827},"magic_carpet":{"count":9,"lengthInKm":0.70647313191135,"minElevation":1893.7999852414912,"maxElevation":2077.4390097648143,"combinedElevationChange":66.60550960032651}},"minElevation":1237.565454921608,"maxElevation":2534.5657064320576},"maxElevation":2534.5657064320576,"minElevation":1558.2487431681502}},"type":"Feature","geometry":{"coordinates":[1.4533222792924878,42.545759697593475],"type":"Point"}}],"elevationProfile":{"heights":[2301.0023017856547,2299.508896753327,2297.752888252069,2294.1412269288935,2289.042073964148,2281.577507430876,2275.0897651919904,2272.236431706671,2268.9357546080973,2264.6016393493837,2259.6647398027794,2256.3811575959253,2252.6792510605455,2247.890466128772,2241.97440713534,2236.952494183325,2234.2992172456998,2231.136103490051,2228.6087713928937,2228.8976708134446,2229.251755712055],"resolution":25},"sources":[{"type":"openstreetmap","id":"way/52692964"}],"location":null,"websites":[]},"geometry":{"type":"LineString","coordinates":[[1.4508095999999995,42.56924830000001,2301.0023017856547],[1.4513703999999996,42.569136100000016,2297.9288970499006],[1.4519612999999991,42.56911760000001,2290.215712576164],[1.452351,42.5690805,2280.4722348799946],[1.4529795999999995,42.56910830000002,2271.7054095744243],[1.4537464999999996,42.56920090000001,2260.8695471760534],[1.4544757,42.56934910000001,2251.71229863523],[1.4548276999999996,42.56943240000001,2245.5586706816543],[1.4550665999999994,42.569450900000014,2240.65997202251],[1.4554185999999998,42.5695435,2235.790545808045],[1.4556448999999996,42.5695805,2233.946918544025],[1.4559591999999995,42.5695898,2229.9672000001096],[1.4561604,42.5696639,2228.518135302468],[1.4563595999999999,42.5699114,2229.251755712055]]}}
,
{"type":"Feature","properties":{"type":"run","id":"896946d5f8e0780e56ef6dbd3e6dc62ca0ae243e","uses":["downhill"],"name":"Port Vell","ref":null,"description":null,"difficulty":"easy","convention":"europe","status":"operating","oneway":true,"lit":null,"gladed":null,"patrolled":null,"grooming":null,"color":"hsl(208, 100%, 33%)","colorName":"blue","skiAreas":[{"properties":{"activities":["downhill"],"generated":false,"id":"5ecb06388006e4740e7ce8234e26d036ce85edb7","location":null,"name":"Pal-Arinsal","runConvention":"europe","sources":[{"type":"openstreetmap","id":"relation/4638280"},{"type":"skimap.org","id":1807}],"status":"operating","type":"skiArea","websites":["http://www.vallnord.com/"],"statistics":{"runs":{"byActivity":{"downhill":{"byDifficulty":{"easy":{"count":29,"lengthInKm":20.858363377830223,"minElevation":1558.2487431681502,"maxElevation":2491.0273591680307,"combinedElevationChange":3693.1728125839886},"novice":{"count":9,"lengthInKm":3.172775951105538,"maxElevation":2256.4535199999787,"combinedElevationChange":479.4833746895015,"minElevation":1789.827260979216},"advanced":{"count":3,"lengthInKm":2.5787306934661585,"minElevation":1937.2300800002456,"maxElevation":2534.5657064320576,"combinedElevationChange":807.8002905404903},"intermediate":{"count":21,"lengthInKm":12.346787808472106,"minElevation":1844.9715935855613,"maxElevation":2489.9201663711965,"combinedElevationChange":3641.880392795686},"other":{"count":2,"lengthInKm":0.10704381182876538,"minElevation":2094.49559558079,"maxElevation":2237.4957588416046,"combinedElevationChange":11.424043260803046}}}},"minElevation":1558.2487431681502,"maxElevation":2534.5657064320576},"lifts":{"byType":{"gondola":{"count":2,"lengthInKm":3.176295731309711,"minElevation":1237.565454921608,"maxElevation":1919.344744844795,"combinedElevationChange":1107.8933287838854},"chair_lift":{"count":12,"lengthInKm":11.964826900293591,"minElevation":1553.825056428767,"maxElevation":2486.6322313520764,"combinedElevationChange":3173.663310246392},"drag_lift":{"count":6,"lengthInKm":3.2439118652796735,"minElevation":1893.2452799999487,"maxElevation":2339.2381706368255,"combinedElevationChange":773.0829379614327},"cable_car":{"count":1,"lengthInKm":2.3879046138398796,"minElevation":2066.005541440008,"maxElevation":2492.951279404874,"combinedElevationChange":426.9457379648661},"platter":{"count":1,"lengthInKm":0.39896484807186156,"minElevation":2450.0787449600393,"maxElevation":2534.5657064320576,"combinedElevationChange":84.48696147201827},"magic_carpet":{"count":9,"lengthInKm":0.70647313191135,"minElevation":1893.7999852414912,"maxElevation":2077.4390097648143,"combinedElevationChange":66.60550960032651}},"minElevation":1237.565454921608,"maxElevation":2534.5657064320576},"maxElevation":2534.5657064320576,"minElevation":1558.2487431681502}},"type":"Feature","geometry":{"coordinates":[1.4533222792924878,42.545759697593475],"type":"Point"}}],"elevationProfile":{"heights":[2301.7637606528097,2298.9693994574604,2294.82697949697,2290.6563274405526,2288.1006655069114,2285.1708712694785,2280.011063836822,2274.7667258026977,2269.7577305195946,2267.3567724554173,2264.303095571838,2260.3935686620903,2256.8729169941817,2252.3443795999315,2248.9190408183126,2244.5204012214517,2239.842105629651,2235.973386485038,2229.778159298546,2223.9083465545195,2218.2234807712257,2214.0918366861124,2211.1674341845005,2204.5039963009554,2198.519316263669,2191.9555931727646,2188.067459919224,2185.8746839313794,2185.0418901634334,2182.2380883528613,2178.1059942517504,2174.612833016532,2171.783379729374,2167.730974003185,2163.999198978083,2160.1287828663408,2155.7703100539766,2148.987592111117,2142.847143363119],"resolution":25},"sources":[{"type":"openstreetmap","id":"way/52692966"},{"type":"openstreetmap","id":"way/1355803589"}],"location":null,"websites":[]},"geometry":{"type":"LineString","coordinates":[[1.4506285999999995,42.5692194,2301.7637606528097],[1.450718,42.5690073,2299.0119370880316],[1.4507417999999996,42.56895090000002,2298.06391591054],[1.4509097999999996,42.56881410000001,2294.561563612838],[1.4510996999999992,42.568662300000014,2290.7095897776767],[1.4513933999999993,42.56850810000002,2287.5762448832365],[1.451761199999999,42.56836060000001,2282.926731622404],[1.4522054,42.56829970000001,2274.6587073951546],[1.4525611999999994,42.5682879,2269.3771599999777],[1.4529896999999996,42.568307200000014,2265.7292334591357],[1.4535107999999997,42.568343700000014,2259.6403449919458],[1.4536775,42.56836900000001,2257.5303999999414],[1.4541948999999996,42.5684476,2250.283720000006],[1.454672,42.5685264,2243.4587832319803],[1.4547546999999996,42.568540100000014,2242.103378857546],[1.4549497999999996,42.56857150000001,2239.241738655944],[1.4553855,42.568729200000014,2231.7705384638634],[1.4561893,42.56894010000001,2215.919306347174],[1.4569398999999996,42.56917340000001,2203.026629699161],[1.4574940999999992,42.569328300000016,2191.0365182621745],[1.4575721,42.5693405,2190.1002799999314],[1.4579833999999996,42.5694046,2186.263840000038],[1.4587834,42.5694637,2181.0829900736],[1.4592029,42.56960830000001,2174.813167894302],[1.4597065999999994,42.5696492,2169.2616956287943],[1.460502,42.56992990000001,2158.3482050239113],[1.4612341999999994,42.569995100000014,2142.847143363119]]}}
,
{"type":"Feature","properties":{"type":"run","id":"edfa561206121f469881bcce4a067358edf77d14","uses":["downhill"],"name":"Salador","ref":null,"description":null,"difficulty":"easy","convention":"europe","status":"operating","oneway":true,"lit":null,"gladed":null,"patrolled":null,"grooming":null,"color":"hsl(208, 100%, 33%)","colorName":"blue","skiAreas":[{"properties":{"activities":["downhill"],"generated":false,"id":"5ecb06388006e4740e7ce8234e26d036ce85edb7","location":null,"name":"Pal-Arinsal","runConvention":"europe","sources":[{"type":"openstreetmap","id":"relation/4638280"},{"type":"skimap.org","id":1807}],"status":"operating","type":"skiArea","websites":["http://www.vallnord.com/"],"statistics":{"runs":{"byActivity":{"downhill":{"byDifficulty":{"easy":{"count":29,"lengthInKm":20.858363377830223,"minElevation":1558.2487431681502,"maxElevation":2491.0273591680307,"combinedElevationChange":3693.1728125839886},"novice":{"count":9,"lengthInKm":3.172775951105538,"maxElevation":2256.4535199999787,"combinedElevationChange":479.4833746895015,"minElevation":1789.827260979216},"advanced":{"count":3,"lengthInKm":2.5787306934661585,"minElevation":1937.2300800002456,"maxElevation":2534.5657064320576,"combinedElevationChange":807.8002905404903},"intermediate":{"count":21,"lengthInKm":12.346787808472106,"minElevation":1844.9715935855613,"maxElevation":2489.9201663711965,"combinedElevationChange":3641.880392795686},"other":{"count":2,"lengthInKm":0.10704381182876538,"minElevation":2094.49559558079,"maxElevation":2237.4957588416046,"combinedElevationChange":11.424043260803046}}}},"minElevation":1558.2487431681502,"maxElevation":2534.5657064320576},"lifts":{"byType":{"gondola":{"count":2,"lengthInKm":3.176295731309711,"minElevation":1237.565454921608,"maxElevation":1919.344744844795,"combinedElevationChange":1107.8933287838854},"chair_lift":{"count":12,"lengthInKm":11.964826900293591,"minElevation":1553.825056428767,"maxElevation":2486.6322313520764,"combinedElevationChange":3173.663310246392},"drag_lift":{"count":6,"lengthInKm":3.2439118652796735,"minElevation":1893.2452799999487,"maxElevation":2339.2381706368255,"combinedElevationChange":773.0829379614327},"cable_car":{"count":1,"lengthInKm":2.3879046138398796,"minElevation":2066.005541440008,"maxElevation":2492.951279404874,"combinedElevationChange":426.9457379648661},"platter":{"count":1,"lengthInKm":0.39896484807186156,"minElevation":2450.0787449600393,"maxElevation":2534.5657064320576,"combinedElevationChange":84.48696147201827},"magic_carpet":{"count":9,"lengthInKm":0.70647313191135,"minElevation":1893.7999852414912,"maxElevation":2077.4390097648143,"combinedElevationChange":66.60550960032651}},"minElevation":1237.565454921608,"maxElevation":2534.5657064320576},"maxElevation":2534.5657064320576,"minElevation":1558.2487431681502}},"type":"Feature","geometry":{"coordinates":[1.4533222792924878,42.545759697593475],"type":"Point"}}],"elevationProfile":{"heights":[2174.813167894302,2171.075624337502,2164.7162687622877,2159.428802527303,2155.0858875941235,2152.997398694063,2148.3422817750734,2144.4004185917456,2137.4836477003655,2125.262592754822,2117.517672893166,2113.097762940536,2110.9186149011066,2109.1914496726604,2106.0656014997953,2102.2350083200113],"resolution":25},"sources":[{"type":"openstreetmap","id":"way/52692967"}],"location":null,"websites":[]},"geometry":{"type":"LineString","coordinates":[[1.4592029,42.56960830000001,2174.813167894302],[1.4596504,42.569862,2165.3645030399866],[1.4604359,42.5702464,2153.1183972992885],[1.461013,42.570638,2141.2448595199285],[1.4615131999999995,42.5709212,2120.548159999986],[1.4629585,42.571326,2102.2350083200113]]}}
,
{"type":"Feature","properties":{"type":"run","id":"f3e8c1ca1b0e3c6c0df2c1068339e01a838dd22d","uses":["downhill"],"name":"Margarida","ref":null,"description":null,"difficulty":"easy","convention":"europe","status":"operating","oneway":true,"lit":null,"gladed":null,"patrolled":null,"grooming":null,"color":"hsl(208, 100%, 33%)","colorName":"blue","skiAreas":[{"properties":{"activities":["downhill"],"generated":false,"id":"5ecb06388006e4740e7ce8234e26d036ce85edb7","location":null,"name":"Pal-Arinsal","runConvention":"europe","sources":[{"type":"openstreetmap","id":"relation/4638280"},{"type":"skimap.org","id":1807}],"status":"operating","type":"skiArea","websites":["http://www.vallnord.com/"],"statistics":{"runs":{"byActivity":{"downhill":{"byDifficulty":{"easy":{"count":29,"lengthInKm":20.858363377830223,"minElevation":1558.2487431681502,"maxElevation":2491.0273591680307,"combinedElevationChange":3693.1728125839886},"novice":{"count":9,"lengthInKm":3.172775951105538,"maxElevation":2256.4535199999787,"combinedElevationChange":479.4833746895015,"minElevation":1789.827260979216},"advanced":{"count":3,"lengthInKm":2.5787306934661585,"minElevation":1937.2300800002456,"maxElevation":2534.5657064320576,"combinedElevationChange":807.8002905404903},"intermediate":{"count":21,"lengthInKm":12.346787808472106,"minElevation":1844.9715935855613,"maxElevation":2489.9201663711965,"combinedElevationChange":3641.880392795686},"other":{"count":2,"lengthInKm":0.10704381182876538,"minElevation":2094.49559558079,"maxElevation":2237.4957588416046,"combinedElevationChange":11.424043260803046}}}},"minElevation":1558.2487431681502,"maxElevation":2534.5657064320576},"lifts":{"byType":{"gondola":{"count":2,"lengthInKm":3.176295731309711,"minElevation":1237.565454921608,"maxElevation":1919.344744844795,"combinedElevationChange":1107.8933287838854},"chair_lift":{"count":12,"lengthInKm":11.964826900293591,"minElevation":1553.825056428767,"maxElevation":2486.6322313520764,"combinedElevationChange":3173.663310246392},"drag_lift":{"count":6,"lengthInKm":3.2439118652796735,"minElevation":1893.2452799999487,"maxElevation":2339.2381706368255,"combinedElevationChange":773.0829379614327},"cable_car":{"count":1,"lengthInKm":2.3879046138398796,"minElevation":2066.005541440008,"maxElevation":2492.951279404874,"combinedElevationChange":426.9457379648661},"platter":{"count":1,"lengthInKm":0.39896484807186156,"minElevation":2450.0787449600393,"maxElevation":2534.5657064320576,"combinedElevationChange":84.48696147201827},"magic_carpet":{"count":9,"lengthInKm":0.70647313191135,"minElevation":1893.7999852414912,"maxElevation":2077.4390097648143,"combinedElevationChange":66.60550960032651}},"minElevation":1237.565454921608,"maxElevation":2534.5657064320576},"maxElevation":2534.5657064320576,"minElevation":1558.2487431681502}},"type":"Feature","geometry":{"coordinates":[1.4533222792924878,42.545759697593475],"type":"Point"}}],"elevationProfile":{"heights":[2239.241738655944,2236.9120794919586,2232.04396937147,2226.5348519198187,2222.0520945599233,2220.5977490214623,2217.9931422057025,2214.247384982581,2209.4299461384026,2203.3314356012506,2197.639801318739,2193.667765436801,2190.691058613727,2187.0348559036997,2182.7005938810303,2178.861976517605,2173.725867285707,2170.211490979102,2167.0251801119366,2162.5741101642775,2156.1044212136467,2148.864711715933,2141.972134709811,2137.5652520396948,2134.504486746963,2131.786231981489,2126.4167674978517,2119.159878460698,2112.8530340349107,2107.0942010077833,2100.008143864335,2098.021080653956,2098.2448712488404,2096.2963554529206,2095.29006019868,2094.853422747157,2094.413617485409,2087.470468523305,2083.7814528381177],"resolution":25},"sources":[{"type":"openstreetmap","id":"way/52692969"}],"location":null,"websites":[]},"geometry":{"type":"LineString","coordinates":[[1.4549497999999996,42.56857150000001,2239.241738655944],[1.4558431999999994,42.56856370000001,2226.8941251070814],[1.4565375,42.568662,2220.0974119999105],[1.4573806999999996,42.568855100000015,2208.6387980525974],[1.4584910999999996,42.56909210000001,2190.8902168174845],[1.4585685,42.569108800000016,2190.2269562878278],[1.4589105,42.56918250000001,2185.4815999999328],[1.4594808,42.56930550000001,2177.477627647881],[1.4595796999999993,42.56933380000002,2175.5412600510294],[1.4599152999999996,42.5694299,2170.81927999996],[1.4601969,42.5695484,2167.350636281576],[1.4606232999999993,42.5697677,2158.921768033607],[1.4610899999999998,42.56996320000001,2146.051851519952],[1.4612341999999994,42.569995100000014,2142.847143363119],[1.4614118999999997,42.5700343,2139.7921200000137],[1.4617014999999995,42.570087699999995,2135.8933025759807],[1.4623693999999996,42.5703365,2127.1294636479297],[1.4629405999999998,42.5706506,2111.770479494399],[1.4634878,42.5709647,2098.7019440608115],[1.4636313999999992,42.57106039999999,2098.0730399999993],[1.4638256999999992,42.5711898,2098.270400534405],[1.4638256999999992,42.571284599999984,2097.665474908855],[1.4638176999999997,42.571415,2096.3443612799556],[1.4637130999999997,42.5714742,2095.3204712832535],[1.4635842999999993,42.5714979,2095.4302400000415],[1.4633992999999992,42.5715394,2094.832640000015],[1.4631900999999996,42.571652,2095.734948415999],[1.4630612999999992,42.5717764,2094.34124000009],[1.4630555,42.571958,2088.6106585599364],[1.4630784,42.57211310000002,2083.7814528381177]]}}
,
{"type":"Feature","properties":{"type":"run","id":"09bf31f5c86c21294b4912a92712822d10df5c1e","uses":["downhill"],"name":"el Cortalet","ref":null,"description":null,"difficulty":"novice","convention":"europe","status":"operating","oneway":true,"lit":null,"gladed":null,"patrolled":null,"grooming":null,"color":"hsl(125, 100%, 33%)","colorName":"green","skiAreas":[{"properties":{"activities":["downhill"],"generated":false,"id":"5ecb06388006e4740e7ce8234e26d036ce85edb7","location":null,"name":"Pal-Arinsal","runConvention":"europe","sources":[{"type":"openstreetmap","id":"relation/4638280"},{"type":"skimap.org","id":1807}],"status":"operating","type":"skiArea","websites":["http://www.vallnord.com/"],"statistics":{"runs":{"byActivity":{"downhill":{"byDifficulty":{"easy":{"count":29,"lengthInKm":20.858363377830223,"minElevation":1558.2487431681502,"maxElevation":2491.0273591680307,"combinedElevationChange":3693.1728125839886},"novice":{"count":9,"lengthInKm":3.172775951105538,"maxElevation":2256.4535199999787,"combinedElevationChange":479.4833746895015,"minElevation":1789.827260979216},"advanced":{"count":3,"lengthInKm":2.5787306934661585,"minElevation":1937.2300800002456,"maxElevation":2534.5657064320576,"combinedElevationChange":807.8002905404903},"intermediate":{"count":21,"lengthInKm":12.346787808472106,"minElevation":1844.9715935855613,"maxElevation":2489.9201663711965,"combinedElevationChange":3641.880392795686},"other":{"count":2,"lengthInKm":0.10704381182876538,"minElevation":2094.49559558079,"maxElevation":2237.4957588416046,"combinedElevationChange":11.424043260803046}}}},"minElevation":1558.2487431681502,"maxElevation":2534.5657064320576},"lifts":{"byType":{"gondola":{"count":2,"lengthInKm":3.176295731309711,"minElevation":1237.565454921608,"maxElevation":1919.344744844795,"combinedElevationChange":1107.8933287838854},"chair_lift":{"count":12,"lengthInKm":11.964826900293591,"minElevation":1553.825056428767,"maxElevation":2486.6322313520764,"combinedElevationChange":3173.663310246392},"drag_lift":{"count":6,"lengthInKm":3.2439118652796735,"minElevation":1893.2452799999487,"maxElevation":2339.2381706368255,"combinedElevationChange":773.0829379614327},"cable_car":{"count":1,"lengthInKm":2.3879046138398796,"minElevation":2066.005541440008,"maxElevation":2492.951279404874,"combinedElevationChange":426.9457379648661},"platter":{"count":1,"lengthInKm":0.39896484807186156,"minElevation":2450.0787449600393,"maxElevation":2534.5657064320576,"combinedElevationChange":84.48696147201827},"magic_carpet":{"count":9,"lengthInKm":0.70647313191135,"minElevation":1893.7999852414912,"maxElevation":2077.4390097648143,"combinedElevationChange":66.60550960032651}},"minElevation":1237.565454921608,"maxElevation":2534.5657064320576},"maxElevation":2534.5657064320576,"minElevation":1558.2487431681502}},"type":"Feature","geometry":{"coordinates":[1.4533222792924878,42.545759697593475],"type":"Point"}}],"elevationProfile":{"heights":[2024.5721917184462,2017.5490473112372,2011.9812791519741,2006.092485989636,1999.921982926715,1986.9827186561174,1976.0166310767993,1965.642110713757,1961.9464644742961,1959.9614539995202,1957.22558191895,1954.1869957114388,1947.6273120411986,1940.7719877066645,1936.8504567364398,1932.3364849067452,1928.5565151950411,1924.1688026123095,1918.773814192058],"resolution":25},"sources":[{"type":"openstreetmap","id":"way/52692970"}],"location":null,"websites":[]},"geometry":{"type":"LineString","coordinates":[[1.4658590999999996,42.572672800000014,2024.5721917184462],[1.4667866999999997,42.572979300000014,2004.2509744175095],[1.4672016999999993,42.573110000000014,1989.146001439919],[1.4676235999999994,42.57322230000001,1972.9485588222456],[1.4681144,42.5733645,1961.9412546559843],[1.4685408,42.57344739999999,1958.655418803207],[1.4689752999999997,42.57356,1954.3750774400032],[1.4693371999999998,42.5736795,1945.4061342080327],[1.469442,42.57371410000001,1942.322354623975],[1.4699810999999996,42.5739274,1934.1335200000194],[1.4700857,42.5739925,1931.8909579599913],[1.4702627,42.57417620000001,1928.1684399999608],[1.4704076,42.5744073,1923.1268553792377],[1.4703994999999996,42.5745673,1918.773814192058]]}}
,
{"type":"Feature","properties":{"type":"run","id":"2688891977fbef63c21075808b65320a20622f45","uses":["downhill"],"name":null,"ref":null,"description":null,"difficulty":"novice","convention":"europe","status":"operating","oneway":true,"lit":null,"gladed":null,"patrolled":null,"grooming":null,"color":"hsl(125, 100%, 33%)","colorName":"green","skiAreas":[{"properties":{"activities":["downhill"],"generated":false,"id":"5ecb06388006e4740e7ce8234e26d036ce85edb7","location":null,"name":"Pal-Arinsal","runConvention":"europe","sources":[{"type":"openstreetmap","id":"relation/4638280"},{"type":"skimap.org","id":1807}],"status":"operating","type":"skiArea","websites":["http://www.vallnord.com/"],"statistics":{"runs":{"byActivity":{"downhill":{"byDifficulty":{"easy":{"count":29,"lengthInKm":20.858363377830223,"minElevation":1558.2487431681502,"maxElevation":2491.0273591680307,"combinedElevationChange":3693.1728125839886},"novice":{"count":9,"lengthInKm":3.172775951105538,"maxElevation":2256.4535199999787,"combinedElevationChange":479.4833746895015,"minElevation":1789.827260979216},"advanced":{"count":3,"lengthInKm":2.5787306934661585,"minElevation":1937.2300800002456,"maxElevation":2534.5657064320576,"combinedElevationChange":807.8002905404903},"intermediate":{"count":21,"lengthInKm":12.346787808472106,"minElevation":1844.9715935855613,"maxElevation":2489.9201663711965,"combinedElevationChange":3641.880392795686},"other":{"count":2,"lengthInKm":0.10704381182876538,"minElevation":2094.49559558079,"maxElevation":2237.4957588416046,"combinedElevationChange":11.424043260803046}}}},"minElevation":1558.2487431681502,"maxElevation":2534.5657064320576},"lifts":{"byType":{"gondola":{"count":2,"lengthInKm":3.176295731309711,"minElevation":1237.565454921608,"maxElevation":1919.344744844795,"combinedElevationChange":1107.8933287838854},"chair_lift":{"count":12,"lengthInKm":11.964826900293591,"minElevation":1553.825056428767,"maxElevation":2486.6322313520764,"combinedElevationChange":3173.663310246392},"drag_lift":{"count":6,"lengthInKm":3.2439118652796735,"minElevation":1893.2452799999487,"maxElevation":2339.2381706368255,"combinedElevationChange":773.0829379614327},"cable_car":{"count":1,"lengthInKm":2.3879046138398796,"minElevation":2066.005541440008,"maxElevation":2492.951279404874,"combinedElevationChange":426.9457379648661},"platter":{"count":1,"lengthInKm":0.39896484807186156,"minElevation":2450.0787449600393,"maxElevation":2534.5657064320576,"combinedElevationChange":84.48696147201827},"magic_carpet":{"count":9,"lengthInKm":0.70647313191135,"minElevation":1893.7999852414912,"maxElevation":2077.4390097648143,"combinedElevationChange":66.60550960032651}},"minElevation":1237.565454921608,"maxElevation":2534.5657064320576},"maxElevation":2534.5657064320576,"minElevation":1558.2487431681502}},"type":"Feature","geometry":{"coordinates":[1.4533222792924878,42.545759697593475],"type":"Point"}}],"elevationProfile":{"heights":[2027.6874303872353,2023.5864229626968,2020.2092597302187,2015.9649939841536,2011.610212060055,2006.3769627644094,1998.9994954765943,1992.5375520557102,1985.2172577252284,1976.83598443713,1971.4375009387722,1966.4300011839546,1957.336383761567,1954.9801504759198,1950.2436837541163,1944.282090715803,1939.2329506265392,1935.8993547651964,1942.1265795749375,1935.1138590777057,1926.4570122524938,1919.7279354616994,1915.318770006592],"resolution":25},"sources":[{"type":"openstreetmap","id":"way/52692971"}],"location":null,"websites":[]},"geometry":{"type":"LineString","coordinates":[[1.4657691999999993,42.5728154,2027.6874303872353],[1.4662141999999998,42.573193900000014,2019.463327395344],[1.4664363999999996,42.573356900000014,2015.2800179330636],[1.4667515,42.5735042,2009.4074447040568],[1.4671807,42.5736622,1998.7138581920503],[1.4678361999999994,42.5738931,1981.7673884511723],[1.468382,42.5739996,1969.8164860160196],[1.4686811,42.5741242,1962.6114771584018],[1.4688948999999996,42.5742533,1955.2170655008988],[1.4689994999999996,42.5743718,1955.1733035840568],[1.4693273999999996,42.574680699999995,1946.9267804287363],[1.4695983999999993,42.5748683,1939.641239999982],[1.4698776999999996,42.57507690000001,1935.8407271155272],[1.4699591999999995,42.5752996,1943.8854777856652],[1.4700737,42.57531380000002,null],[1.4700158,42.5749517,1926.3414091167958],[1.4701474,42.574863699999995,1921.4830766943446],[1.4702627,42.574786499999995,1916.48499882393],[1.4703271,42.574697699999994,1915.318770006592]]}}
,
{"type":"Feature","properties":{"type":"run","id":"36c627bf5b1e1d283a7564a94a318f4bc1e47864","uses":["downhill"],"name":"Cami Superior","ref":null,"description":null,"difficulty":"easy","convention":"europe","status":"operating","oneway":true,"lit":null,"gladed":null,"patrolled":null,"grooming":null,"color":"hsl(208, 100%, 33%)","colorName":"blue","skiAreas":[{"properties":{"activities":["downhill"],"generated":false,"id":"5ecb06388006e4740e7ce8234e26d036ce85edb7","location":null,"name":"Pal-Arinsal","runConvention":"europe","sources":[{"type":"openstreetmap","id":"relation/4638280"},{"type":"skimap.org","id":1807}],"status":"operating","type":"skiArea","websites":["http://www.vallnord.com/"],"statistics":{"runs":{"byActivity":{"downhill":{"byDifficulty":{"easy":{"count":29,"lengthInKm":20.858363377830223,"minElevation":1558.2487431681502,"maxElevation":2491.0273591680307,"combinedElevationChange":3693.1728125839886},"novice":{"count":9,"lengthInKm":3.172775951105538,"maxElevation":2256.4535199999787,"combinedElevationChange":479.4833746895015,"minElevation":1789.827260979216},"advanced":{"count":3,"lengthInKm":2.5787306934661585,"minElevation":1937.2300800002456,"maxElevation":2534.5657064320576,"combinedElevationChange":807.8002905404903},"intermediate":{"count":21,"lengthInKm":12.346787808472106,"minElevation":1844.9715935855613,"maxElevation":2489.9201663711965,"combinedElevationChange":3641.880392795686},"other":{"count":2,"lengthInKm":0.10704381182876538,"minElevation":2094.49559558079,"maxElevation":2237.4957588416046,"combinedElevationChange":11.424043260803046}}}},"minElevation":1558.2487431681502,"maxElevation":2534.5657064320576},"lifts":{"byType":{"gondola":{"count":2,"lengthInKm":3.176295731309711,"minElevation":1237.565454921608,"maxElevation":1919.344744844795,"combinedElevationChange":1107.8933287838854},"chair_lift":{"count":12,"lengthInKm":11.964826900293591,"minElevation":1553.825056428767,"maxElevation":2486.6322313520764,"combinedElevationChange":3173.663310246392},"drag_lift":{"count":6,"lengthInKm":3.2439118652796735,"minElevation":1893.2452799999487,"maxElevation":2339.2381706368255,"combinedElevationChange":773.0829379614327},"cable_car":{"count":1,"lengthInKm":2.3879046138398796,"minElevation":2066.005541440008,"maxElevation":2492.951279404874,"combinedElevationChange":426.9457379648661},"platter":{"count":1,"lengthInKm":0.39896484807186156,"minElevation":2450.0787449600393,"maxElevation":2534.5657064320576,"combinedElevationChange":84.48696147201827},"magic_carpet":{"count":9,"lengthInKm":0.70647313191135,"minElevation":1893.7999852414912,"maxElevation":2077.4390097648143,"combinedElevationChange":66.60550960032651}},"minElevation":1237.565454921608,"maxElevation":2534.5657064320576},"maxElevation":2534.5657064320576,"minElevation":1558.2487431681502}},"type":"Feature","geometry":{"coordinates":[1.4533222792924878,42.545759697593475],"type":"Point"}}],"elevationProfile":{"heights":[2292.695852975991,2291.0324176994113,2290.7316771371425,2291.3686303474965,2290.516654172355,2288.763604070855,2285.5739789088093,2282.215538279743,2281.0201917164595,2278.2040836745036,2274.2007702827577,2270.2725982074194,2265.47837366845,2260.9618775963186,2257.6891672340694,2254.2125909559063,2249.199300826367,2245.4769141359066,2241.223928556101,2236.25083421035,2232.531574830323,2229.9892614761434,2226.950277946856,2223.506204295838,2217.7916094027337,2211.5785288724787,2206.8385807392074,2201.9068901148794,2198.6939734642833,2194.1104780755018,2185.974218636796,2178.23822452458,2171.3339883076505,2165.9985930818566,2162.649952595791,2156.8415926680045,2147.5425499768266,2139.1130571213384,2136.607523195019,2134.134291586477,2128.6106826863515,2125.517784934236,2122.7821048427936,2121.0594690174944,2120.0673230610278,2112.9475107971875,2105.433407462972,2102.2346153634003,2103.992687952334,2104.0659108335126,2103.3047070355174,2102.612133052313,2102.664856153419,2101.1626984693694,2099.9893054592917,2098.389381602227,2095.055220578095,2090.901990531476,2085.349182893802,2082.8669219666504,2082.093637201141,2078.878889377373,2075.0313058285315,2073.520605658075,2073,2072.5347511115224,2071.425208454417],"resolution":25},"sources":[{"type":"openstreetmap","id":"way/152826437"},{"type":"openstreetmap","id":"way/269525356"}],"location":null,"websites":[]},"geometry":{"type":"LineString","coordinates":[[1.4546181,42.530674499999996,2292.695852975991],[1.4548213999999993,42.5307294,2291.4195100864044],[1.4550709,42.5306315,2290.587034768009],[1.4553405,42.530512600000016,2291.321599999845],[1.4556625999999995,42.53037420000001,2290.589193836722],[1.4562642999999993,42.5299831,2283.7917761295907],[1.4566184,42.529753000000014,2281.0057852158907],[1.4571281999999994,42.529459,2273.411176351954],[1.4574139999999998,42.52930210000002,2268.8880514238244],[1.4578895999999995,42.52909000000001,2260.3900799999046],[1.4584040999999996,42.528873300000015,2253.8642799998033],[1.4593890999999997,42.52877210000002,2239.0111030684366],[1.4607491,42.5284934,2223.480799999919],[1.4615723999999997,42.52827950000001,2207.4755039039514],[1.4621640999999996,42.52812650000001,2198.9149598959402],[1.4626310999999996,42.528037200000014,2190.3252928831666],[1.4631511999999998,42.52802000000001,2176.677905919992],[1.4639156999999996,42.5278719,2163.517064836782],[1.4644281999999995,42.5278154,2152.7906399999806],[1.4654617999999993,42.52786939999999,2134.5818724033124],[1.4657320999999996,42.5280034,2128.811905491147],[1.4659358999999996,42.52802910000001,2126.202199999897],[1.4659675999999995,42.52803320000002,2125.9995199997834],[1.4665960999999996,42.52811360000002,2121.4344883964836],[1.4671617999999993,42.528244,2114.5552455679717],[1.4678537999999997,42.528385700000015,2102.3982116925754],[1.4686405,42.52842980000001,2103.874479999841],[1.4692123,42.528553400000014,2103.1642691869783],[1.4698518999999997,42.52880730000001,2099.9354399999274],[1.4703385,42.528976600000014,2095.651629727809],[1.4704423,42.52901270000002,2094.3519779165126],[1.4709508,42.529145700000015,2085.549997964489],[1.4714919999999996,42.52927860000001,2082.5419575039264],[1.4720385999999999,42.5295074,2075.348349472001],[1.472632,42.529774300000014,2073],[1.4729998999999996,42.52990290000002,2072.1614335248905],[1.4730051999999998,42.5298219,2071.425208454417]]}}
,
{"type":"Feature","properties":{"type":"run","id":"55f79f4f05107e7a24ad9077b2daaa98acb3fef3","uses":["downhill"],"name":"Coll de la Botella","ref":null,"description":null,"difficulty":"easy","convention":"europe","status":"operating","oneway":true,"lit":null,"gladed":null,"patrolled":null,"grooming":null,"color":"hsl(208, 100%, 33%)","colorName":"blue","skiAreas":[{"properties":{"activities":["downhill"],"generated":false,"id":"5ecb06388006e4740e7ce8234e26d036ce85edb7","location":null,"name":"Pal-Arinsal","runConvention":"europe","sources":[{"type":"openstreetmap","id":"relation/4638280"},{"type":"skimap.org","id":1807}],"status":"operating","type":"skiArea","websites":["http://www.vallnord.com/"],"statistics":{"runs":{"byActivity":{"downhill":{"byDifficulty":{"easy":{"count":29,"lengthInKm":20.858363377830223,"minElevation":1558.2487431681502,"maxElevation":2491.0273591680307,"combinedElevationChange":3693.1728125839886},"novice":{"count":9,"lengthInKm":3.172775951105538,"maxElevation":2256.4535199999787,"combinedElevationChange":479.4833746895015,"minElevation":1789.827260979216},"advanced":{"count":3,"lengthInKm":2.5787306934661585,"minElevation":1937.2300800002456,"maxElevation":2534.5657064320576,"combinedElevationChange":807.8002905404903},"intermediate":{"count":21,"lengthInKm":12.346787808472106,"minElevation":1844.9715935855613,"maxElevation":2489.9201663711965,"combinedElevationChange":3641.880392795686},"other":{"count":2,"lengthInKm":0.10704381182876538,"minElevation":2094.49559558079,"maxElevation":2237.4957588416046,"combinedElevationChange":11.424043260803046}}}},"minElevation":1558.2487431681502,"maxElevation":2534.5657064320576},"lifts":{"byType":{"gondola":{"count":2,"lengthInKm":3.176295731309711,"minElevation":1237.565454921608,"maxElevation":1919.344744844795,"combinedElevationChange":1107.8933287838854},"chair_lift":{"count":12,"lengthInKm":11.964826900293591,"minElevation":1553.825056428767,"maxElevation":2486.6322313520764,"combinedElevationChange":3173.663310246392},"drag_lift":{"count":6,"lengthInKm":3.2439118652796735,"minElevation":1893.2452799999487,"maxElevation":2339.2381706368255,"combinedElevationChange":773.0829379614327},"cable_car":{"count":1,"lengthInKm":2.3879046138398796,"minElevation":2066.005541440008,"maxElevation":2492.951279404874,"combinedElevationChange":426.9457379648661},"platter":{"count":1,"lengthInKm":0.39896484807186156,"minElevation":2450.0787449600393,"maxElevation":2534.5657064320576,"combinedElevationChange":84.48696147201827},"magic_carpet":{"count":9,"lengthInKm":0.70647313191135,"minElevation":1893.7999852414912,"maxElevation":2077.4390097648143,"combinedElevationChange":66.60550960032651}},"minElevation":1237.565454921608,"maxElevation":2534.5657064320576},"maxElevation":2534.5657064320576,"minElevation":1558.2487431681502}},"type":"Feature","geometry":{"coordinates":[1.4533222792924878,42.545759697593475],"type":"Point"}}],"elevationProfile":{"heights":[2312.803620182359,2309.7688151400907,2308.157697076427,2309.082501538723,2309.5618691929963,2309.293734033751,2308.049118436192,2305.59129253133,2301.4477165878648,2298.9765700804915,2296.7267076354688,2294.03946730777,2288.579296435428,2283.4191953303202,2276.242346923344,2269.946612213224,2266.250527500267,2261.6240543426707,2260.4590359075723,2260.496945714229,2261.199373890442,2260.7125530866315,2254.810880928268,2248.700374855924,2241.6734053598566,2229.980862320152,2220.9314459255634,2216.7087174915723,2211.470245530865,2202.9173375616947,2191.375698400045,2182.6597955326715,2173.9624458805206,2166.3416725937263,2160.0000328444676,2152.8523990400417,2146.805516879061,2141.440029364893,2134.5954619203244,2127.046448933175,2120.0587700589786,2116.2381080730247,2112.442688482479,2107.345125600287,2100.8202239128723,2093.620924607953,2087.3827693733842,2080.9050447230447,2075.3349717528245,2071.3269274593654,2070.649723650135,2067.0900645127517,2061.508665704345,2057.65398105197,2054.4939482553455,2050.8705227228243,2046.728049168451,2043.0395268595307,2039.8199337622536,2034.9533481424564,2028.3628437270308,2019.2759898315746,2008.6233382007044,2000.0933316323133,1993.5504677054241,1987.9283608842381,1983.1908367120675,1980.800581445816,1973.6141357185516,1962.8057577632687,1951.012620441322,1941.7785654505415,1934.495516340745,1928.6148094611917,1924.1781099425489,1920.5281474265971,1916.0905709371766,1911.0239635030491,1905.817500948593,1902.3676330992603,1900.717565119977],"resolution":25},"sources":[{"type":"openstreetmap","id":"way/152826440"}],"location":null,"websites":[]},"geometry":{"type":"LineString","coordinates":[[1.4522319,42.5339742,2312.803620182359],[1.4522066999999996,42.5343642,2308.5777600000088],[1.4522762999999996,42.534659,2309.161759999991],[1.4522879000000004,42.53497520000001,2309.6882106368057],[1.4522879000000004,42.53528280000001,2308.4143651647487],[1.4523401,42.5355648,2305.2246799999334],[1.4524735,42.5358511,2299.776679999984],[1.4525371999999999,42.536120300000015,2297.4945699263167],[1.4525139999999999,42.5364236,2293.923680000024],[1.4524907999999996,42.53673550000001,2286.4472514558656],[1.4524735,42.53703890000001,2278.155039815787],[1.4524735,42.53731230000002,2270.027936311812],[1.4525024,42.537555900000015,2265.9730425726557],[1.4525545999999998,42.53781220000001,2261.138555430392],[1.4526067999999996,42.5380856,2260.297614643206],[1.4526241999999994,42.538346300000015,2260.7360653152505],[1.4526358,42.53858130000001,2261.9021598048253],[1.4527227999999996,42.53875640000001,2258.1988800767476],[1.4527891999999998,42.5388236,2255.7055654655956],[1.4528619999999997,42.5388974,2253.3400900480665],[1.4530706999999996,42.5390427,2247.40933762876],[1.4532621,42.539158000000015,2241.617041855933],[1.4534417999999996,42.53925630000001,2233.295000431915],[1.4536041999999993,42.5392862,2226.409268192021],[1.4536968999999993,42.5393247,2222.816330505602],[1.4537490999999996,42.53941010000001,2220.653601187189],[1.4537722999999996,42.539628,2216.5795780479993],[1.4537258999999996,42.539952700000015,2208.0090204781313],[1.4536331999999994,42.540264599999986,2192.3652124291916],[1.4535287999999993,42.54052090000001,2181.8441288830045],[1.4534765999999995,42.540738800000014,2173.34024344292],[1.4534649999999996,42.5409524,2166.178590719947],[1.4534301999999995,42.5412088,2158.8049535488126],[1.4533953999999996,42.5415292,2149.184768025615],[1.4534243999999992,42.5418325,2141.682239040043],[1.4534765999999995,42.54214870000001,2131.6699772861966],[1.4535113999999996,42.542345200000014,2125.297599999777],[1.4535113999999996,42.5425802,2118.9421189311447],[1.4534881999999998,42.54278530000001,2115.437217641511],[1.4534475999999998,42.5430117,2111.5471744831834],[1.4534417999999996,42.5432936,2104.447614259242],[1.4533199999999995,42.5436397,2093.1786198399996],[1.4532389,42.5439046,2085.584200000059],[1.4530591,42.5442164,2076.317550899255],[1.4529082999999996,42.5444428,2071.430181689613],[1.4527808,42.544571,2071.3845692159753],[1.4525894,42.544664999999995,2069.8090609599553],[1.4524096999999996,42.5447205,2067.0431664879843],[1.4522762999999996,42.5447291,2064.2224202767793],[1.4521602999999996,42.544669299999995,2061.8530000000137],[1.452027,42.5445625,2059.358200000006],[1.4518471999999998,42.54441290000001,2056.003679999928],[1.4515978999999997,42.544207899999996,2052.3890121936506],[1.4513021,42.544024199999996,2047.0246842272686],[1.4509425999999999,42.54388749999998,2042.601473200208],[1.4505831,42.5438319,2037.9115763343825],[1.4503043999999996,42.543804,2032.7142400001364],[1.4500269,42.5437996,2026.2182717504031],[1.4496213999999992,42.5438403,2012.673026889613],[1.4492900999999996,42.5438936,2002.010743654533],[1.4489839999999998,42.5439491,1994.911021376041],[1.4486468,42.5440132,1988.3712452607342],[1.4483194,42.5441068,1983.0006504831488],[1.4480103,42.5442193,1979.4843900815363],[1.4476555,42.5443768,1967.9916725119247],[1.4473378,42.5445361,1953.2682897566956],[1.4470907999999996,42.544724499999994,1941.8608012482314],[1.4468596999999996,42.5450065,1931.1412800000128],[1.4467198,42.5452174,1926.3302400000375],[1.446518,42.545438900000015,1921.560594815835],[1.4463571000000004,42.5456412,1917.648164140835],[1.4461964999999997,42.54585330000001,1911.9203118239116],[1.4460545,42.5460705,1906.4398044400207],[1.4458805,42.54623280000001,1903.0253599999382],[1.4457529999999998,42.546314,1901.441631679976],[1.4456039999999994,42.5463195,1900.717565119977]]}}
,
{"type":"Feature","properties":{"type":"run","id":"316033f0acd7ca2950f6cdffb55e23df5b421ccb","uses":["downhill"],"name":"Coms","ref":null,"description":null,"difficulty":"intermediate","convention":"europe","status":"operating","oneway":true,"lit":null,"gladed":null,"patrolled":null,"grooming":null,"color":"hsl(359, 94%, 53%)","colorName":"red","skiAreas":[{"properties":{"activities":["downhill"],"generated":false,"id":"5ecb06388006e4740e7ce8234e26d036ce85edb7","location":null,"name":"Pal-Arinsal","runConvention":"europe","sources":[{"type":"openstreetmap","id":"relation/4638280"},{"type":"skimap.org","id":1807}],"status":"operating","type":"skiArea","websites":["http://www.vallnord.com/"],"statistics":{"runs":{"byActivity":{"downhill":{"byDifficulty":{"easy":{"count":29,"lengthInKm":20.858363377830223,"minElevation":1558.2487431681502,"maxElevation":2491.0273591680307,"combinedElevationChange":3693.1728125839886},"novice":{"count":9,"lengthInKm":3.172775951105538,"maxElevation":2256.4535199999787,"combinedElevationChange":479.4833746895015,"minElevation":1789.827260979216},"advanced":{"count":3,"lengthInKm":2.5787306934661585,"minElevation":1937.2300800002456,"maxElevation":2534.5657064320576,"combinedElevationChange":807.8002905404903},"intermediate":{"count":21,"lengthInKm":12.346787808472106,"minElevation":1844.9715935855613,"maxElevation":2489.9201663711965,"combinedElevationChange":3641.880392795686},"other":{"count":2,"lengthInKm":0.10704381182876538,"minElevation":2094.49559558079,"maxElevation":2237.4957588416046,"combinedElevationChange":11.424043260803046}}}},"minElevation":1558.2487431681502,"maxElevation":2534.5657064320576},"lifts":{"byType":{"gondola":{"count":2,"lengthInKm":3.176295731309711,"minElevation":1237.565454921608,"maxElevation":1919.344744844795,"combinedElevationChange":1107.8933287838854},"chair_lift":{"count":12,"lengthInKm":11.964826900293591,"minElevation":1553.825056428767,"maxElevation":2486.6322313520764,"combinedElevationChange":3173.663310246392},"drag_lift":{"count":6,"lengthInKm":3.2439118652796735,"minElevation":1893.2452799999487,"maxElevation":2339.2381706368255,"combinedElevationChange":773.0829379614327},"cable_car":{"count":1,"lengthInKm":2.3879046138398796,"minElevation":2066.005541440008,"maxElevation":2492.951279404874,"combinedElevationChange":426.9457379648661},"platter":{"count":1,"lengthInKm":0.39896484807186156,"minElevation":2450.0787449600393,"maxElevation":2534.5657064320576,"combinedElevationChange":84.48696147201827},"magic_carpet":{"count":9,"lengthInKm":0.70647313191135,"minElevation":1893.7999852414912,"maxElevation":2077.4390097648143,"combinedElevationChange":66.60550960032651}},"minElevation":1237.565454921608,"maxElevation":2534.5657064320576},"maxElevation":2534.5657064320576,"minElevation":1558.2487431681502}},"type":"Feature","geometry":{"coordinates":[1.4533222792924878,42.545759697593475],"type":"Point"}}],"elevationProfile":{"heights":[2342.46515999997,2339.6462435309163,2337.22753891383,2333.451743700032,2324.850500328549,2316.633894400763,2309.1456305261445,2300.150489700835,2291.662768945584,2282.3943418999206,2273.7984291104012,2265.1807476587833,2256.5316982721843,2248.6646692684203,2241.782112554857,2233.3597788101456,2224.0863129307354,2215.290075675117,2206.0571744124636,2194.9160869507336,2185.7616112245832,2177.077337619779,2169.3710069939657,2160.460404744299,2150.693959330795,2136.70849707614,2120.0048243582705,2104.568116266056,2090.1147643370023,2078.139191432962,2067.021822769267,2057.298209113099,2046.6444667990486,2035.946426468155,2024.8663002365743,2014.6850711050472,2007.0149094496621,1999.2529072787602,1991.0022721441867,1983.6907251373389,1976.4301064069366,1964.5518686820417,1951.5767841242607,1943.0826093251342,1934.4040799998643],"resolution":25},"sources":[{"type":"openstreetmap","id":"way/152826441"}],"location":null,"websites":[]},"geometry":{"type":"LineString","coordinates":[[1.4562259999999998,42.5266013,2342.46515999997],[1.4569035,42.5274838,2319.905560000055],[1.4574529999999999,42.5278283,2301.075025903946],[1.4578629999999995,42.528148600000016,2283.8426399998207],[1.4581828000000001,42.5284265,2269.903719999951],[1.4584943999999993,42.528668300000014,2257.079799999835],[1.4588387999999997,42.52888580000001,2245.790005158295],[1.459257,42.529030900000016,2233.943710495687],[1.4596260999999993,42.52920010000001,2220.820479999932],[1.4599868999999996,42.529339100000016,2209.2263199998497],[1.4603640999999996,42.529453900000014,2194.586399999824],[1.4606921,42.52956260000001,2183.864030038252],[1.4610364999999996,42.5296714,2173.6728630560547],[1.4614464999999996,42.529858800000014,2160.225054431794],[1.4618319999999996,42.53007030000001,2142.660500351771],[1.462242,42.530312000000016,2114.747171839603],[1.4626848,42.530638300000014,2085.297640819007],[1.4628198,42.5307292,2078.4327755391178],[1.4631603999999996,42.53095860000001,2062.726198630262],[1.4635867999999996,42.5312486,2042.6962788992648],[1.4640296999999995,42.5315448,2021.6285078272408],[1.4643248999999996,42.5317442,2009.465680000026],[1.4647677,42.531998,1995.122704351972],[1.4651940999999993,42.5322699,1981.739954500708],[1.4654810999999996,42.53252970000001,1966.6009553469949],[1.4656860999999997,42.53283790000001,1948.1821962846982],[1.4658555999999998,42.5330658,1939.0027199998626],[1.465896599999999,42.5330834,1937.2300800002456],[1.4659620999999996,42.5331114,1934.4040799998643]]}}
,
{"type":"Feature","properties":{"type":"run","id":"acf838261b83a855112f5a1b044d860f1f601613","uses":["downhill"],"name":"Corpalanca","ref":null,"description":null,"difficulty":"intermediate","convention":"europe","status":"operating","oneway":true,"lit":null,"gladed":null,"patrolled":null,"grooming":null,"color":"hsl(359, 94%, 53%)","colorName":"red","skiAreas":[{"properties":{"activities":["downhill"],"generated":false,"id":"5ecb06388006e4740e7ce8234e26d036ce85edb7","location":null,"name":"Pal-Arinsal","runConvention":"europe","sources":[{"type":"openstreetmap","id":"relation/4638280"},{"type":"skimap.org","id":1807}],"status":"operating","type":"skiArea","websites":["http://www.vallnord.com/"],"statistics":{"runs":{"byActivity":{"downhill":{"byDifficulty":{"easy":{"count":29,"lengthInKm":20.858363377830223,"minElevation":1558.2487431681502,"maxElevation":2491.0273591680307,"combinedElevationChange":3693.1728125839886},"novice":{"count":9,"lengthInKm":3.172775951105538,"maxElevation":2256.4535199999787,"combinedElevationChange":479.4833746895015,"minElevation":1789.827260979216},"advanced":{"count":3,"lengthInKm":2.5787306934661585,"minElevation":1937.2300800002456,"maxElevation":2534.5657064320576,"combinedElevationChange":807.8002905404903},"intermediate":{"count":21,"lengthInKm":12.346787808472106,"minElevation":1844.9715935855613,"maxElevation":2489.9201663711965,"combinedElevationChange":3641.880392795686},"other":{"count":2,"lengthInKm":0.10704381182876538,"minElevation":2094.49559558079,"maxElevation":2237.4957588416046,"combinedElevationChange":11.424043260803046}}}},"minElevation":1558.2487431681502,"maxElevation":2534.5657064320576},"lifts":{"byType":{"gondola":{"count":2,"lengthInKm":3.176295731309711,"minElevation":1237.565454921608,"maxElevation":1919.344744844795,"combinedElevationChange":1107.8933287838854},"chair_lift":{"count":12,"lengthInKm":11.964826900293591,"minElevation":1553.825056428767,"maxElevation":2486.6322313520764,"combinedElevationChange":3173.663310246392},"drag_lift":{"count":6,"lengthInKm":3.2439118652796735,"minElevation":1893.2452799999487,"maxElevation":2339.2381706368255,"combinedElevationChange":773.0829379614327},"cable_car":{"count":1,"lengthInKm":2.3879046138398796,"minElevation":2066.005541440008,"maxElevation":2492.951279404874,"combinedElevationChange":426.9457379648661},"platter":{"count":1,"lengthInKm":0.39896484807186156,"minElevation":2450.0787449600393,"maxElevation":2534.5657064320576,"combinedElevationChange":84.48696147201827},"magic_carpet":{"count":9,"lengthInKm":0.70647313191135,"minElevation":1893.7999852414912,"maxElevation":2077.4390097648143,"combinedElevationChange":66.60550960032651}},"minElevation":1237.565454921608,"maxElevation":2534.5657064320576},"maxElevation":2534.5657064320576,"minElevation":1558.2487431681502}},"type":"Feature","geometry":{"coordinates":[1.4533222792924878,42.545759697593475],"type":"Point"}}],"elevationProfile":{"heights":[2077.3523567007724,2074.371991685774,2070.252439831677,2064.2408171964867,2054.2463399261637,2041.5443513896814,2030.2159828408976,2020.3259236237798,2011.3314806093406,2001.3124588312028,1992.3964428897934,1984.7285554449563,1976.7089801707505,1967.597133233733,1956.6906475305009,1948.7036079206928,1941.6142632068752,1934.5258314342002,1930.1702143375476,1926.1469193802122,1921.314478703435,1915.2304561544172,1910.1341564333757,1906.014967896556,1902.4830525870702,1897.214367359231,1894.436410173348,1893.2452799999487],"resolution":25},"sources":[{"type":"openstreetmap","id":"way/152826442"}],"location":null,"websites":[]},"geometry":{"type":"LineString","coordinates":[[1.4741051,42.5306099,2077.3523567007724],[1.4741355999999999,42.530687699999994,2076.102550950487],[1.4743241999999994,42.53099860000001,2070.739813715111],[1.4745534,42.5313512,2058.841036492647],[1.4745124,42.5317742,2035.8249599999508],[1.4743484,42.53221530000002,2015.6275673211355],[1.4741105,42.532753200000016,1991.9095813116646],[1.4738644999999992,42.5332305,1973.8927999999312],[1.4737168999999997,42.53357500000001,1957.4641999997318],[1.4734135,42.533804599999996,1946.0284944321386],[1.4728559,42.53399190000001,1932.4018649582763],[1.4722573,42.5340221,1924.6846788367418],[1.4716011999999994,42.5339617,1912.4007435584276],[1.4711962999999992,42.53391530000002,1906.7144417308527],[1.470754,42.5338711,1901.2124000000363],[1.4705384,42.5338786,1897.1805448191508],[1.4700297999999996,42.5338531,1893.2452799999487]]}}
,
{"type":"Feature","properties":{"type":"run","id":"00ad5984357d14293841d3e1a99c6f35d3d06cca","uses":["downhill"],"name":"el Bec","ref":null,"description":null,"difficulty":"easy","convention":"europe","status":"operating","oneway":true,"lit":null,"gladed":null,"patrolled":null,"grooming":null,"color":"hsl(208, 100%, 33%)","colorName":"blue","skiAreas":[{"properties":{"activities":["downhill"],"generated":false,"id":"5ecb06388006e4740e7ce8234e26d036ce85edb7","location":null,"name":"Pal-Arinsal","runConvention":"europe","sources":[{"type":"openstreetmap","id":"relation/4638280"},{"type":"skimap.org","id":1807}],"status":"operating","type":"skiArea","websites":["http://www.vallnord.com/"],"statistics":{"runs":{"byActivity":{"downhill":{"byDifficulty":{"easy":{"count":29,"lengthInKm":20.858363377830223,"minElevation":1558.2487431681502,"maxElevation":2491.0273591680307,"combinedElevationChange":3693.1728125839886},"novice":{"count":9,"lengthInKm":3.172775951105538,"maxElevation":2256.4535199999787,"combinedElevationChange":479.4833746895015,"minElevation":1789.827260979216},"advanced":{"count":3,"lengthInKm":2.5787306934661585,"minElevation":1937.2300800002456,"maxElevation":2534.5657064320576,"combinedElevationChange":807.8002905404903},"intermediate":{"count":21,"lengthInKm":12.346787808472106,"minElevation":1844.9715935855613,"maxElevation":2489.9201663711965,"combinedElevationChange":3641.880392795686},"other":{"count":2,"lengthInKm":0.10704381182876538,"minElevation":2094.49559558079,"maxElevation":2237.4957588416046,"combinedElevationChange":11.424043260803046}}}},"minElevation":1558.2487431681502,"maxElevation":2534.5657064320576},"lifts":{"byType":{"gondola":{"count":2,"lengthInKm":3.176295731309711,"minElevation":1237.565454921608,"maxElevation":1919.344744844795,"combinedElevationChange":1107.8933287838854},"chair_lift":{"count":12,"lengthInKm":11.964826900293591,"minElevation":1553.825056428767,"maxElevation":2486.6322313520764,"combinedElevationChange":3173.663310246392},"drag_lift":{"count":6,"lengthInKm":3.2439118652796735,"minElevation":1893.2452799999487,"maxElevation":2339.2381706368255,"combinedElevationChange":773.0829379614327},"cable_car":{"count":1,"lengthInKm":2.3879046138398796,"minElevation":2066.005541440008,"maxElevation":2492.951279404874,"combinedElevationChange":426.9457379648661},"platter":{"count":1,"lengthInKm":0.39896484807186156,"minElevation":2450.0787449600393,"maxElevation":2534.5657064320576,"combinedElevationChange":84.48696147201827},"magic_carpet":{"count":9,"lengthInKm":0.70647313191135,"minElevation":1893.7999852414912,"maxElevation":2077.4390097648143,"combinedElevationChange":66.60550960032651}},"minElevation":1237.565454921608,"maxElevation":2534.5657064320576},"maxElevation":2534.5657064320576,"minElevation":1558.2487431681502}},"type":"Feature","geometry":{"coordinates":[1.4533222792924878,42.545759697593475],"type":"Point"}}],"elevationProfile":{"heights":[1900.903519999975,1897.1072944621221,1893.6617023349856,1888.9155776021653,1883.5435594161027,1877.0779659481407,1869.9795702923773,1864.3772771234092,1858.0494521293474,1850.7949026021113,1844.1906022635283,1837.7150466363532,1831.1995888762776,1826.1508977327983,1822.5093768179831,1817.5856433761041,1810.5737045465844,1802.8989789254763,1797.5307806566134,1792.714545859197,1790.4898443979978,1790.1358271999964],"resolution":25},"sources":[{"type":"openstreetmap","id":"way/152826443"}],"location":null,"websites":[]},"geometry":{"type":"LineString","coordinates":[[1.4903673,42.5366307,1900.903519999975],[1.4893012999999993,42.5370114,1884.1504818016715],[1.4879317999999992,42.53741630000001,1852.838852259079],[1.4865705,42.53767,1825.0236000000377],[1.4855585,42.5378759,1804.5909199999228],[1.4854471,42.537899599999996,1801.9299027328934],[1.4847829000000001,42.537809,1791.4874546880546],[1.4844565,42.53772,1790.1358271999964]]}}
,
{"type":"Feature","properties":{"type":"run","id":"0f4b5eb0c8cb764ae4eb4cf4dc009d706a4f5f5c","uses":["downhill"],"name":"el Besurt","ref":null,"description":null,"difficulty":"intermediate","convention":"europe","status":"operating","oneway":true,"lit":null,"gladed":null,"patrolled":null,"grooming":null,"color":"hsl(359, 94%, 53%)","colorName":"red","skiAreas":[{"properties":{"activities":["downhill"],"generated":false,"id":"5ecb06388006e4740e7ce8234e26d036ce85edb7","location":null,"name":"Pal-Arinsal","runConvention":"europe","sources":[{"type":"openstreetmap","id":"relation/4638280"},{"type":"skimap.org","id":1807}],"status":"operating","type":"skiArea","websites":["http://www.vallnord.com/"],"statistics":{"runs":{"byActivity":{"downhill":{"byDifficulty":{"easy":{"count":29,"lengthInKm":20.858363377830223,"minElevation":1558.2487431681502,"maxElevation":2491.0273591680307,"combinedElevationChange":3693.1728125839886},"novice":{"count":9,"lengthInKm":3.172775951105538,"maxElevation":2256.4535199999787,"combinedElevationChange":479.4833746895015,"minElevation":1789.827260979216},"advanced":{"count":3,"lengthInKm":2.5787306934661585,"minElevation":1937.2300800002456,"maxElevation":2534.5657064320576,"combinedElevationChange":807.8002905404903},"intermediate":{"count":21,"lengthInKm":12.346787808472106,"minElevation":1844.9715935855613,"maxElevation":2489.9201663711965,"combinedElevationChange":3641.880392795686},"other":{"count":2,"lengthInKm":0.10704381182876538,"minElevation":2094.49559558079,"maxElevation":2237.4957588416046,"combinedElevationChange":11.424043260803046}}}},"minElevation":1558.2487431681502,"maxElevation":2534.5657064320576},"lifts":{"byType":{"gondola":{"count":2,"lengthInKm":3.176295731309711,"minElevation":1237.565454921608,"maxElevation":1919.344744844795,"combinedElevationChange":1107.8933287838854},"chair_lift":{"count":12,"lengthInKm":11.964826900293591,"minElevation":1553.825056428767,"maxElevation":2486.6322313520764,"combinedElevationChange":3173.663310246392},"drag_lift":{"count":6,"lengthInKm":3.2439118652796735,"minElevation":1893.2452799999487,"maxElevation":2339.2381706368255,"combinedElevationChange":773.0829379614327},"cable_car":{"count":1,"lengthInKm":2.3879046138398796,"minElevation":2066.005541440008,"maxElevation":2492.951279404874,"combinedElevationChange":426.9457379648661},"platter":{"count":1,"lengthInKm":0.39896484807186156,"minElevation":2450.0787449600393,"maxElevation":2534.5657064320576,"combinedElevationChange":84.48696147201827},"magic_carpet":{"count":9,"lengthInKm":0.70647313191135,"minElevation":1893.7999852414912,"maxElevation":2077.4390097648143,"combinedElevationChange":66.60550960032651}},"minElevation":1237.565454921608,"maxElevation":2534.5657064320576},"maxElevation":2534.5657064320576,"minElevation":1558.2487431681502}},"type":"Feature","geometry":{"coordinates":[1.4533222792924878,42.545759697593475],"type":"Point"}}],"elevationProfile":{"heights":[1993.9183295614823,1988.5009017510156,1981.9030794677635,1971.837914709301,1959.4086612091737,1948.5355332319132,1939.460473244858,1931.0548528921963,1920.7654294241459,1912.6734275485367,1904.685056147053,1896.946520219553,1887.9396754629954,1880.8296652671909,1874.703616668875,1870.895707603199,1868.20669849879,1863.7471462157027,1857.5192885273905,1852.1723358369404,1844.9715935855613],"resolution":25},"sources":[{"type":"openstreetmap","id":"way/152826444"}],"location":null,"websites":[]},"geometry":{"type":"LineString","coordinates":[[1.4778088999999996,42.5324268,1993.9183295614823],[1.4780467,42.53273500000002,1985.3492104796935],[1.4783336999999996,42.53318220000001,1962.157725442883],[1.4785059,42.5336898,1938.6124551328908],[1.4786698999999996,42.534312200000016,1913.2644702844675],[1.4787848,42.534644499999985,1901.267640000269],[1.4789733999999997,42.5348439,1891.8679707104734],[1.4791865999999998,42.53497690000001,1884.0326551230103],[1.4795719999999997,42.5350735,1876.017912959859],[1.4800476,42.5352065,1869.5905780479532],[1.4806051999999998,42.535399800000015,1860.9536237564391],[1.4810507,42.535538400000014,1851.9263999996122],[1.4810686999999996,42.5356064,1848.0993065472596],[1.4809918999999996,42.5356631,1844.9715935855613]]}}
,
{"type":"Feature","properties":{"type":"run","id":"d01dd61ccbc31f4dc96ecf2deded82285e053c90","uses":["downhill"],"name":"el Gall","ref":null,"description":null,"difficulty":"easy","convention":"europe","status":"operating","oneway":true,"lit":null,"gladed":null,"patrolled":null,"grooming":null,"color":"hsl(208, 100%, 33%)","colorName":"blue","skiAreas":[{"properties":{"activities":["downhill"],"generated":false,"id":"5ecb06388006e4740e7ce8234e26d036ce85edb7","location":null,"name":"Pal-Arinsal","runConvention":"europe","sources":[{"type":"openstreetmap","id":"relation/4638280"},{"type":"skimap.org","id":1807}],"status":"operating","type":"skiArea","websites":["http://www.vallnord.com/"],"statistics":{"runs":{"byActivity":{"downhill":{"byDifficulty":{"easy":{"count":29,"lengthInKm":20.858363377830223,"minElevation":1558.2487431681502,"maxElevation":2491.0273591680307,"combinedElevationChange":3693.1728125839886},"novice":{"count":9,"lengthInKm":3.172775951105538,"maxElevation":2256.4535199999787,"combinedElevationChange":479.4833746895015,"minElevation":1789.827260979216},"advanced":{"count":3,"lengthInKm":2.5787306934661585,"minElevation":1937.2300800002456,"maxElevation":2534.5657064320576,"combinedElevationChange":807.8002905404903},"intermediate":{"count":21,"lengthInKm":12.346787808472106,"minElevation":1844.9715935855613,"maxElevation":2489.9201663711965,"combinedElevationChange":3641.880392795686},"other":{"count":2,"lengthInKm":0.10704381182876538,"minElevation":2094.49559558079,"maxElevation":2237.4957588416046,"combinedElevationChange":11.424043260803046}}}},"minElevation":1558.2487431681502,"maxElevation":2534.5657064320576},"lifts":{"byType":{"gondola":{"count":2,"lengthInKm":3.176295731309711,"minElevation":1237.565454921608,"maxElevation":1919.344744844795,"combinedElevationChange":1107.8933287838854},"chair_lift":{"count":12,"lengthInKm":11.964826900293591,"minElevation":1553.825056428767,"maxElevation":2486.6322313520764,"combinedElevationChange":3173.663310246392},"drag_lift":{"count":6,"lengthInKm":3.2439118652796735,"minElevation":1893.2452799999487,"maxElevation":2339.2381706368255,"combinedElevationChange":773.0829379614327},"cable_car":{"count":1,"lengthInKm":2.3879046138398796,"minElevation":2066.005541440008,"maxElevation":2492.951279404874,"combinedElevationChange":426.9457379648661},"platter":{"count":1,"lengthInKm":0.39896484807186156,"minElevation":2450.0787449600393,"maxElevation":2534.5657064320576,"combinedElevationChange":84.48696147201827},"magic_carpet":{"count":9,"lengthInKm":0.70647313191135,"minElevation":1893.7999852414912,"maxElevation":2077.4390097648143,"combinedElevationChange":66.60550960032651}},"minElevation":1237.565454921608,"maxElevation":2534.5657064320576},"maxElevation":2534.5657064320576,"minElevation":1558.2487431681502}},"type":"Feature","geometry":{"coordinates":[1.4533222792924878,42.545759697593475],"type":"Point"}}],"elevationProfile":{"heights":[2079.6078875903536,2078.98860707333,2078.247825778608,2074.2172651636893,2072.70090082137,2072.1403198425865,2071.7534363735494,2070.207406129701,2067.04758478238,2062.7892476805855,2056.5894545111005,2051.618338758419,2048.7876515728803,2043.9477502825077,2039.260868755336,2036.1113982042536,2033.990838083945,2027.896278099487,2020.8471219079056,2011.9473911787882,2003.9367365036271,1996.4759953096434,1988.211964094075,1979.4156516119083,1970.7104164341233,1966.6624886959676,1964.8255357458775,1961.4704659158338,1955.4138670961172,1949.3776098131823,1946.8401852880986,1943.6908795369634,1939.1066756258326,1935.7867110404354,1934.381103280253,1937.2917461012921,1926.954998887399,1921.1677635699582,1918.0192144203102,1917.7489440153565,1914.8506247021494,1911.7069484172207,1909.9512462173282,1907.3257061372165,1905.1654470482729,1901.9789873192494,1899.4238297176403,1895.7061515809917,1892.7685472414582],"resolution":25},"sources":[{"type":"openstreetmap","id":"way/152826445"}],"location":null,"websites":[]},"geometry":{"type":"LineString","coordinates":[[1.4741715999999998,42.530328200000014,2079.6078875903536],[1.4732182999999996,42.530238800000014,2073.925127955241],[1.4726359999999998,42.530238800000014,2072.140319999977],[1.4721522,42.5302147,2070.9499999999857],[1.4716847999999996,42.5301965,2066.393318143965],[1.4712337999999996,42.5302026,2058.883743724753],[1.4707128,42.53025260000001,2050.5853599999223],[1.4703525000000004,42.53029030000001,2046.3925795598589],[1.4701956999999997,42.530322800000015,2043.2930627965432],[1.4699569,42.5303637,2039.5366177263281],[1.4697703999999996,42.5304344,2036.9176972289065],[1.4695833999999997,42.5304856,2035.8956195584572],[1.4694053999999996,42.530548,2034.6189896958597],[1.4692839,42.5306566,2030.5805612703834],[1.4690873,42.5307864,2025.0555857537668],[1.4689067999999996,42.530883,2020.097680000168],[1.4687514,42.53111070000001,2009.531399999748],[1.4687111999999998,42.5312948,2003.3141751808698],[1.4687066999999996,42.531427799999996,1998.9869913409439],[1.4687404,42.5316711,1990.3504684225268],[1.4688361999999995,42.53187139999999,1981.9424382530854],[1.4688992999999992,42.5320295,1975.6057963759959],[1.4689282999999993,42.53215090000002,1970.7879308907334],[1.4689039,42.5322213,1968.0363405870683],[1.4688469,42.5322827,1966.96308944473],[1.4686588,42.53235990000002,1966.2722514749507],[1.4684538,42.53242030000001,1964.604608534252],[1.4681504,42.53252910000001,1960.5716770173558],[1.4679453999999996,42.53263180000001,1955.4675197885742],[1.4677485999999995,42.532776900000016,1949.5691080731594],[1.4675435999999995,42.5328977,1947.306645542428],[1.4673139999999998,42.532982300000015,1944.361679999618],[1.4670351999999998,42.53301860000001,1941.1114395132831],[1.4667071999999999,42.5330488,1936.7052799998096],[1.4664201,42.53303070000001,1934.0500260268907],[1.4661823,42.5330246,1935.0789592161314],[1.4660290999999996,42.53303500000001,1936.5805056797956],[1.4659849999999996,42.53303800000001,1937.3447503998327],[1.4659620999999996,42.5331114,1934.4040799998643],[1.4660311999999998,42.5331461,1931.1626399998374],[1.4661823,42.53321190000001,1925.607679999757],[1.4666333999999996,42.53332680000001,1918.4120929789083],[1.4671335999999995,42.5334355,1917.1423087358228],[1.4674451999999998,42.53352620000001,1911.9511845501488],[1.4677977999999996,42.53353820000002,1911.2648395578167],[1.4678840999999996,42.5335448,1910.0013324671158],[1.4681913999999996,42.5335685,1907.3252587359177],[1.4684164,42.53359860000001,1905.8422912380759],[1.4685522,42.53361680000001,1904.7337599997975],[1.4688803,42.533641,1900.7982330081838],[1.4688916999999992,42.533641599999996,1900.672760000186],[1.4692001,42.5336591,1898.6073867871482],[1.4694706999999996,42.5336954,1895.1174822976284],[1.4695938999999996,42.53379070000001,1892.7685472414582]]}}
,
{"type":"Feature","properties":{"type":"run","id":"3fc1621c9b54eb65f50b275253c0bd4263fb4cc1","uses":["downhill"],"name":"els Avets","ref":null,"description":null,"difficulty":"easy","convention":"europe","status":"operating","oneway":true,"lit":null,"gladed":null,"patrolled":null,"grooming":null,"color":"hsl(208, 100%, 33%)","colorName":"blue","skiAreas":[{"properties":{"activities":["downhill"],"generated":false,"id":"5ecb06388006e4740e7ce8234e26d036ce85edb7","location":null,"name":"Pal-Arinsal","runConvention":"europe","sources":[{"type":"openstreetmap","id":"relation/4638280"},{"type":"skimap.org","id":1807}],"status":"operating","type":"skiArea","websites":["http://www.vallnord.com/"],"statistics":{"runs":{"byActivity":{"downhill":{"byDifficulty":{"easy":{"count":29,"lengthInKm":20.858363377830223,"minElevation":1558.2487431681502,"maxElevation":2491.0273591680307,"combinedElevationChange":3693.1728125839886},"novice":{"count":9,"lengthInKm":3.172775951105538,"maxElevation":2256.4535199999787,"combinedElevationChange":479.4833746895015,"minElevation":1789.827260979216},"advanced":{"count":3,"lengthInKm":2.5787306934661585,"minElevation":1937.2300800002456,"maxElevation":2534.5657064320576,"combinedElevationChange":807.8002905404903},"intermediate":{"count":21,"lengthInKm":12.346787808472106,"minElevation":1844.9715935855613,"maxElevation":2489.9201663711965,"combinedElevationChange":3641.880392795686},"other":{"count":2,"lengthInKm":0.10704381182876538,"minElevation":2094.49559558079,"maxElevation":2237.4957588416046,"combinedElevationChange":11.424043260803046}}}},"minElevation":1558.2487431681502,"maxElevation":2534.5657064320576},"lifts":{"byType":{"gondola":{"count":2,"lengthInKm":3.176295731309711,"minElevation":1237.565454921608,"maxElevation":1919.344744844795,"combinedElevationChange":1107.8933287838854},"chair_lift":{"count":12,"lengthInKm":11.964826900293591,"minElevation":1553.825056428767,"maxElevation":2486.6322313520764,"combinedElevationChange":3173.663310246392},"drag_lift":{"count":6,"lengthInKm":3.2439118652796735,"minElevation":1893.2452799999487,"maxElevation":2339.2381706368255,"combinedElevationChange":773.0829379614327},"cable_car":{"count":1,"lengthInKm":2.3879046138398796,"minElevation":2066.005541440008,"maxElevation":2492.951279404874,"combinedElevationChange":426.9457379648661},"platter":{"count":1,"lengthInKm":0.39896484807186156,"minElevation":2450.0787449600393,"maxElevation":2534.5657064320576,"combinedElevationChange":84.48696147201827},"magic_carpet":{"count":9,"lengthInKm":0.70647313191135,"minElevation":1893.7999852414912,"maxElevation":2077.4390097648143,"combinedElevationChange":66.60550960032651}},"minElevation":1237.565454921608,"maxElevation":2534.5657064320576},"maxElevation":2534.5657064320576,"minElevation":1558.2487431681502}},"type":"Feature","geometry":{"coordinates":[1.4533222792924878,42.545759697593475],"type":"Point"}}],"elevationProfile":{"heights":[1922.8409882176024,1921.2279957461033,1921.1881868765229,1919.5696675510803,1912.021957845826,1902.6170560792739,1897.4450750340177,1892.1175301993298,1885.214609099458,1877.496737951415,1867.78860132399,1860.0951011752354,1851.5560127513031,1841.6126302601258,1833.811312293873,1824.550520784471,1815.7048423218696,1804.553904369773,1796.7804668334077,1792.3908377698838,1790.1226652144833],"resolution":25},"sources":[{"type":"openstreetmap","id":"way/152826447"}],"location":null,"websites":[]},"geometry":{"type":"LineString","coordinates":[[1.4888665999999995,42.5348422,1922.8409882176024],[1.4880958,42.53533160000001,1918.4086716925462],[1.4871363999999996,42.536105100000015,1885.2462399997828],[1.4862179000000004,42.5368422,1846.9710799999107],[1.4853732999999996,42.537374,1814.8190880960012],[1.4849501999999999,42.5375828,1797.9183202175484],[1.4843909,42.537697099999995,1790.1226652144833]]}}
,
{"type":"Feature","properties":{"type":"run","id":"16d58e63d5169b6bf1171ab524889c82e35cd473","uses":["downhill"],"name":"Estadi Eslalom","ref":null,"description":null,"difficulty":"intermediate","convention":"europe","status":"operating","oneway":true,"lit":null,"gladed":null,"patrolled":null,"grooming":null,"color":"hsl(359, 94%, 53%)","colorName":"red","skiAreas":[{"properties":{"activities":["downhill"],"generated":false,"id":"5ecb06388006e4740e7ce8234e26d036ce85edb7","location":null,"name":"Pal-Arinsal","runConvention":"europe","sources":[{"type":"openstreetmap","id":"relation/4638280"},{"type":"skimap.org","id":1807}],"status":"operating","type":"skiArea","websites":["http://www.vallnord.com/"],"statistics":{"runs":{"byActivity":{"downhill":{"byDifficulty":{"easy":{"count":29,"lengthInKm":20.858363377830223,"minElevation":1558.2487431681502,"maxElevation":2491.0273591680307,"combinedElevationChange":3693.1728125839886},"novice":{"count":9,"lengthInKm":3.172775951105538,"maxElevation":2256.4535199999787,"combinedElevationChange":479.4833746895015,"minElevation":1789.827260979216},"advanced":{"count":3,"lengthInKm":2.5787306934661585,"minElevation":1937.2300800002456,"maxElevation":2534.5657064320576,"combinedElevationChange":807.8002905404903},"intermediate":{"count":21,"lengthInKm":12.346787808472106,"minElevation":1844.9715935855613,"maxElevation":2489.9201663711965,"combinedElevationChange":3641.880392795686},"other":{"count":2,"lengthInKm":0.10704381182876538,"minElevation":2094.49559558079,"maxElevation":2237.4957588416046,"combinedElevationChange":11.424043260803046}}}},"minElevation":1558.2487431681502,"maxElevation":2534.5657064320576},"lifts":{"byType":{"gondola":{"count":2,"lengthInKm":3.176295731309711,"minElevation":1237.565454921608,"maxElevation":1919.344744844795,"combinedElevationChange":1107.8933287838854},"chair_lift":{"count":12,"lengthInKm":11.964826900293591,"minElevation":1553.825056428767,"maxElevation":2486.6322313520764,"combinedElevationChange":3173.663310246392},"drag_lift":{"count":6,"lengthInKm":3.2439118652796735,"minElevation":1893.2452799999487,"maxElevation":2339.2381706368255,"combinedElevationChange":773.0829379614327},"cable_car":{"count":1,"lengthInKm":2.3879046138398796,"minElevation":2066.005541440008,"maxElevation":2492.951279404874,"combinedElevationChange":426.9457379648661},"platter":{"count":1,"lengthInKm":0.39896484807186156,"minElevation":2450.0787449600393,"maxElevation":2534.5657064320576,"combinedElevationChange":84.48696147201827},"magic_carpet":{"count":9,"lengthInKm":0.70647313191135,"minElevation":1893.7999852414912,"maxElevation":2077.4390097648143,"combinedElevationChange":66.60550960032651}},"minElevation":1237.565454921608,"maxElevation":2534.5657064320576},"maxElevation":2534.5657064320576,"minElevation":1558.2487431681502}},"type":"Feature","geometry":{"coordinates":[1.4533222792924878,42.545759697593475],"type":"Point"}}],"elevationProfile":{"heights":[2077.3523567007724,2073.703622824968,2065.8744868060435,2054.3756158161987,2042.4315344806587,2035.315054468572,2026.117516892755,2013.0039427405059,2001.3379822261775,1991.0569823992485,1982.6717706270776,1971.7222559949148,1959.8576572885547,1950.9555175955204,1942.0214732905506,1932.9102782591806,1922.5879901284693,1914.496589931061,1905.3719361918882,1898.0603732847205,1893.2452799999487],"resolution":25},"sources":[{"type":"openstreetmap","id":"way/152826448"}],"location":null,"websites":[]},"geometry":{"type":"LineString","coordinates":[[1.4741051,42.5306099,2077.3523567007724],[1.4740886,42.53067390000001,2076.337411436741],[1.4737660999999993,42.5311216,2060.2444685696582],[1.4730527,42.5318286,2020.061421513771],[1.4721671,42.53259000000001,1972.6059454396905],[1.4713141999999995,42.53321240000001,1934.4097991934461],[1.4706089999999998,42.5336656,1906.0004000000295],[1.4700297999999996,42.5338531,1893.2452799999487]]}}
,
{"type":"Feature","properties":{"type":"run","id":"bf71b28544c96bf527a6d1d65edd9c49f41bf413","uses":["downhill"],"name":"Font Roja","ref":null,"description":null,"difficulty":"intermediate","convention":"europe","status":"operating","oneway":true,"lit":null,"gladed":null,"patrolled":null,"grooming":null,"color":"hsl(359, 94%, 53%)","colorName":"red","skiAreas":[{"properties":{"activities":["downhill"],"generated":false,"id":"5ecb06388006e4740e7ce8234e26d036ce85edb7","location":null,"name":"Pal-Arinsal","runConvention":"europe","sources":[{"type":"openstreetmap","id":"relation/4638280"},{"type":"skimap.org","id":1807}],"status":"operating","type":"skiArea","websites":["http://www.vallnord.com/"],"statistics":{"runs":{"byActivity":{"downhill":{"byDifficulty":{"easy":{"count":29,"lengthInKm":20.858363377830223,"minElevation":1558.2487431681502,"maxElevation":2491.0273591680307,"combinedElevationChange":3693.1728125839886},"novice":{"count":9,"lengthInKm":3.172775951105538,"maxElevation":2256.4535199999787,"combinedElevationChange":479.4833746895015,"minElevation":1789.827260979216},"advanced":{"count":3,"lengthInKm":2.5787306934661585,"minElevation":1937.2300800002456,"maxElevation":2534.5657064320576,"combinedElevationChange":807.8002905404903},"intermediate":{"count":21,"lengthInKm":12.346787808472106,"minElevation":1844.9715935855613,"maxElevation":2489.9201663711965,"combinedElevationChange":3641.880392795686},"other":{"count":2,"lengthInKm":0.10704381182876538,"minElevation":2094.49559558079,"maxElevation":2237.4957588416046,"combinedElevationChange":11.424043260803046}}}},"minElevation":1558.2487431681502,"maxElevation":2534.5657064320576},"lifts":{"byType":{"gondola":{"count":2,"lengthInKm":3.176295731309711,"minElevation":1237.565454921608,"maxElevation":1919.344744844795,"combinedElevationChange":1107.8933287838854},"chair_lift":{"count":12,"lengthInKm":11.964826900293591,"minElevation":1553.825056428767,"maxElevation":2486.6322313520764,"combinedElevationChange":3173.663310246392},"drag_lift":{"count":6,"lengthInKm":3.2439118652796735,"minElevation":1893.2452799999487,"maxElevation":2339.2381706368255,"combinedElevationChange":773.0829379614327},"cable_car":{"count":1,"lengthInKm":2.3879046138398796,"minElevation":2066.005541440008,"maxElevation":2492.951279404874,"combinedElevationChange":426.9457379648661},"platter":{"count":1,"lengthInKm":0.39896484807186156,"minElevation":2450.0787449600393,"maxElevation":2534.5657064320576,"combinedElevationChange":84.48696147201827},"magic_carpet":{"count":9,"lengthInKm":0.70647313191135,"minElevation":1893.7999852414912,"maxElevation":2077.4390097648143,"combinedElevationChange":66.60550960032651}},"minElevation":1237.565454921608,"maxElevation":2534.5657064320576},"maxElevation":2534.5657064320576,"minElevation":1558.2487431681502}},"type":"Feature","geometry":{"coordinates":[1.4533222792924878,42.545759697593475],"type":"Point"}}],"elevationProfile":{"heights":[2217.743479999935,2213.3176543644954,2204.7925534961223,2195.9501083801106,2187.0744738103945,2178.5422805679605,2168.7227868958853,2160.4007690309327,2152.493965812549,2144.174396280459,2136.1025515390015,2127.5514744159664,2115.3068300751956,2102.2752877286002,2092.509737247441,2088.082326416494,2084.8071170597354,2079.5038949746254,2072.0211472158026,2065.689305566794,2059.1593836331426,2050.7885763842974,2040.53692084516,2030.1707250621441,2021.7051416870145,2012.259121039308,2001.5297832568256,1986.7215274572613,1973.3402123187307,1963.9721125082576,1951.685792036995,1937.9934076172199,1925.9525073130235,1917.8895871647978,1913.313376526032,1910.2572111329587,1910.086610316545,1909.2930088357052,1907.328877974633,1907.8472057138908,1905.5933962976042,1902.8008099501242,1900.5081024783672,1900.5714892117408,1900.717565119977],"resolution":25},"sources":[{"type":"openstreetmap","id":"way/152826449"}],"location":null,"websites":[]},"geometry":{"type":"LineString","coordinates":[[1.4521777,42.539982,2217.743479999935],[1.451734199999999,42.540221599999995,2206.5032628226054],[1.4511543999999996,42.54046939999999,2187.0834553347145],[1.4504933999999996,42.540683,2165.3571621762358],[1.4497510999999996,42.5408539,2144.9420056031345],[1.4491364999999996,42.5410504,2126.238511232199],[1.4485333999999996,42.54121280000001,2099.9440436222135],[1.447791199999999,42.54139220000001,2085.9035520766147],[1.4471649999999996,42.541546,2072.4722272000863],[1.4466199,42.541682699999996,2060.585917739407],[1.4461907999999997,42.541819499999995,2047.5112386241813],[1.4459240999999992,42.54203310000001,2033.3580989486045],[1.4455993999999992,42.5424347,2014.8951700543478],[1.4453789999999995,42.54299,1981.8131999997672],[1.4451819,42.5434514,1958.455266387443],[1.4450310999999996,42.5440154,1925.8858400000222],[1.4450079,42.5443828,1914.4926542143778],[1.4451471,42.544716,1909.8977914239795],[1.4453210999999992,42.5449809,1909.7947523808157],[1.4454601999999994,42.5452884,1907.2967270271906],[1.4454833999999996,42.5456046,1907.3923096768303],[1.4454485999999998,42.5459036,1903.7586802815676],[1.4453673999999996,42.54614280000001,1900.5716664575862],[1.4453859999999998,42.5462378,1900.4238224639994],[1.4454364999999996,42.5463091,1900.3282578719914],[1.4456039999999994,42.5463195,1900.717565119977]]}}
,
{"type":"Feature","properties":{"type":"run","id":"23e2dfd420280c8f84b252d68bce0398cbfc9b3e","uses":["downhill"],"name":"Fontanals","ref":null,"description":null,"difficulty":"intermediate","convention":"europe","status":"operating","oneway":true,"lit":false,"gladed":null,"patrolled":null,"grooming":null,"color":"hsl(359, 94%, 53%)","colorName":"red","skiAreas":[{"properties":{"activities":["downhill"],"generated":false,"id":"5ecb06388006e4740e7ce8234e26d036ce85edb7","location":null,"name":"Pal-Arinsal","runConvention":"europe","sources":[{"type":"openstreetmap","id":"relation/4638280"},{"type":"skimap.org","id":1807}],"status":"operating","type":"skiArea","websites":["http://www.vallnord.com/"],"statistics":{"runs":{"byActivity":{"downhill":{"byDifficulty":{"easy":{"count":29,"lengthInKm":20.858363377830223,"minElevation":1558.2487431681502,"maxElevation":2491.0273591680307,"combinedElevationChange":3693.1728125839886},"novice":{"count":9,"lengthInKm":3.172775951105538,"maxElevation":2256.4535199999787,"combinedElevationChange":479.4833746895015,"minElevation":1789.827260979216},"advanced":{"count":3,"lengthInKm":2.5787306934661585,"minElevation":1937.2300800002456,"maxElevation":2534.5657064320576,"combinedElevationChange":807.8002905404903},"intermediate":{"count":21,"lengthInKm":12.346787808472106,"minElevation":1844.9715935855613,"maxElevation":2489.9201663711965,"combinedElevationChange":3641.880392795686},"other":{"count":2,"lengthInKm":0.10704381182876538,"minElevation":2094.49559558079,"maxElevation":2237.4957588416046,"combinedElevationChange":11.424043260803046}}}},"minElevation":1558.2487431681502,"maxElevation":2534.5657064320576},"lifts":{"byType":{"gondola":{"count":2,"lengthInKm":3.176295731309711,"minElevation":1237.565454921608,"maxElevation":1919.344744844795,"combinedElevationChange":1107.8933287838854},"chair_lift":{"count":12,"lengthInKm":11.964826900293591,"minElevation":1553.825056428767,"maxElevation":2486.6322313520764,"combinedElevationChange":3173.663310246392},"drag_lift":{"count":6,"lengthInKm":3.2439118652796735,"minElevation":1893.2452799999487,"maxElevation":2339.2381706368255,"combinedElevationChange":773.0829379614327},"cable_car":{"count":1,"lengthInKm":2.3879046138398796,"minElevation":2066.005541440008,"maxElevation":2492.951279404874,"combinedElevationChange":426.9457379648661},"platter":{"count":1,"lengthInKm":0.39896484807186156,"minElevation":2450.0787449600393,"maxElevation":2534.5657064320576,"combinedElevationChange":84.48696147201827},"magic_carpet":{"count":9,"lengthInKm":0.70647313191135,"minElevation":1893.7999852414912,"maxElevation":2077.4390097648143,"combinedElevationChange":66.60550960032651}},"minElevation":1237.565454921608,"maxElevation":2534.5657064320576},"maxElevation":2534.5657064320576,"minElevation":1558.2487431681502}},"type":"Feature","geometry":{"coordinates":[1.4533222792924878,42.545759697593475],"type":"Point"}}],"elevationProfile":{"heights":[2107.711665987028,2098.264237393618,2094.362248036295,2091.6258706650333,2089.4548359361565,2089.3498763078524,2087.694960117833,2083.3057235322203,2075.625739339469,2068.5292152587817,2065.2812541448607,2058.6117962318367,2051.9073663955405,2049.1216687458473,2045.5674533294218,2037.6801820160674,2029.6634169997533,2021.7607192170665,2013.7985580673446,2007.3451525218577,1999.3335874952688,1989.9160667585095,1980.000142898356,1968.9770510666674,1957.729167610306,1947.2013579122392,1937.7417626223707,1926.9152743317804,1913.3876782570703,1903.8710060017982,1896.6736060210378,1892.6602799998666],"resolution":25},"sources":[{"type":"openstreetmap","id":"way/152826450"}],"location":null,"websites":[]},"geometry":{"type":"LineString","coordinates":[[1.4672356999999996,42.528425800000015,2107.711665987028],[1.4682979999999999,42.52893070000002,2089.402093855879],[1.4690021,42.529198100000016,2085.2082820413148],[1.4694776999999997,42.52954860000001,2068.6792297885468],[1.4699696999999992,42.52983870000001,2058.5488399997103],[1.4702076,42.53001060000001,2051.489477772698],[1.4703989,42.53020280000001,2048.8099440830997],[1.4704916999999993,42.53034390000001,2046.4799180942462],[1.4704822,42.5304596,2043.1072713855892],[1.4704801,42.5304849,2042.3579630512686],[1.4703873,42.530596,2037.028658495911],[1.4702134,42.530711300000014,2030.7911536061808],[1.4700161999999999,42.5308096,2025.0777142784777],[1.4698596999999995,42.53094210000001,2018.573138249443],[1.4697490999999996,42.53110820000001,2012.1931080894142],[1.4697088999999997,42.5311686,2010.410462595175],[1.4696218999999993,42.5314463,2001.2907154512427],[1.4696334999999996,42.53171550000001,1990.0757999998007],[1.4697262999999992,42.532070200000014,1973.6486281404568],[1.4698058999999997,42.53229080000001,1962.113709868539],[1.4698248999999992,42.53234360000001,1959.4187221053933],[1.4699176999999997,42.532582900000016,1947.6059999996685],[1.4699524,42.532882,1934.6259143679654],[1.4698771,42.5332238,1915.6440970590918],[1.4698829,42.533505800000015,1903.2098181725435],[1.4698746999999992,42.53385030000001,1892.6602799998666]]}}
,
{"type":"Feature","properties":{"type":"run","id":"2d1d7fe6ff84a7999ac7ad6d5ca6d2c851abf372","uses":["downhill"],"name":"Fontanals de les Roques","ref":null,"description":null,"difficulty":"intermediate","convention":"europe","status":"operating","oneway":true,"lit":null,"gladed":null,"patrolled":null,"grooming":null,"color":"hsl(359, 94%, 53%)","colorName":"red","skiAreas":[{"properties":{"activities":["downhill"],"generated":false,"id":"5ecb06388006e4740e7ce8234e26d036ce85edb7","location":null,"name":"Pal-Arinsal","runConvention":"europe","sources":[{"type":"openstreetmap","id":"relation/4638280"},{"type":"skimap.org","id":1807}],"status":"operating","type":"skiArea","websites":["http://www.vallnord.com/"],"statistics":{"runs":{"byActivity":{"downhill":{"byDifficulty":{"easy":{"count":29,"lengthInKm":20.858363377830223,"minElevation":1558.2487431681502,"maxElevation":2491.0273591680307,"combinedElevationChange":3693.1728125839886},"novice":{"count":9,"lengthInKm":3.172775951105538,"maxElevation":2256.4535199999787,"combinedElevationChange":479.4833746895015,"minElevation":1789.827260979216},"advanced":{"count":3,"lengthInKm":2.5787306934661585,"minElevation":1937.2300800002456,"maxElevation":2534.5657064320576,"combinedElevationChange":807.8002905404903},"intermediate":{"count":21,"lengthInKm":12.346787808472106,"minElevation":1844.9715935855613,"maxElevation":2489.9201663711965,"combinedElevationChange":3641.880392795686},"other":{"count":2,"lengthInKm":0.10704381182876538,"minElevation":2094.49559558079,"maxElevation":2237.4957588416046,"combinedElevationChange":11.424043260803046}}}},"minElevation":1558.2487431681502,"maxElevation":2534.5657064320576},"lifts":{"byType":{"gondola":{"count":2,"lengthInKm":3.176295731309711,"minElevation":1237.565454921608,"maxElevation":1919.344744844795,"combinedElevationChange":1107.8933287838854},"chair_lift":{"count":12,"lengthInKm":11.964826900293591,"minElevation":1553.825056428767,"maxElevation":2486.6322313520764,"combinedElevationChange":3173.663310246392},"drag_lift":{"count":6,"lengthInKm":3.2439118652796735,"minElevation":1893.2452799999487,"maxElevation":2339.2381706368255,"combinedElevationChange":773.0829379614327},"cable_car":{"count":1,"lengthInKm":2.3879046138398796,"minElevation":2066.005541440008,"maxElevation":2492.951279404874,"combinedElevationChange":426.9457379648661},"platter":{"count":1,"lengthInKm":0.39896484807186156,"minElevation":2450.0787449600393,"maxElevation":2534.5657064320576,"combinedElevationChange":84.48696147201827},"magic_carpet":{"count":9,"lengthInKm":0.70647313191135,"minElevation":1893.7999852414912,"maxElevation":2077.4390097648143,"combinedElevationChange":66.60550960032651}},"minElevation":1237.565454921608,"maxElevation":2534.5657064320576},"maxElevation":2534.5657064320576,"minElevation":1558.2487431681502}},"type":"Feature","geometry":{"coordinates":[1.4533222792924878,42.545759697593475],"type":"Point"}}],"elevationProfile":{"heights":[2256.4905261471667,2251.2382834338496,2244.048700960474,2237.041103404237,2225.533039388921,2213.989251670966,2206.2737888634074,2200.523254273113,2196.520862499269,2189.9402718047454,2182.2695617782038,2174.395422573244,2165.7207533134,2157.244068838189,2151.1110240231264,2143.0003707588958,2133.4666155839855,2128.067411051299,2122.6893246956406,2115.7280321311755,2110.9561434428624,2105.463265882321,2097.5989832487658,2091.034251693793,2083.6667413623486,2075.35403885388,2065.922068882611,2057.463297896057,2048.456939431854,2039.2659388887816,2031.2129486222882,2022.211305675327,2012.7773810933677,2005.8669023185166,1999.5528430263214,1999.2053622641445],"resolution":25},"sources":[{"type":"openstreetmap","id":"way/152826451"}],"location":null,"websites":[]},"geometry":{"type":"LineString","coordinates":[[1.4601609,42.5275498,2256.4905261471667],[1.4603503,42.52775130000001,2250.7194799999397],[1.4605445,42.5278969,2244.060464335969],[1.4607360999999996,42.528000100000014,2238.4888839711093],[1.4610312999999993,42.52812100000001,2226.9883999998433],[1.4613497999999996,42.528198500000016,2214.1747709758015],[1.4615752999999996,42.528232400000014,2208.093229113499],[1.4618171999999998,42.528251200000014,2203.0172050943434],[1.4621835,42.52821220000002,2197.8050504478665],[1.4624377,42.5281816,2192.7041478783344],[1.462743,42.528153400000015,2185.504439103882],[1.4631074,42.52815600000002,2175.95300902383],[1.4635461999999995,42.52818410000001,2163.309155513526],[1.4638468999999996,42.52822130000001,2155.505102446232],[1.4642131,42.528290200000015,2148.0461633949767],[1.4645575000000004,42.528411100000014,2136.0121674398474],[1.4648855,42.52851990000002,2128.4661999997584],[1.4652135,42.52871320000002,2120.590168255517],[1.4655742999999992,42.52890660000001,2112.3592625246256],[1.4660828000000001,42.529196700000014,2098.719701228613],[1.4664764,42.52952300000001,2085.380453311804],[1.4668375999999999,42.5299466,2065.759429580686],[1.4671865,42.5303044,2048.625480000065],[1.4675095999999994,42.5306712,2031.7936359423852],[1.4677227999999996,42.53091290000002,2020.156479999518],[1.4679359999999995,42.5311546,2009.0887434239787],[1.4682477,42.531420499999996,1999.2053622641445]]}}
,
{"type":"Feature","properties":{"type":"run","id":"75d59ac82d5cbe6a735f28692211bca011f0b615","uses":["downhill"],"name":"la Cot","ref":null,"description":null,"difficulty":"intermediate","convention":"europe","status":"operating","oneway":true,"lit":null,"gladed":null,"patrolled":null,"grooming":null,"color":"hsl(359, 94%, 53%)","colorName":"red","skiAreas":[{"properties":{"activities":["downhill"],"generated":false,"id":"5ecb06388006e4740e7ce8234e26d036ce85edb7","location":null,"name":"Pal-Arinsal","runConvention":"europe","sources":[{"type":"openstreetmap","id":"relation/4638280"},{"type":"skimap.org","id":1807}],"status":"operating","type":"skiArea","websites":["http://www.vallnord.com/"],"statistics":{"runs":{"byActivity":{"downhill":{"byDifficulty":{"easy":{"count":29,"lengthInKm":20.858363377830223,"minElevation":1558.2487431681502,"maxElevation":2491.0273591680307,"combinedElevationChange":3693.1728125839886},"novice":{"count":9,"lengthInKm":3.172775951105538,"maxElevation":2256.4535199999787,"combinedElevationChange":479.4833746895015,"minElevation":1789.827260979216},"advanced":{"count":3,"lengthInKm":2.5787306934661585,"minElevation":1937.2300800002456,"maxElevation":2534.5657064320576,"combinedElevationChange":807.8002905404903},"intermediate":{"count":21,"lengthInKm":12.346787808472106,"minElevation":1844.9715935855613,"maxElevation":2489.9201663711965,"combinedElevationChange":3641.880392795686},"other":{"count":2,"lengthInKm":0.10704381182876538,"minElevation":2094.49559558079,"maxElevation":2237.4957588416046,"combinedElevationChange":11.424043260803046}}}},"minElevation":1558.2487431681502,"maxElevation":2534.5657064320576},"lifts":{"byType":{"gondola":{"count":2,"lengthInKm":3.176295731309711,"minElevation":1237.565454921608,"maxElevation":1919.344744844795,"combinedElevationChange":1107.8933287838854},"chair_lift":{"count":12,"lengthInKm":11.964826900293591,"minElevation":1553.825056428767,"maxElevation":2486.6322313520764,"combinedElevationChange":3173.663310246392},"drag_lift":{"count":6,"lengthInKm":3.2439118652796735,"minElevation":1893.2452799999487,"maxElevation":2339.2381706368255,"combinedElevationChange":773.0829379614327},"cable_car":{"count":1,"lengthInKm":2.3879046138398796,"minElevation":2066.005541440008,"maxElevation":2492.951279404874,"combinedElevationChange":426.9457379648661},"platter":{"count":1,"lengthInKm":0.39896484807186156,"minElevation":2450.0787449600393,"maxElevation":2534.5657064320576,"combinedElevationChange":84.48696147201827},"magic_carpet":{"count":9,"lengthInKm":0.70647313191135,"minElevation":1893.7999852414912,"maxElevation":2077.4390097648143,"combinedElevationChange":66.60550960032651}},"minElevation":1237.565454921608,"maxElevation":2534.5657064320576},"maxElevation":2534.5657064320576,"minElevation":1558.2487431681502}},"type":"Feature","geometry":{"coordinates":[1.4533222792924878,42.545759697593475],"type":"Point"}}],"elevationProfile":{"heights":[2107.6968371982,2100.147447390263,2092.125575173149,2086.7180843996885,2082.647575943369,2078.967163683831,2075.467509961275,2064.79392252377,2053.2268190972827,2043.1043104682042,2033.7345643322772,2022.2645867154945,2012.5661030770443,2005.3240197536106,2001.621119999825],"resolution":25},"sources":[{"type":"openstreetmap","id":"way/152826452"}],"location":null,"websites":[]},"geometry":{"type":"LineString","coordinates":[[1.4672368999999996,42.528425300000016,2107.6968371982],[1.4675025999999998,42.52907860000001,2086.5728725055046],[1.4675927999999996,42.529326300000015,2081.9845090942636],[1.467691199999999,42.52968890000001,2076.2055491327437],[1.4678715999999994,42.53014820000001,2053.839641714861],[1.4680765999999998,42.530547,2035.3696000000627],[1.4682734,42.530933800000014,2015.4530399997307],[1.4685194,42.53133260000001,2001.621119999825]]}}
,
{"type":"Feature","properties":{"type":"run","id":"96b62ab9d7a7cde9aa57ccfd346d49ba02d7bde3","uses":["downhill"],"name":"la Serra","ref":null,"description":null,"difficulty":"intermediate","convention":"europe","status":"operating","oneway":true,"lit":null,"gladed":null,"patrolled":null,"grooming":null,"color":"hsl(359, 94%, 53%)","colorName":"red","skiAreas":[{"properties":{"activities":["downhill"],"generated":false,"id":"5ecb06388006e4740e7ce8234e26d036ce85edb7","location":null,"name":"Pal-Arinsal","runConvention":"europe","sources":[{"type":"openstreetmap","id":"relation/4638280"},{"type":"skimap.org","id":1807}],"status":"operating","type":"skiArea","websites":["http://www.vallnord.com/"],"statistics":{"runs":{"byActivity":{"downhill":{"byDifficulty":{"easy":{"count":29,"lengthInKm":20.858363377830223,"minElevation":1558.2487431681502,"maxElevation":2491.0273591680307,"combinedElevationChange":3693.1728125839886},"novice":{"count":9,"lengthInKm":3.172775951105538,"maxElevation":2256.4535199999787,"combinedElevationChange":479.4833746895015,"minElevation":1789.827260979216},"advanced":{"count":3,"lengthInKm":2.5787306934661585,"minElevation":1937.2300800002456,"maxElevation":2534.5657064320576,"combinedElevationChange":807.8002905404903},"intermediate":{"count":21,"lengthInKm":12.346787808472106,"minElevation":1844.9715935855613,"maxElevation":2489.9201663711965,"combinedElevationChange":3641.880392795686},"other":{"count":2,"lengthInKm":0.10704381182876538,"minElevation":2094.49559558079,"maxElevation":2237.4957588416046,"combinedElevationChange":11.424043260803046}}}},"minElevation":1558.2487431681502,"maxElevation":2534.5657064320576},"lifts":{"byType":{"gondola":{"count":2,"lengthInKm":3.176295731309711,"minElevation":1237.565454921608,"maxElevation":1919.344744844795,"combinedElevationChange":1107.8933287838854},"chair_lift":{"count":12,"lengthInKm":11.964826900293591,"minElevation":1553.825056428767,"maxElevation":2486.6322313520764,"combinedElevationChange":3173.663310246392},"drag_lift":{"count":6,"lengthInKm":3.2439118652796735,"minElevation":1893.2452799999487,"maxElevation":2339.2381706368255,"combinedElevationChange":773.0829379614327},"cable_car":{"count":1,"lengthInKm":2.3879046138398796,"minElevation":2066.005541440008,"maxElevation":2492.951279404874,"combinedElevationChange":426.9457379648661},"platter":{"count":1,"lengthInKm":0.39896484807186156,"minElevation":2450.0787449600393,"maxElevation":2534.5657064320576,"combinedElevationChange":84.48696147201827},"magic_carpet":{"count":9,"lengthInKm":0.70647313191135,"minElevation":1893.7999852414912,"maxElevation":2077.4390097648143,"combinedElevationChange":66.60550960032651}},"minElevation":1237.565454921608,"maxElevation":2534.5657064320576},"maxElevation":2534.5657064320576,"minElevation":1558.2487431681502}},"type":"Feature","geometry":{"coordinates":[1.4533222792924878,42.545759697593475],"type":"Point"}}],"elevationProfile":{"heights":[2340.256720000007,2336.479747570113,2331.241275263872,2326.888272720439,2319.333500148439,2313.0029048098695,2305.6468511339035,2299.4286377609556,2294.0044263850455,2286.239658632102,2279.569603380089,2270.942989170287,2262.6398437597427,2257.015933733036,2250.6001989281185,2243.073120296415,2233.7123531835946,2223.466920708025,2213.934586347011,2206.9729441288605,2202.2674837568334,2196.2476777425613,2187.2750026681365,2178.782928079184,2173.9968782442293,2169.9851806808692,2165.0581780331822,2158.8409244143304,2150.3481495440133,2142.8171262474557,2139.4407385550785,2135.8797795698374,2130.815980293155,2125.4148893194606,2122.370905352337,2118.725842550972,2115.8397967069363,2111.45934104897,2107.6006513039633],"resolution":25},"sources":[{"type":"openstreetmap","id":"way/152826453"}],"location":null,"websites":[]},"geometry":{"type":"LineString","coordinates":[[1.4566099,42.5262899,2340.256720000007],[1.4574899999999995,42.52641610000001,2327.238433440024],[1.4578383999999995,42.5264866,2318.4508318975913],[1.4584615999999995,42.526752600000016,2302.0920903679857],[1.4591667999999995,42.527097,2284.447054464014],[1.4598829,42.52741870000001,2262.6013287231667],[1.4601609,42.5275498,2256.4905261471667],[1.4605571000000004,42.527684499999985,2246.9666129520792],[1.4608105,42.5277834,2239.5113525440356],[1.4611032999999995,42.5278609,2228.383480000005],[1.4613848999999997,42.527910300000016,2219.2585926062075],[1.4617089999999995,42.527937,2209.711444319973],[1.4621845999999998,42.5278947,2201.957931785645],[1.4627586,42.52781620000001,2187.473490387189],[1.4632669999999997,42.5277678,2175.5430130880236],[1.4637343999999992,42.5277376,2169.060774911969],[1.4642346999999996,42.52769530000001,2160.076843292745],[1.4646446999999996,42.52769530000001,2148.6384866990797],[1.4652279999999998,42.527687799999995,2139.2619923200664],[1.4656010999999995,42.5278292,2133.7069354496125],[1.4658586999999996,42.52802670000001,2126.5319599998898],[1.4659442999999992,42.52809230000002,2125.097993571045],[1.4664095,42.52821040000001,2119.572635903866],[1.4672394999999996,42.5284271,2107.6006513039633]]}}
,
{"type":"Feature","properties":{"type":"run","id":"45c18e4b13882a2584ced43e5da1e1dad45a2f9e","uses":["downhill"],"name":"la Serra","ref":null,"description":null,"difficulty":"easy","convention":"europe","status":"operating","oneway":true,"lit":null,"gladed":null,"patrolled":null,"grooming":null,"color":"hsl(208, 100%, 33%)","colorName":"blue","skiAreas":[{"properties":{"activities":["downhill"],"generated":false,"id":"5ecb06388006e4740e7ce8234e26d036ce85edb7","location":null,"name":"Pal-Arinsal","runConvention":"europe","sources":[{"type":"openstreetmap","id":"relation/4638280"},{"type":"skimap.org","id":1807}],"status":"operating","type":"skiArea","websites":["http://www.vallnord.com/"],"statistics":{"runs":{"byActivity":{"downhill":{"byDifficulty":{"easy":{"count":29,"lengthInKm":20.858363377830223,"minElevation":1558.2487431681502,"maxElevation":2491.0273591680307,"combinedElevationChange":3693.1728125839886},"novice":{"count":9,"lengthInKm":3.172775951105538,"maxElevation":2256.4535199999787,"combinedElevationChange":479.4833746895015,"minElevation":1789.827260979216},"advanced":{"count":3,"lengthInKm":2.5787306934661585,"minElevation":1937.2300800002456,"maxElevation":2534.5657064320576,"combinedElevationChange":807.8002905404903},"intermediate":{"count":21,"lengthInKm":12.346787808472106,"minElevation":1844.9715935855613,"maxElevation":2489.9201663711965,"combinedElevationChange":3641.880392795686},"other":{"count":2,"lengthInKm":0.10704381182876538,"minElevation":2094.49559558079,"maxElevation":2237.4957588416046,"combinedElevationChange":11.424043260803046}}}},"minElevation":1558.2487431681502,"maxElevation":2534.5657064320576},"lifts":{"byType":{"gondola":{"count":2,"lengthInKm":3.176295731309711,"minElevation":1237.565454921608,"maxElevation":1919.344744844795,"combinedElevationChange":1107.8933287838854},"chair_lift":{"count":12,"lengthInKm":11.964826900293591,"minElevation":1553.825056428767,"maxElevation":2486.6322313520764,"combinedElevationChange":3173.663310246392},"drag_lift":{"count":6,"lengthInKm":3.2439118652796735,"minElevation":1893.2452799999487,"maxElevation":2339.2381706368255,"combinedElevationChange":773.0829379614327},"cable_car":{"count":1,"lengthInKm":2.3879046138398796,"minElevation":2066.005541440008,"maxElevation":2492.951279404874,"combinedElevationChange":426.9457379648661},"platter":{"count":1,"lengthInKm":0.39896484807186156,"minElevation":2450.0787449600393,"maxElevation":2534.5657064320576,"combinedElevationChange":84.48696147201827},"magic_carpet":{"count":9,"lengthInKm":0.70647313191135,"minElevation":1893.7999852414912,"maxElevation":2077.4390097648143,"combinedElevationChange":66.60550960032651}},"minElevation":1237.565454921608,"maxElevation":2534.5657064320576},"maxElevation":2534.5657064320576,"minElevation":1558.2487431681502}},"type":"Feature","geometry":{"coordinates":[1.4533222792924878,42.545759697593475],"type":"Point"}}],"elevationProfile":{"heights":[2079.6078875903536,2078.0697296209783,2076.552047704617,2076.113006180324,2073.8407226229424,2069.485271870762,2065.5246491571347,2060.6397194240385,2053.5033435302053,2048.5879688058094,2046.1205537046524,2042.5326059282781,2036.9742444837445,2032.3913020792945,2029.2728871494278,2027.349610421536,2023.5130438027336,2019.6264258353958,2017.3520579756655,2012.80309519768,2008.812583882759,2005.6983820338546,2000.4970686585818,1998.1924599025892,1996.6776839012168,1992.5352151842878,1986.7172545342614,1981.7982551349305,1978.8897892416153,1978.8994965870793,1979.924117326665,1978.5961316727482,1970.270277203953,1963.1109999810005,1960.6961256603706,1963.2914928957318,1963.6800923620212,1962.989345432737,1962.1404174452202,1957.7610612092226,1953.674486632767,1949.2469644999035,1947.4585239028515,1946.9362916406824,1945.4723644151645,1943.8109984851715,1939.039767389866,1937.2636892827154,1936.322712497605,1936.108500535776,1934.8812592748532,1931.3028305198372,1927.345126360369,1923.552780319649,1922.1332443095303,1922.7189491839981],"resolution":25},"sources":[{"type":"openstreetmap","id":"way/152826454"},{"type":"openstreetmap","id":"way/1242377781"}],"location":null,"websites":[]},"geometry":{"type":"LineString","coordinates":[[1.4741715999999998,42.530328200000014,2079.6078875903536],[1.4743351999999998,42.5304043,2078.4282976511986],[1.4745698999999997,42.5305693,2077.0376685887863],[1.4747933999999996,42.53070860000001,2076.2947200000153],[1.4751515,42.5308658,2073.726266351984],[1.4756453999999997,42.53103390000001,2066.200686764699],[1.4761035,42.5311604,2057.95778185611],[1.4767238999999996,42.531284299999996,2047.1039636384844],[1.4774024,42.5314638,2037.626960000086],[1.4781445999999998,42.5316432,2028.763920000009],[1.4785968999999997,42.5317672,2023.431960000098],[1.4791942999999992,42.5319066,2017.0407531552278],[1.4796394999999996,42.53202,2010.0665983999068],[1.4800927,42.53211140000001,2004.7863599997802],[1.4807746999999996,42.5322613,1997.7489999999132],[1.4816311999999994,42.5324649,1984.1507599999582],[1.4822955999999998,42.5326291,1978.35717799676],[1.4827274,42.532728800000015,1980.0747773949324],[1.4834299999999996,42.5328476,1965.7610067200917],[1.4841168,42.5330093,1963.1314136703256],[1.4847375,42.53319860000001,1962.9434511999218],[1.4852200999999996,42.5335892,1956.107135929563],[1.4856304999999996,42.5339848,1947.805193088013],[1.4860247999999996,42.5342796,1945.8128736768479],[1.4864481,42.534442,1943.3781200000099],[1.4868017999999996,42.5345573,1938.156039999924],[1.4872773,42.5346513,1936.3230054511969],[1.4877411999999994,42.5347069,1935.918733875218],[1.4882514,42.53475390000001,1930.4623572383275],[1.4885240999999996,42.5347809,1926.8046176351784],[1.4887346999999993,42.534821699999995,1923.994524251288],[1.4888665999999995,42.5348422,1922.8409882176024],[1.4890561,42.53491730000001,1922.1366889375768],[1.4892665999999994,42.534998,1922.7189491839981]]}}
,
{"type":"Feature","properties":{"type":"run","id":"e4aeb0798545a153cb5e9b961cfb05b41f7d86d8","uses":["downhill"],"name":"Poselletes","ref":null,"description":null,"difficulty":"intermediate","convention":"europe","status":"operating","oneway":true,"lit":null,"gladed":null,"patrolled":null,"grooming":null,"color":"hsl(359, 94%, 53%)","colorName":"red","skiAreas":[{"properties":{"activities":["downhill"],"generated":false,"id":"5ecb06388006e4740e7ce8234e26d036ce85edb7","location":null,"name":"Pal-Arinsal","runConvention":"europe","sources":[{"type":"openstreetmap","id":"relation/4638280"},{"type":"skimap.org","id":1807}],"status":"operating","type":"skiArea","websites":["http://www.vallnord.com/"],"statistics":{"runs":{"byActivity":{"downhill":{"byDifficulty":{"easy":{"count":29,"lengthInKm":20.858363377830223,"minElevation":1558.2487431681502,"maxElevation":2491.0273591680307,"combinedElevationChange":3693.1728125839886},"novice":{"count":9,"lengthInKm":3.172775951105538,"maxElevation":2256.4535199999787,"combinedElevationChange":479.4833746895015,"minElevation":1789.827260979216},"advanced":{"count":3,"lengthInKm":2.5787306934661585,"minElevation":1937.2300800002456,"maxElevation":2534.5657064320576,"combinedElevationChange":807.8002905404903},"intermediate":{"count":21,"lengthInKm":12.346787808472106,"minElevation":1844.9715935855613,"maxElevation":2489.9201663711965,"combinedElevationChange":3641.880392795686},"other":{"count":2,"lengthInKm":0.10704381182876538,"minElevation":2094.49559558079,"maxElevation":2237.4957588416046,"combinedElevationChange":11.424043260803046}}}},"minElevation":1558.2487431681502,"maxElevation":2534.5657064320576},"lifts":{"byType":{"gondola":{"count":2,"lengthInKm":3.176295731309711,"minElevation":1237.565454921608,"maxElevation":1919.344744844795,"combinedElevationChange":1107.8933287838854},"chair_lift":{"count":12,"lengthInKm":11.964826900293591,"minElevation":1553.825056428767,"maxElevation":2486.6322313520764,"combinedElevationChange":3173.663310246392},"drag_lift":{"count":6,"lengthInKm":3.2439118652796735,"minElevation":1893.2452799999487,"maxElevation":2339.2381706368255,"combinedElevationChange":773.0829379614327},"cable_car":{"count":1,"lengthInKm":2.3879046138398796,"minElevation":2066.005541440008,"maxElevation":2492.951279404874,"combinedElevationChange":426.9457379648661},"platter":{"count":1,"lengthInKm":0.39896484807186156,"minElevation":2450.0787449600393,"maxElevation":2534.5657064320576,"combinedElevationChange":84.48696147201827},"magic_carpet":{"count":9,"lengthInKm":0.70647313191135,"minElevation":1893.7999852414912,"maxElevation":2077.4390097648143,"combinedElevationChange":66.60550960032651}},"minElevation":1237.565454921608,"maxElevation":2534.5657064320576},"maxElevation":2534.5657064320576,"minElevation":1558.2487431681502}},"type":"Feature","geometry":{"coordinates":[1.4533222792924878,42.545759697593475],"type":"Point"}}],"elevationProfile":{"heights":[2262.185254863872,2259.3277212768094,2250.803907853909,2235.100955251279,2228.1614586488968,2222.3347424174603,2216.247887925013,2209.095769598624,2196.0901470912736,2183.2056432393356,2171.114784263612,2160.858644060402,2151.310608544444,2141.778731165311,2132.643459015384,2124.005659843431,2114.4251728559702,2106.5097286371692,2099.7822975811023,2093.850345363166,2087.4833032554257,2080.0530061291533,2074.598112039609,2069.2356991477645,2065.944419313102,2064.816343014916,2064.3650121150276,2066.130646228555,2067.0431664879843],"resolution":25},"sources":[{"type":"openstreetmap","id":"way/152826455"}],"location":null,"websites":[]},"geometry":{"type":"LineString","coordinates":[[1.4521861,42.5389345,2262.185254863872],[1.452488,42.53897410000001,2259.3123079678594],[1.452546,42.53913640000001,2253.411664895886],[1.4525111999999998,42.5394098,2235.5146051583006],[1.4523721,42.5396747,2226.829080000026],[1.4522329,42.5399054,2220.051948873532],[1.4521777,42.539982,2217.743479999935],[1.4520358,42.540178900000015,2211.2221156253163],[1.4519197999999995,42.5403669,2200.9838596990558],[1.4518269999999995,42.540589,2187.124505120162],[1.4518153999999996,42.5408112,2174.7024238591835],[1.4518617999999992,42.541161499999994,2158.5256800002558],[1.4519313999999992,42.5416229,2138.8437599999947],[1.4519777999999997,42.5420843,2120.5578042432385],[1.4520009999999999,42.54252010000001,2104.2073574878655],[1.4520358,42.542930200000015,2093.0928630333856],[1.4520705999999999,42.5433575,2079.8884080800167],[1.452059,42.5437419,2070.4055023359865],[1.4520936999999996,42.5440581,2065.560978446386],[1.4522096999999996,42.5442973,2064.8367195552228],[1.4522677,42.5444853,2064.4163198128035],[1.4524096999999996,42.5447205,2067.0431664879843]]}}
,
{"type":"Feature","properties":{"type":"run","id":"f8d3d47ae76c4b6991f7fff6ea21a92a68bb0f66","uses":["downhill"],"name":"Tossa","ref":null,"description":null,"difficulty":"easy","convention":"europe","status":"operating","oneway":true,"lit":null,"gladed":null,"patrolled":null,"grooming":null,"color":"hsl(208, 100%, 33%)","colorName":"blue","skiAreas":[{"properties":{"activities":["downhill"],"generated":false,"id":"5ecb06388006e4740e7ce8234e26d036ce85edb7","location":null,"name":"Pal-Arinsal","runConvention":"europe","sources":[{"type":"openstreetmap","id":"relation/4638280"},{"type":"skimap.org","id":1807}],"status":"operating","type":"skiArea","websites":["http://www.vallnord.com/"],"statistics":{"runs":{"byActivity":{"downhill":{"byDifficulty":{"easy":{"count":29,"lengthInKm":20.858363377830223,"minElevation":1558.2487431681502,"maxElevation":2491.0273591680307,"combinedElevationChange":3693.1728125839886},"novice":{"count":9,"lengthInKm":3.172775951105538,"maxElevation":2256.4535199999787,"combinedElevationChange":479.4833746895015,"minElevation":1789.827260979216},"advanced":{"count":3,"lengthInKm":2.5787306934661585,"minElevation":1937.2300800002456,"maxElevation":2534.5657064320576,"combinedElevationChange":807.8002905404903},"intermediate":{"count":21,"lengthInKm":12.346787808472106,"minElevation":1844.9715935855613,"maxElevation":2489.9201663711965,"combinedElevationChange":3641.880392795686},"other":{"count":2,"lengthInKm":0.10704381182876538,"minElevation":2094.49559558079,"maxElevation":2237.4957588416046,"combinedElevationChange":11.424043260803046}}}},"minElevation":1558.2487431681502,"maxElevation":2534.5657064320576},"lifts":{"byType":{"gondola":{"count":2,"lengthInKm":3.176295731309711,"minElevation":1237.565454921608,"maxElevation":1919.344744844795,"combinedElevationChange":1107.8933287838854},"chair_lift":{"count":12,"lengthInKm":11.964826900293591,"minElevation":1553.825056428767,"maxElevation":2486.6322313520764,"combinedElevationChange":3173.663310246392},"drag_lift":{"count":6,"lengthInKm":3.2439118652796735,"minElevation":1893.2452799999487,"maxElevation":2339.2381706368255,"combinedElevationChange":773.0829379614327},"cable_car":{"count":1,"lengthInKm":2.3879046138398796,"minElevation":2066.005541440008,"maxElevation":2492.951279404874,"combinedElevationChange":426.9457379648661},"platter":{"count":1,"lengthInKm":0.39896484807186156,"minElevation":2450.0787449600393,"maxElevation":2534.5657064320576,"combinedElevationChange":84.48696147201827},"magic_carpet":{"count":9,"lengthInKm":0.70647313191135,"minElevation":1893.7999852414912,"maxElevation":2077.4390097648143,"combinedElevationChange":66.60550960032651}},"minElevation":1237.565454921608,"maxElevation":2534.5657064320576},"maxElevation":2534.5657064320576,"minElevation":1558.2487431681502}},"type":"Feature","geometry":{"coordinates":[1.4533222792924878,42.545759697593475],"type":"Point"}}],"elevationProfile":{"heights":[2342.46515999997,2341.948153140945,2340.009428375665,2338.001586085189,2336.100310054926,2330.0445886166535,2325.404341417399,2321.5992973566013,2317.8745664727026,2315.3164423103945,2313.4611546438996,2312.2052882807416,2309.9712243767976,2307.0560713900104,2305.091925612843,2302.0337003819354,2298.1689165686967,2295.2663407096666,2293.6826917554677,2292.3398542791797,2293.7054417797713,2295.0475867679997],"resolution":25},"sources":[{"type":"openstreetmap","id":"way/152826456"}],"location":null,"websites":[]},"geometry":{"type":"LineString","coordinates":[[1.4562259999999998,42.5266013,2342.46515999997],[1.4557556999999997,42.5269812,2339.360540793585],[1.4552607999999996,42.527339900000015,2333.1074515069363],[1.4550685999999995,42.528340600000014,2315.1881795263416],[1.4547831,42.52947560000001,2304.5759409855327],[1.4546871000000001,42.529977,2296.403530767959],[1.4546948999999996,42.530212200000015,2294.472159999941],[1.4546181,42.530674499999996,2292.695852975991],[1.4543309999999998,42.5308657,2295.0475867679997]]}}
,
{"type":"Feature","properties":{"type":"run","id":"01792d2e9bc2327f3f474ea9668eaecb48c62b68","uses":["downhill"],"name":"Transversal","ref":null,"description":null,"difficulty":"novice","convention":"europe","status":"operating","oneway":true,"lit":null,"gladed":null,"patrolled":null,"grooming":null,"color":"hsl(125, 100%, 33%)","colorName":"green","skiAreas":[{"properties":{"activities":["downhill"],"generated":false,"id":"5ecb06388006e4740e7ce8234e26d036ce85edb7","location":null,"name":"Pal-Arinsal","runConvention":"europe","sources":[{"type":"openstreetmap","id":"relation/4638280"},{"type":"skimap.org","id":1807}],"status":"operating","type":"skiArea","websites":["http://www.vallnord.com/"],"statistics":{"runs":{"byActivity":{"downhill":{"byDifficulty":{"easy":{"count":29,"lengthInKm":20.858363377830223,"minElevation":1558.2487431681502,"maxElevation":2491.0273591680307,"combinedElevationChange":3693.1728125839886},"novice":{"count":9,"lengthInKm":3.172775951105538,"maxElevation":2256.4535199999787,"combinedElevationChange":479.4833746895015,"minElevation":1789.827260979216},"advanced":{"count":3,"lengthInKm":2.5787306934661585,"minElevation":1937.2300800002456,"maxElevation":2534.5657064320576,"combinedElevationChange":807.8002905404903},"intermediate":{"count":21,"lengthInKm":12.346787808472106,"minElevation":1844.9715935855613,"maxElevation":2489.9201663711965,"combinedElevationChange":3641.880392795686},"other":{"count":2,"lengthInKm":0.10704381182876538,"minElevation":2094.49559558079,"maxElevation":2237.4957588416046,"combinedElevationChange":11.424043260803046}}}},"minElevation":1558.2487431681502,"maxElevation":2534.5657064320576},"lifts":{"byType":{"gondola":{"count":2,"lengthInKm":3.176295731309711,"minElevation":1237.565454921608,"maxElevation":1919.344744844795,"combinedElevationChange":1107.8933287838854},"chair_lift":{"count":12,"lengthInKm":11.964826900293591,"minElevation":1553.825056428767,"maxElevation":2486.6322313520764,"combinedElevationChange":3173.663310246392},"drag_lift":{"count":6,"lengthInKm":3.2439118652796735,"minElevation":1893.2452799999487,"maxElevation":2339.2381706368255,"combinedElevationChange":773.0829379614327},"cable_car":{"count":1,"lengthInKm":2.3879046138398796,"minElevation":2066.005541440008,"maxElevation":2492.951279404874,"combinedElevationChange":426.9457379648661},"platter":{"count":1,"lengthInKm":0.39896484807186156,"minElevation":2450.0787449600393,"maxElevation":2534.5657064320576,"combinedElevationChange":84.48696147201827},"magic_carpet":{"count":9,"lengthInKm":0.70647313191135,"minElevation":1893.7999852414912,"maxElevation":2077.4390097648143,"combinedElevationChange":66.60550960032651}},"minElevation":1237.565454921608,"maxElevation":2534.5657064320576},"maxElevation":2534.5657064320576,"minElevation":1558.2487431681502}},"type":"Feature","geometry":{"coordinates":[1.4533222792924878,42.545759697593475],"type":"Point"}}],"elevationProfile":{"heights":[1922.8409882176024,1923.0650977898626,1924.3175496267074,1926.3081176659587,1922.007607313443,1915.615321730307,1912.1077214757488,1909.4970028409498,1904.9871415595915,1899.5681271073124,1894.922421492048,1888.6011061476927,1880.2894833902744,1875.8988776108629,1872.6779190449242,1867.110812775736,1864.6508863715708,1866.4345362610366,1865.1518891522455,1863.588409543282,1864.2771109973683,1861.6408000672682,1856.8696672474512,1851.767268068168,1849.1354707771643,1846.5102923758825,1845.357548222556,1844.6674542676149,1845.4949150298812,1844.1391183371109,1834.1727828059577,1833.630606195738,1830.099245004099,1826.098066949751,1824.032394693002,1822.5557771364172,1822.1715621963756,1820.5693877363997,1819.0831966658493,1816.6271037778106,1812.8173207524856,1808.5942947499598,1803.024792481716,1798.3997140102654,1796.2037302845845,1793.8411242290067,1791.4769936693635,1789.827260979216],"resolution":25},"sources":[{"type":"openstreetmap","id":"way/152826457"}],"location":null,"websites":[]},"geometry":{"type":"LineString","coordinates":[[1.4888665999999995,42.5348422,1922.8409882176024],[1.488545,42.5349364,1923.4547750400125],[1.4882864,42.5350856,1924.1584932863361],[1.4874777,42.53517690000002,1916.003959999476],[1.4865212999999993,42.53533830000003,1904.2921599994097],[1.4857340999999993,42.53545250000001,1890.573632079756],[1.4848238999999996,42.53556730000001,1873.3247561710662],[1.4845454,42.53558010000001,1868.989846441458],[1.4841678,42.5355975,1864.4987760799474],[1.4835774,42.53553100000001,1865.4861846717329],[1.482987,42.535428300000014,1864.4429840156122],[1.4824211999999994,42.5354827,1858.4020256382134],[1.4820931,42.53554910000001,1852.4513286445456],[1.4814616999999992,42.53563370000001,1846.60495999975],[1.4809918999999996,42.5356631,1844.9715935855613],[1.4805925,42.5356881,1845.6162045599062],[1.480084,42.5357667,1840.9569211517496],[1.480002,42.53583310000001,1835.0464158076275],[1.480043,42.5358996,1831.7283818239741],[1.4803055,42.53591770000001,1833.4243737676238],[1.4810435,42.53603250000001,1824.856364399761],[1.4818881,42.5361897,1821.7482149855366],[1.4825031999999998,42.536370900000016,1817.9296799995689],[1.4830361999999995,42.5365824,1811.059138124779],[1.4834215999999993,42.5368483,1801.770599999871],[1.4837905999999994,42.5371866,1795.550687116856],[1.4842088,42.5376579,1789.827260979216]]}}
,
{"type":"Feature","properties":{"type":"run","id":"7fa05c96c37c32d602cf80761ecced6f11d96618","uses":["downhill"],"name":null,"ref":null,"description":null,"difficulty":"intermediate","convention":"europe","status":"operating","oneway":true,"lit":null,"gladed":null,"patrolled":null,"grooming":null,"color":"hsl(359, 94%, 53%)","colorName":"red","skiAreas":[{"properties":{"activities":["downhill"],"generated":false,"id":"5ecb06388006e4740e7ce8234e26d036ce85edb7","location":null,"name":"Pal-Arinsal","runConvention":"europe","sources":[{"type":"openstreetmap","id":"relation/4638280"},{"type":"skimap.org","id":1807}],"status":"operating","type":"skiArea","websites":["http://www.vallnord.com/"],"statistics":{"runs":{"byActivity":{"downhill":{"byDifficulty":{"easy":{"count":29,"lengthInKm":20.858363377830223,"minElevation":1558.2487431681502,"maxElevation":2491.0273591680307,"combinedElevationChange":3693.1728125839886},"novice":{"count":9,"lengthInKm":3.172775951105538,"maxElevation":2256.4535199999787,"combinedElevationChange":479.4833746895015,"minElevation":1789.827260979216},"advanced":{"count":3,"lengthInKm":2.5787306934661585,"minElevation":1937.2300800002456,"maxElevation":2534.5657064320576,"combinedElevationChange":807.8002905404903},"intermediate":{"count":21,"lengthInKm":12.346787808472106,"minElevation":1844.9715935855613,"maxElevation":2489.9201663711965,"combinedElevationChange":3641.880392795686},"other":{"count":2,"lengthInKm":0.10704381182876538,"minElevation":2094.49559558079,"maxElevation":2237.4957588416046,"combinedElevationChange":11.424043260803046}}}},"minElevation":1558.2487431681502,"maxElevation":2534.5657064320576},"lifts":{"byType":{"gondola":{"count":2,"lengthInKm":3.176295731309711,"minElevation":1237.565454921608,"maxElevation":1919.344744844795,"combinedElevationChange":1107.8933287838854},"chair_lift":{"count":12,"lengthInKm":11.964826900293591,"minElevation":1553.825056428767,"maxElevation":2486.6322313520764,"combinedElevationChange":3173.663310246392},"drag_lift":{"count":6,"lengthInKm":3.2439118652796735,"minElevation":1893.2452799999487,"maxElevation":2339.2381706368255,"combinedElevationChange":773.0829379614327},"cable_car":{"count":1,"lengthInKm":2.3879046138398796,"minElevation":2066.005541440008,"maxElevation":2492.951279404874,"combinedElevationChange":426.9457379648661},"platter":{"count":1,"lengthInKm":0.39896484807186156,"minElevation":2450.0787449600393,"maxElevation":2534.5657064320576,"combinedElevationChange":84.48696147201827},"magic_carpet":{"count":9,"lengthInKm":0.70647313191135,"minElevation":1893.7999852414912,"maxElevation":2077.4390097648143,"combinedElevationChange":66.60550960032651}},"minElevation":1237.565454921608,"maxElevation":2534.5657064320576},"maxElevation":2534.5657064320576,"minElevation":1558.2487431681502}},"type":"Feature","geometry":{"coordinates":[1.4533222792924878,42.545759697593475],"type":"Point"}}],"elevationProfile":{"heights":[2255.7055654655956,2250.945078809951,2243.666634589039,2234.9844366278603,2226.8192012369263,2217.1512461837115,2205.999136768262,2194.0137828867087,2182.5609904621747,2172.668524892703,2164.5540933485686,2163.7655892289135],"resolution":25},"sources":[{"type":"openstreetmap","id":"way/152826458"}],"location":null,"websites":[]},"geometry":{"type":"LineString","coordinates":[[1.4527891999999998,42.5388236,2255.7055654655956],[1.4529982999999993,42.5394868,2234.767218355243],[1.4531606999999993,42.5399994,2213.646582396832],[1.4532650999999996,42.540486499999986,null],[1.4534505999999998,42.541041899999996,2163.7655892289135]]}}
,
{"type":"Feature","properties":{"type":"run","id":"bd00ebc93b1d085c981598c49854ffd6d4d46417","uses":["downhill"],"name":null,"ref":null,"description":null,"difficulty":"novice","convention":"europe","status":"operating","oneway":true,"lit":null,"gladed":null,"patrolled":null,"grooming":null,"color":"hsl(125, 100%, 33%)","colorName":"green","skiAreas":[{"properties":{"activities":["downhill"],"generated":false,"id":"5ecb06388006e4740e7ce8234e26d036ce85edb7","location":null,"name":"Pal-Arinsal","runConvention":"europe","sources":[{"type":"openstreetmap","id":"relation/4638280"},{"type":"skimap.org","id":1807}],"status":"operating","type":"skiArea","websites":["http://www.vallnord.com/"],"statistics":{"runs":{"byActivity":{"downhill":{"byDifficulty":{"easy":{"count":29,"lengthInKm":20.858363377830223,"minElevation":1558.2487431681502,"maxElevation":2491.0273591680307,"combinedElevationChange":3693.1728125839886},"novice":{"count":9,"lengthInKm":3.172775951105538,"maxElevation":2256.4535199999787,"combinedElevationChange":479.4833746895015,"minElevation":1789.827260979216},"advanced":{"count":3,"lengthInKm":2.5787306934661585,"minElevation":1937.2300800002456,"maxElevation":2534.5657064320576,"combinedElevationChange":807.8002905404903},"intermediate":{"count":21,"lengthInKm":12.346787808472106,"minElevation":1844.9715935855613,"maxElevation":2489.9201663711965,"combinedElevationChange":3641.880392795686},"other":{"count":2,"lengthInKm":0.10704381182876538,"minElevation":2094.49559558079,"maxElevation":2237.4957588416046,"combinedElevationChange":11.424043260803046}}}},"minElevation":1558.2487431681502,"maxElevation":2534.5657064320576},"lifts":{"byType":{"gondola":{"count":2,"lengthInKm":3.176295731309711,"minElevation":1237.565454921608,"maxElevation":1919.344744844795,"combinedElevationChange":1107.8933287838854},"chair_lift":{"count":12,"lengthInKm":11.964826900293591,"minElevation":1553.825056428767,"maxElevation":2486.6322313520764,"combinedElevationChange":3173.663310246392},"drag_lift":{"count":6,"lengthInKm":3.2439118652796735,"minElevation":1893.2452799999487,"maxElevation":2339.2381706368255,"combinedElevationChange":773.0829379614327},"cable_car":{"count":1,"lengthInKm":2.3879046138398796,"minElevation":2066.005541440008,"maxElevation":2492.951279404874,"combinedElevationChange":426.9457379648661},"platter":{"count":1,"lengthInKm":0.39896484807186156,"minElevation":2450.0787449600393,"maxElevation":2534.5657064320576,"combinedElevationChange":84.48696147201827},"magic_carpet":{"count":9,"lengthInKm":0.70647313191135,"minElevation":1893.7999852414912,"maxElevation":2077.4390097648143,"combinedElevationChange":66.60550960032651}},"minElevation":1237.565454921608,"maxElevation":2534.5657064320576},"maxElevation":2534.5657064320576,"minElevation":1558.2487431681502}},"type":"Feature","geometry":{"coordinates":[1.4533222792924878,42.545759697593475],"type":"Point"}}],"elevationProfile":{"heights":[1923.3188799999966,1921.9856617032794,1918.56744726576,1912.6422694793014,1908.046392004123,1906.5827921100615,1906.3829563755414,1906.660159999974],"resolution":25},"sources":[{"type":"openstreetmap","id":"way/152826460"}],"location":null,"websites":[]},"geometry":{"type":"LineString","coordinates":[[1.4896987999999995,42.5349054,1923.3188799999966],[1.4899050999999996,42.535165700000015,1920.8937199999207],[1.4902767,42.53540320000001,1912.847496204684],[1.4905435,42.5355844,1907.6190266880344],[1.4908109,42.5356606,1906.487360000001],[1.4909735,42.5356842,1906.1475200000204],[1.491218,42.5356486,1906.660159999974]]}}
,
{"type":"Feature","properties":{"type":"run","id":"0bfa895a7229ee335144f7eae1df6859a5625226","uses":["downhill"],"name":"Bony","ref":null,"description":null,"difficulty":"intermediate","convention":"europe","status":"operating","oneway":true,"lit":null,"gladed":null,"patrolled":null,"grooming":"classic","color":"hsl(359, 94%, 53%)","colorName":"red","skiAreas":[{"properties":{"activities":["downhill"],"generated":false,"id":"5ecb06388006e4740e7ce8234e26d036ce85edb7","location":null,"name":"Pal-Arinsal","runConvention":"europe","sources":[{"type":"openstreetmap","id":"relation/4638280"},{"type":"skimap.org","id":1807}],"status":"operating","type":"skiArea","websites":["http://www.vallnord.com/"],"statistics":{"runs":{"byActivity":{"downhill":{"byDifficulty":{"easy":{"count":29,"lengthInKm":20.858363377830223,"minElevation":1558.2487431681502,"maxElevation":2491.0273591680307,"combinedElevationChange":3693.1728125839886},"novice":{"count":9,"lengthInKm":3.172775951105538,"maxElevation":2256.4535199999787,"combinedElevationChange":479.4833746895015,"minElevation":1789.827260979216},"advanced":{"count":3,"lengthInKm":2.5787306934661585,"minElevation":1937.2300800002456,"maxElevation":2534.5657064320576,"combinedElevationChange":807.8002905404903},"intermediate":{"count":21,"lengthInKm":12.346787808472106,"minElevation":1844.9715935855613,"maxElevation":2489.9201663711965,"combinedElevationChange":3641.880392795686},"other":{"count":2,"lengthInKm":0.10704381182876538,"minElevation":2094.49559558079,"maxElevation":2237.4957588416046,"combinedElevationChange":11.424043260803046}}}},"minElevation":1558.2487431681502,"maxElevation":2534.5657064320576},"lifts":{"byType":{"gondola":{"count":2,"lengthInKm":3.176295731309711,"minElevation":1237.565454921608,"maxElevation":1919.344744844795,"combinedElevationChange":1107.8933287838854},"chair_lift":{"count":12,"lengthInKm":11.964826900293591,"minElevation":1553.825056428767,"maxElevation":2486.6322313520764,"combinedElevationChange":3173.663310246392},"drag_lift":{"count":6,"lengthInKm":3.2439118652796735,"minElevation":1893.2452799999487,"maxElevation":2339.2381706368255,"combinedElevationChange":773.0829379614327},"cable_car":{"count":1,"lengthInKm":2.3879046138398796,"minElevation":2066.005541440008,"maxElevation":2492.951279404874,"combinedElevationChange":426.9457379648661},"platter":{"count":1,"lengthInKm":0.39896484807186156,"minElevation":2450.0787449600393,"maxElevation":2534.5657064320576,"combinedElevationChange":84.48696147201827},"magic_carpet":{"count":9,"lengthInKm":0.70647313191135,"minElevation":1893.7999852414912,"maxElevation":2077.4390097648143,"combinedElevationChange":66.60550960032651}},"minElevation":1237.565454921608,"maxElevation":2534.5657064320576},"maxElevation":2534.5657064320576,"minElevation":1558.2487431681502}},"type":"Feature","geometry":{"coordinates":[1.4533222792924878,42.545759697593475],"type":"Point"}}],"elevationProfile":{"heights":[2083.7814528381177,2081.0942742384946,2081.4341643696443,2078.0239377238954,2066.933620961311,2055.6262619131303,2048.7640205068647,2042.9756278323862,2038.217633532673,2032.2049718752812,2027.7428099301023,2027.672782150902,2022.90009226789,2016.8914375516163,2011.541845543893,2007.3913475266957,2004.8773352139972,1996.4383996533784,1982.2254743882431,1972.2219922514557,1966.3384131072291],"resolution":25},"sources":[{"type":"openstreetmap","id":"way/269224749"}],"location":null,"websites":[]},"geometry":{"type":"LineString","coordinates":[[1.4630784,42.57211310000002,2083.7814528381177],[1.4638698999999993,42.5719609,2080.836470353592],[1.4646576,42.57206890000001,2053.020296076705],[1.4656353999999996,42.572104900000014,2035.4192957918547],[1.4664557,42.57211290000003,2026.749382846068],[1.4674449999999997,42.572109900000015,2009.3360967198323],[1.4680929,42.572162200000015,2001.9168383615092],[1.4686278,42.57219780000001,1977.6892777661892],[1.469124199999999,42.5722648,1966.3384131072291]]}}
,
{"type":"Feature","properties":{"type":"run","id":"d2e42d8b91a4504c34414b9fbf16353cac1cf8dd","uses":["downhill"],"name":null,"ref":null,"description":null,"difficulty":"easy","convention":"europe","status":"operating","oneway":true,"lit":null,"gladed":null,"patrolled":null,"grooming":"classic","color":"hsl(208, 100%, 33%)","colorName":"blue","skiAreas":[{"properties":{"activities":["downhill"],"generated":false,"id":"5ecb06388006e4740e7ce8234e26d036ce85edb7","location":null,"name":"Pal-Arinsal","runConvention":"europe","sources":[{"type":"openstreetmap","id":"relation/4638280"},{"type":"skimap.org","id":1807}],"status":"operating","type":"skiArea","websites":["http://www.vallnord.com/"],"statistics":{"runs":{"byActivity":{"downhill":{"byDifficulty":{"easy":{"count":29,"lengthInKm":20.858363377830223,"minElevation":1558.2487431681502,"maxElevation":2491.0273591680307,"combinedElevationChange":3693.1728125839886},"novice":{"count":9,"lengthInKm":3.172775951105538,"maxElevation":2256.4535199999787,"combinedElevationChange":479.4833746895015,"minElevation":1789.827260979216},"advanced":{"count":3,"lengthInKm":2.5787306934661585,"minElevation":1937.2300800002456,"maxElevation":2534.5657064320576,"combinedElevationChange":807.8002905404903},"intermediate":{"count":21,"lengthInKm":12.346787808472106,"minElevation":1844.9715935855613,"maxElevation":2489.9201663711965,"combinedElevationChange":3641.880392795686},"other":{"count":2,"lengthInKm":0.10704381182876538,"minElevation":2094.49559558079,"maxElevation":2237.4957588416046,"combinedElevationChange":11.424043260803046}}}},"minElevation":1558.2487431681502,"maxElevation":2534.5657064320576},"lifts":{"byType":{"gondola":{"count":2,"lengthInKm":3.176295731309711,"minElevation":1237.565454921608,"maxElevation":1919.344744844795,"combinedElevationChange":1107.8933287838854},"chair_lift":{"count":12,"lengthInKm":11.964826900293591,"minElevation":1553.825056428767,"maxElevation":2486.6322313520764,"combinedElevationChange":3173.663310246392},"drag_lift":{"count":6,"lengthInKm":3.2439118652796735,"minElevation":1893.2452799999487,"maxElevation":2339.2381706368255,"combinedElevationChange":773.0829379614327},"cable_car":{"count":1,"lengthInKm":2.3879046138398796,"minElevation":2066.005541440008,"maxElevation":2492.951279404874,"combinedElevationChange":426.9457379648661},"platter":{"count":1,"lengthInKm":0.39896484807186156,"minElevation":2450.0787449600393,"maxElevation":2534.5657064320576,"combinedElevationChange":84.48696147201827},"magic_carpet":{"count":9,"lengthInKm":0.70647313191135,"minElevation":1893.7999852414912,"maxElevation":2077.4390097648143,"combinedElevationChange":66.60550960032651}},"minElevation":1237.565454921608,"maxElevation":2534.5657064320576},"maxElevation":2534.5657064320576,"minElevation":1558.2487431681502}},"type":"Feature","geometry":{"coordinates":[1.4533222792924878,42.545759697593475],"type":"Point"}}],"elevationProfile":{"heights":[2346.7490318398604,2335.2283264381995,2321.669817457904,2311.261834683064,2305.679539611676,2303.320718969362,2303.3145600000016],"resolution":25},"sources":[{"type":"openstreetmap","id":"way/269224750"}],"location":null,"websites":[]},"geometry":{"type":"LineString","coordinates":[[1.4506217999999993,42.570781,2346.7490318398604],[1.4510333999999996,42.5706087,2328.0194400000696],[1.4512234999999996,42.5704407,2315.637910039967],[1.4513375999999998,42.5702286,2307.636031334405],[1.4513451999999998,42.569858300000014,2303.3145600000016]]}}
,
{"type":"Feature","properties":{"type":"run","id":"cdec2e98ae4b015dcad527a7cf9a1f6841a47448","uses":["downhill"],"name":null,"ref":null,"description":null,"difficulty":"novice","convention":"europe","status":"operating","oneway":true,"lit":null,"gladed":null,"patrolled":null,"grooming":"mogul","color":"hsl(125, 100%, 33%)","colorName":"green","skiAreas":[{"properties":{"activities":["downhill"],"generated":false,"id":"5ecb06388006e4740e7ce8234e26d036ce85edb7","location":null,"name":"Pal-Arinsal","runConvention":"europe","sources":[{"type":"openstreetmap","id":"relation/4638280"},{"type":"skimap.org","id":1807}],"status":"operating","type":"skiArea","websites":["http://www.vallnord.com/"],"statistics":{"runs":{"byActivity":{"downhill":{"byDifficulty":{"easy":{"count":29,"lengthInKm":20.858363377830223,"minElevation":1558.2487431681502,"maxElevation":2491.0273591680307,"combinedElevationChange":3693.1728125839886},"novice":{"count":9,"lengthInKm":3.172775951105538,"maxElevation":2256.4535199999787,"combinedElevationChange":479.4833746895015,"minElevation":1789.827260979216},"advanced":{"count":3,"lengthInKm":2.5787306934661585,"minElevation":1937.2300800002456,"maxElevation":2534.5657064320576,"combinedElevationChange":807.8002905404903},"intermediate":{"count":21,"lengthInKm":12.346787808472106,"minElevation":1844.9715935855613,"maxElevation":2489.9201663711965,"combinedElevationChange":3641.880392795686},"other":{"count":2,"lengthInKm":0.10704381182876538,"minElevation":2094.49559558079,"maxElevation":2237.4957588416046,"combinedElevationChange":11.424043260803046}}}},"minElevation":1558.2487431681502,"maxElevation":2534.5657064320576},"lifts":{"byType":{"gondola":{"count":2,"lengthInKm":3.176295731309711,"minElevation":1237.565454921608,"maxElevation":1919.344744844795,"combinedElevationChange":1107.8933287838854},"chair_lift":{"count":12,"lengthInKm":11.964826900293591,"minElevation":1553.825056428767,"maxElevation":2486.6322313520764,"combinedElevationChange":3173.663310246392},"drag_lift":{"count":6,"lengthInKm":3.2439118652796735,"minElevation":1893.2452799999487,"maxElevation":2339.2381706368255,"combinedElevationChange":773.0829379614327},"cable_car":{"count":1,"lengthInKm":2.3879046138398796,"minElevation":2066.005541440008,"maxElevation":2492.951279404874,"combinedElevationChange":426.9457379648661},"platter":{"count":1,"lengthInKm":0.39896484807186156,"minElevation":2450.0787449600393,"maxElevation":2534.5657064320576,"combinedElevationChange":84.48696147201827},"magic_carpet":{"count":9,"lengthInKm":0.70647313191135,"minElevation":1893.7999852414912,"maxElevation":2077.4390097648143,"combinedElevationChange":66.60550960032651}},"minElevation":1237.565454921608,"maxElevation":2534.5657064320576},"maxElevation":2534.5657064320576,"minElevation":1558.2487431681502}},"type":"Feature","geometry":{"coordinates":[1.4533222792924878,42.545759697593475],"type":"Point"}}],"elevationProfile":{"heights":[2256.4535199999787,2251.4808091563427,2248.086809812961,2247.06541677558,2243.9944178710593,2241.05894496807,2238.741963784628,2236.4869720984234,2235.015889587342,2232.7525571078318,2228.9733253872773,2224.8232786303297,2219.086380402754,2210.7536354957188,2203.601914927809,2196.613568951764,2191.257818843221,2185.5924434596054,2185.4815999999328],"resolution":25},"sources":[{"type":"openstreetmap","id":"way/269224751"}],"location":null,"websites":[]},"geometry":{"type":"LineString","coordinates":[[1.4543488,42.5678118,2256.4535199999787],[1.4549781,42.567824,2247.8906010240407],[1.4559830999999996,42.5678961,2240.3992811872286],[1.456635,42.56806810000001,2235.6438682398593],[1.4572215999999993,42.56813210000003,2230.972931762652],[1.4576561999999995,42.568216100000015,2224.6775138685257],[1.4579658999999996,42.56841220000002,2215.845159999544],[1.4583624,42.56867620000001,2202.6818399998115],[1.4589105,42.56918250000001,2185.4815999999328]]}}
,
{"type":"Feature","properties":{"type":"run","id":"0219f74d958a861951660de8fac7864ad7a8374b","uses":["downhill"],"name":"Cami del Mig","ref":null,"description":null,"difficulty":"easy","convention":"europe","status":"operating","oneway":true,"lit":null,"gladed":null,"patrolled":null,"grooming":"classic","color":"hsl(208, 100%, 33%)","colorName":"blue","skiAreas":[{"properties":{"activities":["downhill"],"generated":false,"id":"5ecb06388006e4740e7ce8234e26d036ce85edb7","location":null,"name":"Pal-Arinsal","runConvention":"europe","sources":[{"type":"openstreetmap","id":"relation/4638280"},{"type":"skimap.org","id":1807}],"status":"operating","type":"skiArea","websites":["http://www.vallnord.com/"],"statistics":{"runs":{"byActivity":{"downhill":{"byDifficulty":{"easy":{"count":29,"lengthInKm":20.858363377830223,"minElevation":1558.2487431681502,"maxElevation":2491.0273591680307,"combinedElevationChange":3693.1728125839886},"novice":{"count":9,"lengthInKm":3.172775951105538,"maxElevation":2256.4535199999787,"combinedElevationChange":479.4833746895015,"minElevation":1789.827260979216},"advanced":{"count":3,"lengthInKm":2.5787306934661585,"minElevation":1937.2300800002456,"maxElevation":2534.5657064320576,"combinedElevationChange":807.8002905404903},"intermediate":{"count":21,"lengthInKm":12.346787808472106,"minElevation":1844.9715935855613,"maxElevation":2489.9201663711965,"combinedElevationChange":3641.880392795686},"other":{"count":2,"lengthInKm":0.10704381182876538,"minElevation":2094.49559558079,"maxElevation":2237.4957588416046,"combinedElevationChange":11.424043260803046}}}},"minElevation":1558.2487431681502,"maxElevation":2534.5657064320576},"lifts":{"byType":{"gondola":{"count":2,"lengthInKm":3.176295731309711,"minElevation":1237.565454921608,"maxElevation":1919.344744844795,"combinedElevationChange":1107.8933287838854},"chair_lift":{"count":12,"lengthInKm":11.964826900293591,"minElevation":1553.825056428767,"maxElevation":2486.6322313520764,"combinedElevationChange":3173.663310246392},"drag_lift":{"count":6,"lengthInKm":3.2439118652796735,"minElevation":1893.2452799999487,"maxElevation":2339.2381706368255,"combinedElevationChange":773.0829379614327},"cable_car":{"count":1,"lengthInKm":2.3879046138398796,"minElevation":2066.005541440008,"maxElevation":2492.951279404874,"combinedElevationChange":426.9457379648661},"platter":{"count":1,"lengthInKm":0.39896484807186156,"minElevation":2450.0787449600393,"maxElevation":2534.5657064320576,"combinedElevationChange":84.48696147201827},"magic_carpet":{"count":9,"lengthInKm":0.70647313191135,"minElevation":1893.7999852414912,"maxElevation":2077.4390097648143,"combinedElevationChange":66.60550960032651}},"minElevation":1237.565454921608,"maxElevation":2534.5657064320576},"maxElevation":2534.5657064320576,"minElevation":1558.2487431681502}},"type":"Feature","geometry":{"coordinates":[1.4533222792924878,42.545759697593475],"type":"Point"}}],"elevationProfile":{"heights":[2291.520275704042,2288.985981297041,2288.115701153455,2288.3054220533772,2289.5338680100394,2289.460699900187,2289.771068328718,2285.5403297272233,2282.555340796456,2281.2202932777454,2280.185210235791,2277.747498079159,2275.2396878203404,2272.6049210522697,2267.7835158193766,2262.769870368785,2259.2980389681256,2254.36600088284,2250.575191258062,2248.91797308316,2246.388688835554,2243.634641741012,2242.3019686281996,2239.1992435446073,2239.0111030684366],"resolution":25},"sources":[{"type":"openstreetmap","id":"way/269525357"}],"location":null,"websites":[]},"geometry":{"type":"LineString","coordinates":[[1.4539805,42.53202190000001,2291.520275704042],[1.4544902999999996,42.5315567,2288.3500556111435],[1.4550003999999996,42.53126399999999,2289.346567424075],[1.4558049999999996,42.530708900000015,2281.806108079871],[1.4564609,42.53020330000001,2276.586547428743],[1.4570360999999996,42.5298804,2268.5647075776665],[1.4576558,42.52952720000001,2257.1645599999156],[1.4580665999999998,42.52930520000002,2250.2903308925456],[1.4585390999999996,42.52907560000001,2246.522479999877],[1.4593890999999997,42.52877210000002,2239.0111030684366]]}}
,
{"type":"Feature","properties":{"type":"run","id":"ecad0ee45d56a8d9fe8b78287c8934d8da061a3f","uses":["downhill"],"name":null,"ref":null,"description":null,"difficulty":"intermediate","convention":"europe","status":"operating","oneway":true,"lit":null,"gladed":null,"patrolled":null,"grooming":"classic","color":"hsl(359, 94%, 53%)","colorName":"red","skiAreas":[{"properties":{"activities":["downhill"],"generated":false,"id":"5ecb06388006e4740e7ce8234e26d036ce85edb7","location":null,"name":"Pal-Arinsal","runConvention":"europe","sources":[{"type":"openstreetmap","id":"relation/4638280"},{"type":"skimap.org","id":1807}],"status":"operating","type":"skiArea","websites":["http://www.vallnord.com/"],"statistics":{"runs":{"byActivity":{"downhill":{"byDifficulty":{"easy":{"count":29,"lengthInKm":20.858363377830223,"minElevation":1558.2487431681502,"maxElevation":2491.0273591680307,"combinedElevationChange":3693.1728125839886},"novice":{"count":9,"lengthInKm":3.172775951105538,"maxElevation":2256.4535199999787,"combinedElevationChange":479.4833746895015,"minElevation":1789.827260979216},"advanced":{"count":3,"lengthInKm":2.5787306934661585,"minElevation":1937.2300800002456,"maxElevation":2534.5657064320576,"combinedElevationChange":807.8002905404903},"intermediate":{"count":21,"lengthInKm":12.346787808472106,"minElevation":1844.9715935855613,"maxElevation":2489.9201663711965,"combinedElevationChange":3641.880392795686},"other":{"count":2,"lengthInKm":0.10704381182876538,"minElevation":2094.49559558079,"maxElevation":2237.4957588416046,"combinedElevationChange":11.424043260803046}}}},"minElevation":1558.2487431681502,"maxElevation":2534.5657064320576},"lifts":{"byType":{"gondola":{"count":2,"lengthInKm":3.176295731309711,"minElevation":1237.565454921608,"maxElevation":1919.344744844795,"combinedElevationChange":1107.8933287838854},"chair_lift":{"count":12,"lengthInKm":11.964826900293591,"minElevation":1553.825056428767,"maxElevation":2486.6322313520764,"combinedElevationChange":3173.663310246392},"drag_lift":{"count":6,"lengthInKm":3.2439118652796735,"minElevation":1893.2452799999487,"maxElevation":2339.2381706368255,"combinedElevationChange":773.0829379614327},"cable_car":{"count":1,"lengthInKm":2.3879046138398796,"minElevation":2066.005541440008,"maxElevation":2492.951279404874,"combinedElevationChange":426.9457379648661},"platter":{"count":1,"lengthInKm":0.39896484807186156,"minElevation":2450.0787449600393,"maxElevation":2534.5657064320576,"combinedElevationChange":84.48696147201827},"magic_carpet":{"count":9,"lengthInKm":0.70647313191135,"minElevation":1893.7999852414912,"maxElevation":2077.4390097648143,"combinedElevationChange":66.60550960032651}},"minElevation":1237.565454921608,"maxElevation":2534.5657064320576},"maxElevation":2534.5657064320576,"minElevation":1558.2487431681502}},"type":"Feature","geometry":{"coordinates":[1.4533222792924878,42.545759697593475],"type":"Point"}}],"elevationProfile":{"heights":[2165.536191999778,2156.9168545315188,2146.2652451749273,2135.9446936944005,2124.5808964274356,2110.808705945759,2095.2512824061628,2083.044333668959,2073.365361207777,2063.914042428833,2053.6910576269192,2044.8301615127937,2039.1461950078724,2035.6549753269865,2032.7308194856687,2029.4074617406795,2023.457199873837,2016.852764558126,2012.3533507305249,2009.310338700688,2004.7277511736377,1999.2146505372668,1993.2872143143202,1986.6259987177634,1980.8822473926282,1975.154965182631,1968.895426275573,1963.9580958557067,1956.641648943921,1946.5002374568098,1931.3526378474467,1917.6057491058277,1905.956410061368,1898.815386795575,1893.147267009135,1892.6602799998666],"resolution":25},"sources":[{"type":"openstreetmap","id":"way/269525358"}],"location":null,"websites":[]},"geometry":{"type":"LineString","coordinates":[[1.462175,42.52915400000001,2165.536191999778],[1.4629359999999998,42.5294218,2138.4326862079492],[1.4638124,42.52995340000001,2088.911463180644],[1.4646549,42.53049580000001,2051.8505175837613],[1.4652139999999998,42.5307667,2037.4538764479662],[1.4656811999999995,42.5309219,2032.6477154175102],[1.4662841,42.5310735,2022.6943165920645],[1.4670102999999997,42.5313304,2010.1261191295619],[1.4678164999999996,42.5316623,1994.7097513679819],[1.4682837,42.5318424,1983.917919884983],[1.4686105999999999,42.53205120000001,1975.5422528510353],[1.4688405999999998,42.53218320000001,1969.8441179133806],[1.4690680999999997,42.532388300000015,1963.64126347819],[1.4693222999999993,42.532773700000014,1946.9368098204982],[1.4695449999999997,42.533178600000014,1918.826639999625],[1.4696636999999992,42.5334391,1904.8843259327118],[1.4698746999999992,42.53385030000001,1892.6602799998666]]}}
,
{"type":"Feature","properties":{"type":"run","id":"c604f13d8f7329499e56ffc6887439d10821b644","uses":["downhill"],"name":null,"ref":null,"description":null,"difficulty":"intermediate","convention":"europe","status":"operating","oneway":true,"lit":null,"gladed":null,"patrolled":null,"grooming":"classic","color":"hsl(359, 94%, 53%)","colorName":"red","skiAreas":[{"properties":{"activities":["downhill"],"generated":false,"id":"5ecb06388006e4740e7ce8234e26d036ce85edb7","location":null,"name":"Pal-Arinsal","runConvention":"europe","sources":[{"type":"openstreetmap","id":"relation/4638280"},{"type":"skimap.org","id":1807}],"status":"operating","type":"skiArea","websites":["http://www.vallnord.com/"],"statistics":{"runs":{"byActivity":{"downhill":{"byDifficulty":{"easy":{"count":29,"lengthInKm":20.858363377830223,"minElevation":1558.2487431681502,"maxElevation":2491.0273591680307,"combinedElevationChange":3693.1728125839886},"novice":{"count":9,"lengthInKm":3.172775951105538,"maxElevation":2256.4535199999787,"combinedElevationChange":479.4833746895015,"minElevation":1789.827260979216},"advanced":{"count":3,"lengthInKm":2.5787306934661585,"minElevation":1937.2300800002456,"maxElevation":2534.5657064320576,"combinedElevationChange":807.8002905404903},"intermediate":{"count":21,"lengthInKm":12.346787808472106,"minElevation":1844.9715935855613,"maxElevation":2489.9201663711965,"combinedElevationChange":3641.880392795686},"other":{"count":2,"lengthInKm":0.10704381182876538,"minElevation":2094.49559558079,"maxElevation":2237.4957588416046,"combinedElevationChange":11.424043260803046}}}},"minElevation":1558.2487431681502,"maxElevation":2534.5657064320576},"lifts":{"byType":{"gondola":{"count":2,"lengthInKm":3.176295731309711,"minElevation":1237.565454921608,"maxElevation":1919.344744844795,"combinedElevationChange":1107.8933287838854},"chair_lift":{"count":12,"lengthInKm":11.964826900293591,"minElevation":1553.825056428767,"maxElevation":2486.6322313520764,"combinedElevationChange":3173.663310246392},"drag_lift":{"count":6,"lengthInKm":3.2439118652796735,"minElevation":1893.2452799999487,"maxElevation":2339.2381706368255,"combinedElevationChange":773.0829379614327},"cable_car":{"count":1,"lengthInKm":2.3879046138398796,"minElevation":2066.005541440008,"maxElevation":2492.951279404874,"combinedElevationChange":426.9457379648661},"platter":{"count":1,"lengthInKm":0.39896484807186156,"minElevation":2450.0787449600393,"maxElevation":2534.5657064320576,"combinedElevationChange":84.48696147201827},"magic_carpet":{"count":9,"lengthInKm":0.70647313191135,"minElevation":1893.7999852414912,"maxElevation":2077.4390097648143,"combinedElevationChange":66.60550960032651}},"minElevation":1237.565454921608,"maxElevation":2534.5657064320576},"maxElevation":2534.5657064320576,"minElevation":1558.2487431681502}},"type":"Feature","geometry":{"coordinates":[1.4533222792924878,42.545759697593475],"type":"Point"}}],"elevationProfile":{"heights":[2012.1931080894142,2011.5101845927366,2007.6925014756341,2003.3594298746136,1998.9869913409439],"resolution":25},"sources":[{"type":"openstreetmap","id":"way/269525359"}],"location":null,"websites":[]},"geometry":{"type":"LineString","coordinates":[[1.4697490999999996,42.53110820000001,2012.1931080894142],[1.4693802999999996,42.5311893,2010.5068793615546],[1.4690036999999996,42.53126,2006.0533200001396],[1.4687066999999996,42.531427799999996,1998.9869913409439]]}}
,
{"type":"Feature","properties":{"type":"run","id":"c46cafcfd8f91ef0b7ed948dbe1c447639c27ba8","uses":["downhill"],"name":null,"ref":null,"description":null,"difficulty":"intermediate","convention":"europe","status":"operating","oneway":true,"lit":null,"gladed":null,"patrolled":null,"grooming":"classic","color":"hsl(359, 94%, 53%)","colorName":"red","skiAreas":[{"properties":{"activities":["downhill"],"generated":false,"id":"5ecb06388006e4740e7ce8234e26d036ce85edb7","location":null,"name":"Pal-Arinsal","runConvention":"europe","sources":[{"type":"openstreetmap","id":"relation/4638280"},{"type":"skimap.org","id":1807}],"status":"operating","type":"skiArea","websites":["http://www.vallnord.com/"],"statistics":{"runs":{"byActivity":{"downhill":{"byDifficulty":{"easy":{"count":29,"lengthInKm":20.858363377830223,"minElevation":1558.2487431681502,"maxElevation":2491.0273591680307,"combinedElevationChange":3693.1728125839886},"novice":{"count":9,"lengthInKm":3.172775951105538,"maxElevation":2256.4535199999787,"combinedElevationChange":479.4833746895015,"minElevation":1789.827260979216},"advanced":{"count":3,"lengthInKm":2.5787306934661585,"minElevation":1937.2300800002456,"maxElevation":2534.5657064320576,"combinedElevationChange":807.8002905404903},"intermediate":{"count":21,"lengthInKm":12.346787808472106,"minElevation":1844.9715935855613,"maxElevation":2489.9201663711965,"combinedElevationChange":3641.880392795686},"other":{"count":2,"lengthInKm":0.10704381182876538,"minElevation":2094.49559558079,"maxElevation":2237.4957588416046,"combinedElevationChange":11.424043260803046}}}},"minElevation":1558.2487431681502,"maxElevation":2534.5657064320576},"lifts":{"byType":{"gondola":{"count":2,"lengthInKm":3.176295731309711,"minElevation":1237.565454921608,"maxElevation":1919.344744844795,"combinedElevationChange":1107.8933287838854},"chair_lift":{"count":12,"lengthInKm":11.964826900293591,"minElevation":1553.825056428767,"maxElevation":2486.6322313520764,"combinedElevationChange":3173.663310246392},"drag_lift":{"count":6,"lengthInKm":3.2439118652796735,"minElevation":1893.2452799999487,"maxElevation":2339.2381706368255,"combinedElevationChange":773.0829379614327},"cable_car":{"count":1,"lengthInKm":2.3879046138398796,"minElevation":2066.005541440008,"maxElevation":2492.951279404874,"combinedElevationChange":426.9457379648661},"platter":{"count":1,"lengthInKm":0.39896484807186156,"minElevation":2450.0787449600393,"maxElevation":2534.5657064320576,"combinedElevationChange":84.48696147201827},"magic_carpet":{"count":9,"lengthInKm":0.70647313191135,"minElevation":1893.7999852414912,"maxElevation":2077.4390097648143,"combinedElevationChange":66.60550960032651}},"minElevation":1237.565454921608,"maxElevation":2534.5657064320576},"maxElevation":2534.5657064320576,"minElevation":1558.2487431681502}},"type":"Feature","geometry":{"coordinates":[1.4533222792924878,42.545759697593475],"type":"Point"}}],"elevationProfile":{"heights":[2078.4327755391178,2071.5751086625423,2067.2112280333117,2062.9253622593947,2058.0378307598444,2052.0376534723987,2044.80176458405,2039.6962158917695,2037.4538764479662],"resolution":25},"sources":[{"type":"openstreetmap","id":"way/269525360"}],"location":null,"websites":[]},"geometry":{"type":"LineString","coordinates":[[1.4628198,42.5307292,2078.4327755391178],[1.4634449999999997,42.5306701,2066.9368625599304],[1.4639654999999996,42.5306166,2059.324859615933],[1.4645852,42.5306808,2046.124170086434],[1.4652139999999998,42.5307667,2037.4538764479662]]}}
,
{"type":"Feature","properties":{"type":"run","id":"10e47eabc60d7a1d2c8216146555e1193ac2f217","uses":["downhill"],"name":"La Comellada","ref":null,"description":null,"difficulty":"advanced","convention":"europe","status":"operating","oneway":true,"lit":false,"gladed":null,"patrolled":null,"grooming":null,"color":"hsl(0, 0%, 0%)","colorName":"black","skiAreas":[{"properties":{"activities":["downhill"],"generated":false,"id":"5ecb06388006e4740e7ce8234e26d036ce85edb7","location":null,"name":"Pal-Arinsal","runConvention":"europe","sources":[{"type":"openstreetmap","id":"relation/4638280"},{"type":"skimap.org","id":1807}],"status":"operating","type":"skiArea","websites":["http://www.vallnord.com/"],"statistics":{"runs":{"byActivity":{"downhill":{"byDifficulty":{"easy":{"count":29,"lengthInKm":20.858363377830223,"minElevation":1558.2487431681502,"maxElevation":2491.0273591680307,"combinedElevationChange":3693.1728125839886},"novice":{"count":9,"lengthInKm":3.172775951105538,"maxElevation":2256.4535199999787,"combinedElevationChange":479.4833746895015,"minElevation":1789.827260979216},"advanced":{"count":3,"lengthInKm":2.5787306934661585,"minElevation":1937.2300800002456,"maxElevation":2534.5657064320576,"combinedElevationChange":807.8002905404903},"intermediate":{"count":21,"lengthInKm":12.346787808472106,"minElevation":1844.9715935855613,"maxElevation":2489.9201663711965,"combinedElevationChange":3641.880392795686},"other":{"count":2,"lengthInKm":0.10704381182876538,"minElevation":2094.49559558079,"maxElevation":2237.4957588416046,"combinedElevationChange":11.424043260803046}}}},"minElevation":1558.2487431681502,"maxElevation":2534.5657064320576},"lifts":{"byType":{"gondola":{"count":2,"lengthInKm":3.176295731309711,"minElevation":1237.565454921608,"maxElevation":1919.344744844795,"combinedElevationChange":1107.8933287838854},"chair_lift":{"count":12,"lengthInKm":11.964826900293591,"minElevation":1553.825056428767,"maxElevation":2486.6322313520764,"combinedElevationChange":3173.663310246392},"drag_lift":{"count":6,"lengthInKm":3.2439118652796735,"minElevation":1893.2452799999487,"maxElevation":2339.2381706368255,"combinedElevationChange":773.0829379614327},"cable_car":{"count":1,"lengthInKm":2.3879046138398796,"minElevation":2066.005541440008,"maxElevation":2492.951279404874,"combinedElevationChange":426.9457379648661},"platter":{"count":1,"lengthInKm":0.39896484807186156,"minElevation":2450.0787449600393,"maxElevation":2534.5657064320576,"combinedElevationChange":84.48696147201827},"magic_carpet":{"count":9,"lengthInKm":0.70647313191135,"minElevation":1893.7999852414912,"maxElevation":2077.4390097648143,"combinedElevationChange":66.60550960032651}},"minElevation":1237.565454921608,"maxElevation":2534.5657064320576},"maxElevation":2534.5657064320576,"minElevation":1558.2487431681502}},"type":"Feature","geometry":{"coordinates":[1.4533222792924878,42.545759697593475],"type":"Point"}}],"elevationProfile":{"heights":[2300.5758399999395,2293.9651845410262,2282.179148069034,2266.017461623916,2250.26311488082,2237.628398118598,2223.189898518902,2210.88688705013,2199.8443233274375,2189.3262905307374,2177.885476311686,2165.454808016043,2153.247313357144,2139.492077936049,2128.2534217220646,2118.144774251177,2109.0423894569776,2100.022268528046,2092.857872929461,2085.66020456953,2072.8195552910915,2062.789731585914,2054.1388684855006,2044.2818406828324,2034.9347461698076,2025.2869701715133,2016.1865435858674,2009.6412371913648,2004.2104420710566,1999.2039915402313,1994.981734067407,1991.156155412463,1987.9432069767176,1985.110514465247,1979.8422800422397,1976.8834299257683,1976.0402872327675,1977.2980837214973,1975.3136859471697,1971.3721771858202,1964.5440162159496,1959.9705183199426,1958.729423903549,1957.7391738675196,1956.2361674564002,1956.7265392922702,1961.2954101759672,1955.6523237854758,1956.3271477829128,1951.166854130853,1945.4816035371477,1941.9771349217601,1942.691993842761,1943.1787163835377,1943.1863262884553,1940.5968378574503,1939.5898595378324,1939.3512118248075,1937.5707362103267,1937.2300800002456],"resolution":25},"sources":[{"type":"openstreetmap","id":"way/1152468770"}],"location":null,"websites":[]},"geometry":{"type":"LineString","coordinates":[[1.4535679999999995,42.532345800000016,2300.5758399999395],[1.4542260999999996,42.5326241,2274.998553691225],[1.4545823,42.5328866,2248.496742652854],[1.4549258999999997,42.53313040000001,2227.4348441854368],[1.4551421999999998,42.533346,2212.0724328959645],[1.4553585,42.5335054,2200.940861471914],[1.4555492999999993,42.5336554,2191.230701177595],[1.4559309999999994,42.5337679,2176.1315028959766],[1.4562363999999997,42.533993,2158.5508702079046],[1.4565545,42.534218,2139.258377759936],[1.4568598,42.5344336,2123.3900149248084],[1.4571905999999994,42.5346117,2111.4130467040254],[1.4576390999999993,42.5348023,2096.9785618143396],[1.4579554,42.5349249,2088.605120000001],[1.4582059,42.53510590000002,2076.063755324274],[1.4584660999999997,42.53526570000001,2063.588538299039],[1.4587984999999997,42.535388200000014,2053.1732469917442],[1.4591381999999995,42.53552130000001,2040.393288665299],[1.4593694999999995,42.5356278,2032.848908751986],[1.4597452999999996,42.535776900000016,2018.6287570651452],[1.4599773999999996,42.5358417,2012.9152105632472],[1.4602221,42.535920300000015,2007.4563475100406],[1.4605107,42.535975700000016,2002.63920345874],[1.4607868,42.536035800000015,1998.0086180220121],[1.4609105999999998,42.5360655,1996.207452256027],[1.4611147999999996,42.53612020000001,1993.5427890428864],[1.4613344999999995,42.5361886,1990.5432392638797],[1.4615012999999992,42.5362798,1988.2445318590733],[1.4615944999999992,42.53632310000001,1987.4132979357942],[1.4616672999999996,42.53635890000002,1986.5175415530737],[1.4618069999999996,42.5364141,1985.0166441438923],[1.4618940999999992,42.5364543,1983.3456751854337],[1.4620640999999996,42.536512500000015,1979.9426163995215],[1.4621714,42.53653790000001,1978.4036258748376],[1.4622827,42.53654080000001,1978.1308532861365],[1.4624911999999994,42.5365856,1974.9837145086674],[1.4626289,42.5365841,1975.755543752058],[1.4627807,42.536578100000014,1976.8122058028994],[1.4629872,42.53654080000001,1977.3419037694177],[1.4631591999999998,42.53650500000001,1976.258052479814],[1.4633131,42.53645280000001,1974.6189629182127],[1.4634506999999997,42.53639620000001,1972.4426421790627],[1.463552,42.5363216,1970.393074687993],[1.4636936999999992,42.5362395,1966.0799226080094],[1.4637786999999995,42.536176900000015,1963.1755806175847],[1.4638413999999993,42.53609630000001,1960.8805600000094],[1.4638636999999992,42.536018800000015,1959.9974800000127],[1.4638779,42.535768200000014,1958.4972400000997],[1.4638494999999996,42.53564890000001,1957.9039600000858],[1.4637867999999996,42.5354505,1957.012723936068],[1.4637401999999995,42.53530880000002,1955.9709800706073],[1.4636693999999992,42.53514920000001,1956.512960000081],[1.4636187999999997,42.5350641,1957.415479999999],[1.4635033999999996,42.5349418,1961.315323475201],[1.4634992999999992,42.53484039999999,1960.9123918911787],[1.4635640999999993,42.5347792,1957.5756454912316],[1.4636227999999996,42.5347062,1954.825519999968],[1.4636451,42.534621099999995,1955.4742400000866],[1.4636775,42.5344884,1956.579800000117],[1.4637280999999995,42.5344242,1956.2610024225614],[1.4638413999999993,42.5344063,1952.7326113183815],[1.4640316999999996,42.5343899,1948.0492473967663],[1.4642381999999998,42.53434520000001,1944.2349532542135],[1.4644891999999998,42.53421390000001,1941.697956844612],[1.4648154,42.5339633,1942.8563376670525],[1.4651713999999996,42.53363810000001,1941.8637264254858],[1.4653494999999996,42.5334606,1939.6089830880576],[1.4654871999999999,42.533307,1939.7736967679823],[1.4656551999999998,42.533156300000016,1939.524356582085],[1.4658130999999996,42.533102600000014,1938.0671770940842],[1.465896599999999,42.5330834,1937.2300800002456]]}}
,
{"type":"Feature","properties":{"type":"run","id":"3465a254a5e747b187a3bbb8b1319b555bf0915e","uses":["downhill"],"name":"Acces TK La Pala","ref":null,"description":null,"difficulty":"intermediate","convention":"europe","status":"operating","oneway":true,"lit":false,"gladed":null,"patrolled":null,"grooming":null,"color":"hsl(359, 94%, 53%)","colorName":"red","skiAreas":[{"properties":{"activities":["downhill"],"generated":false,"id":"5ecb06388006e4740e7ce8234e26d036ce85edb7","location":null,"name":"Pal-Arinsal","runConvention":"europe","sources":[{"type":"openstreetmap","id":"relation/4638280"},{"type":"skimap.org","id":1807}],"status":"operating","type":"skiArea","websites":["http://www.vallnord.com/"],"statistics":{"runs":{"byActivity":{"downhill":{"byDifficulty":{"easy":{"count":29,"lengthInKm":20.858363377830223,"minElevation":1558.2487431681502,"maxElevation":2491.0273591680307,"combinedElevationChange":3693.1728125839886},"novice":{"count":9,"lengthInKm":3.172775951105538,"maxElevation":2256.4535199999787,"combinedElevationChange":479.4833746895015,"minElevation":1789.827260979216},"advanced":{"count":3,"lengthInKm":2.5787306934661585,"minElevation":1937.2300800002456,"maxElevation":2534.5657064320576,"combinedElevationChange":807.8002905404903},"intermediate":{"count":21,"lengthInKm":12.346787808472106,"minElevation":1844.9715935855613,"maxElevation":2489.9201663711965,"combinedElevationChange":3641.880392795686},"other":{"count":2,"lengthInKm":0.10704381182876538,"minElevation":2094.49559558079,"maxElevation":2237.4957588416046,"combinedElevationChange":11.424043260803046}}}},"minElevation":1558.2487431681502,"maxElevation":2534.5657064320576},"lifts":{"byType":{"gondola":{"count":2,"lengthInKm":3.176295731309711,"minElevation":1237.565454921608,"maxElevation":1919.344744844795,"combinedElevationChange":1107.8933287838854},"chair_lift":{"count":12,"lengthInKm":11.964826900293591,"minElevation":1553.825056428767,"maxElevation":2486.6322313520764,"combinedElevationChange":3173.663310246392},"drag_lift":{"count":6,"lengthInKm":3.2439118652796735,"minElevation":1893.2452799999487,"maxElevation":2339.2381706368255,"combinedElevationChange":773.0829379614327},"cable_car":{"count":1,"lengthInKm":2.3879046138398796,"minElevation":2066.005541440008,"maxElevation":2492.951279404874,"combinedElevationChange":426.9457379648661},"platter":{"count":1,"lengthInKm":0.39896484807186156,"minElevation":2450.0787449600393,"maxElevation":2534.5657064320576,"combinedElevationChange":84.48696147201827},"magic_carpet":{"count":9,"lengthInKm":0.70647313191135,"minElevation":1893.7999852414912,"maxElevation":2077.4390097648143,"combinedElevationChange":66.60550960032651}},"minElevation":1237.565454921608,"maxElevation":2534.5657064320576},"maxElevation":2534.5657064320576,"minElevation":1558.2487431681502}},"type":"Feature","geometry":{"coordinates":[1.4533222792924878,42.545759697593475],"type":"Point"}}],"elevationProfile":{"heights":[2462.8956441599744,2463.475791316384,2462.2851979363068,2459.3716627537665,2458.6711725280616,2457.8242383608167,2456.3253842670238,2451.599840800441,2450.0787449600393],"resolution":25},"sources":[{"type":"openstreetmap","id":"way/1152470084"}],"location":null,"websites":[]},"geometry":{"type":"LineString","coordinates":[[1.44681,42.5655696,2462.8956441599744],[1.4469982999999993,42.56537880000002,2463.495299443141],[1.4471755,42.56520530000002,2462.217446744232],[1.4475019999999996,42.56508510000001,2458.840948416098],[1.4477654999999996,42.565049,2458.676993760027],[1.4481083,42.56506620000001,2457.30028679037],[1.4483740999999997,42.56501470000001,2455.8413942254265],[1.4486141999999995,42.5649632,2451.830405888007],[1.4488784,42.5648595,2450.0787449600393]]}}
,
{"type":"Feature","properties":{"type":"run","id":"5e7de590e5c9da03567c7545ce0b1c71c58f2ea8","uses":["downhill"],"name":"la Serra","ref":null,"description":null,"difficulty":"easy","convention":"europe","status":"operating","oneway":true,"lit":null,"gladed":null,"patrolled":null,"grooming":null,"color":"hsl(208, 100%, 33%)","colorName":"blue","skiAreas":[{"properties":{"activities":["downhill"],"generated":false,"id":"5ecb06388006e4740e7ce8234e26d036ce85edb7","location":null,"name":"Pal-Arinsal","runConvention":"europe","sources":[{"type":"openstreetmap","id":"relation/4638280"},{"type":"skimap.org","id":1807}],"status":"operating","type":"skiArea","websites":["http://www.vallnord.com/"],"statistics":{"runs":{"byActivity":{"downhill":{"byDifficulty":{"easy":{"count":29,"lengthInKm":20.858363377830223,"minElevation":1558.2487431681502,"maxElevation":2491.0273591680307,"combinedElevationChange":3693.1728125839886},"novice":{"count":9,"lengthInKm":3.172775951105538,"maxElevation":2256.4535199999787,"combinedElevationChange":479.4833746895015,"minElevation":1789.827260979216},"advanced":{"count":3,"lengthInKm":2.5787306934661585,"minElevation":1937.2300800002456,"maxElevation":2534.5657064320576,"combinedElevationChange":807.8002905404903},"intermediate":{"count":21,"lengthInKm":12.346787808472106,"minElevation":1844.9715935855613,"maxElevation":2489.9201663711965,"combinedElevationChange":3641.880392795686},"other":{"count":2,"lengthInKm":0.10704381182876538,"minElevation":2094.49559558079,"maxElevation":2237.4957588416046,"combinedElevationChange":11.424043260803046}}}},"minElevation":1558.2487431681502,"maxElevation":2534.5657064320576},"lifts":{"byType":{"gondola":{"count":2,"lengthInKm":3.176295731309711,"minElevation":1237.565454921608,"maxElevation":1919.344744844795,"combinedElevationChange":1107.8933287838854},"chair_lift":{"count":12,"lengthInKm":11.964826900293591,"minElevation":1553.825056428767,"maxElevation":2486.6322313520764,"combinedElevationChange":3173.663310246392},"drag_lift":{"count":6,"lengthInKm":3.2439118652796735,"minElevation":1893.2452799999487,"maxElevation":2339.2381706368255,"combinedElevationChange":773.0829379614327},"cable_car":{"count":1,"lengthInKm":2.3879046138398796,"minElevation":2066.005541440008,"maxElevation":2492.951279404874,"combinedElevationChange":426.9457379648661},"platter":{"count":1,"lengthInKm":0.39896484807186156,"minElevation":2450.0787449600393,"maxElevation":2534.5657064320576,"combinedElevationChange":84.48696147201827},"magic_carpet":{"count":9,"lengthInKm":0.70647313191135,"minElevation":1893.7999852414912,"maxElevation":2077.4390097648143,"combinedElevationChange":66.60550960032651}},"minElevation":1237.565454921608,"maxElevation":2534.5657064320576},"maxElevation":2534.5657064320576,"minElevation":1558.2487431681502}},"type":"Feature","geometry":{"coordinates":[1.4533222792924878,42.545759697593475],"type":"Point"}}],"elevationProfile":{"heights":[1922.8409882176024,1922.5242481786795,1923.080705073866,1923.3188799999966],"resolution":25},"sources":[{"type":"openstreetmap","id":"way/1242377782"}],"location":null,"websites":[]},"geometry":{"type":"LineString","coordinates":[[1.4888665999999995,42.5348422,1922.8409882176024],[1.4894576,42.534869699999994,1923.06183999996],[1.4896987999999995,42.5349054,1923.3188799999966]]}}
,
{"type":"Feature","properties":{"type":"run","id":"05c1e404fe075762ec2b20c369c315480da8d438","uses":["connection"],"name":null,"ref":null,"description":null,"difficulty":null,"convention":"europe","status":"operating","oneway":null,"lit":null,"gladed":null,"patrolled":null,"grooming":null,"color":"hsl(0, 0%, 35%)","colorName":"grey","skiAreas":[],"elevationProfile":{"heights":[1558.2487431681502,1553.925073560046,1553.825056428767],"resolution":25},"sources":[{"type":"openstreetmap","id":"way/1355803567"}],"location":null,"websites":[]},"geometry":{"type":"LineString","coordinates":[[1.4797451999999998,42.577064499999985,1558.2487431681502],[1.4798920999999996,42.5770957,1554.0509333023908],[1.4799653999999995,42.5769591,1553.825056428767]]}}
,
{"type":"Feature","properties":{"type":"run","id":"b8c4f46180b58fde273ebd0da143e1adde3072bd","uses":["connection"],"name":null,"ref":null,"description":null,"difficulty":null,"convention":"europe","status":"operating","oneway":null,"lit":null,"gladed":null,"patrolled":null,"grooming":null,"color":"hsl(0, 0%, 35%)","colorName":"grey","skiAreas":[],"elevationProfile":{"heights":[1475.317680000031,1475.4516000000585],"resolution":25},"sources":[{"type":"openstreetmap","id":"way/1355803568"}],"location":null,"websites":[]},"geometry":{"type":"LineString","coordinates":[[1.4834413999999996,42.5726073,1475.317680000031],[1.4835961999999994,42.5726135,1475.4516000000585]]}}
,
{"type":"Feature","properties":{"type":"run","id":"27c2b05570110602b851e788a788c30c57a78301","uses":["connection"],"name":null,"ref":null,"description":null,"difficulty":null,"convention":"europe","status":"operating","oneway":null,"lit":null,"gladed":null,"patrolled":null,"grooming":null,"color":"hsl(0, 0%, 35%)","colorName":"grey","skiAreas":[],"elevationProfile":{"heights":[1933.2083510783932,1932.5767631039885],"resolution":25},"sources":[{"type":"openstreetmap","id":"way/1355803569"}],"location":null,"websites":[]},"geometry":{"type":"LineString","coordinates":[[1.4701516,42.5725472,1933.2083510783932],[1.4702486,42.5726015,1932.2383567680029],[1.4702194,42.572535500000015,1932.5767631039885]]}}
,
{"type":"Feature","properties":{"type":"run","id":"1dd10ad97202e21aa52f3874a81fa7cb6ec7f152","uses":["connection"],"name":null,"ref":null,"description":null,"difficulty":null,"convention":"europe","status":"operating","oneway":null,"lit":null,"gladed":null,"patrolled":null,"grooming":null,"color":"hsl(0, 0%, 35%)","colorName":"grey","skiAreas":[],"elevationProfile":{"heights":[1930.0255200000008,1926.782695784135,1927.0767254687667],"resolution":25},"sources":[{"type":"openstreetmap","id":"way/1355803570"}],"location":null,"websites":[]},"geometry":{"type":"LineString","coordinates":[[1.4706909,42.57257220000002,1930.0255200000008],[1.4709595,42.57257470000001,1926.8511434640072],[1.4709668999999996,42.57243190000001,1927.0767254687667]]}}
,
{"type":"Feature","properties":{"type":"run","id":"a5b7be2b36f44f086f56d16e5be3bb305aacb91e","uses":["downhill"],"name":null,"ref":null,"description":null,"difficulty":"novice","convention":"europe","status":"operating","oneway":true,"lit":null,"gladed":null,"patrolled":null,"grooming":null,"color":"hsl(125, 100%, 33%)","colorName":"green","skiAreas":[{"properties":{"activities":["downhill"],"generated":false,"id":"5ecb06388006e4740e7ce8234e26d036ce85edb7","location":null,"name":"Pal-Arinsal","runConvention":"europe","sources":[{"type":"openstreetmap","id":"relation/4638280"},{"type":"skimap.org","id":1807}],"status":"operating","type":"skiArea","websites":["http://www.vallnord.com/"],"statistics":{"runs":{"byActivity":{"downhill":{"byDifficulty":{"easy":{"count":29,"lengthInKm":20.858363377830223,"minElevation":1558.2487431681502,"maxElevation":2491.0273591680307,"combinedElevationChange":3693.1728125839886},"novice":{"count":9,"lengthInKm":3.172775951105538,"maxElevation":2256.4535199999787,"combinedElevationChange":479.4833746895015,"minElevation":1789.827260979216},"advanced":{"count":3,"lengthInKm":2.5787306934661585,"minElevation":1937.2300800002456,"maxElevation":2534.5657064320576,"combinedElevationChange":807.8002905404903},"intermediate":{"count":21,"lengthInKm":12.346787808472106,"minElevation":1844.9715935855613,"maxElevation":2489.9201663711965,"combinedElevationChange":3641.880392795686},"other":{"count":2,"lengthInKm":0.10704381182876538,"minElevation":2094.49559558079,"maxElevation":2237.4957588416046,"combinedElevationChange":11.424043260803046}}}},"minElevation":1558.2487431681502,"maxElevation":2534.5657064320576},"lifts":{"byType":{"gondola":{"count":2,"lengthInKm":3.176295731309711,"minElevation":1237.565454921608,"maxElevation":1919.344744844795,"combinedElevationChange":1107.8933287838854},"chair_lift":{"count":12,"lengthInKm":11.964826900293591,"minElevation":1553.825056428767,"maxElevation":2486.6322313520764,"combinedElevationChange":3173.663310246392},"drag_lift":{"count":6,"lengthInKm":3.2439118652796735,"minElevation":1893.2452799999487,"maxElevation":2339.2381706368255,"combinedElevationChange":773.0829379614327},"cable_car":{"count":1,"lengthInKm":2.3879046138398796,"minElevation":2066.005541440008,"maxElevation":2492.951279404874,"combinedElevationChange":426.9457379648661},"platter":{"count":1,"lengthInKm":0.39896484807186156,"minElevation":2450.0787449600393,"maxElevation":2534.5657064320576,"combinedElevationChange":84.48696147201827},"magic_carpet":{"count":9,"lengthInKm":0.70647313191135,"minElevation":1893.7999852414912,"maxElevation":2077.4390097648143,"combinedElevationChange":66.60550960032651}},"minElevation":1237.565454921608,"maxElevation":2534.5657064320576},"maxElevation":2534.5657064320576,"minElevation":1558.2487431681502}},"type":"Feature","geometry":{"coordinates":[1.4533222792924878,42.545759697593475],"type":"Point"}}],"elevationProfile":{"heights":[1942.3101899008072,1945.720924500381,1945.4061342080327],"resolution":25},"sources":[{"type":"openstreetmap","id":"way/1355803571"}],"location":null,"websites":[]},"geometry":{"type":"LineString","coordinates":[[1.4694885999999998,42.573516800000014,1942.3101899008072],[1.4693463999999996,42.5735219,1945.9370366336016],[1.4693371999999998,42.5736795,1945.4061342080327]]}}
,
{"type":"Feature","properties":{"type":"run","id":"af7747286a8b620865f4f3c2e5f991734a06daf4","uses":["downhill"],"name":"Beginner Area","ref":null,"description":null,"difficulty":"novice","convention":"europe","status":"operating","oneway":true,"lit":null,"gladed":null,"patrolled":null,"grooming":null,"color":"hsl(125, 100%, 33%)","colorName":"green","skiAreas":[{"properties":{"activities":["downhill"],"generated":false,"id":"5ecb06388006e4740e7ce8234e26d036ce85edb7","location":null,"name":"Pal-Arinsal","runConvention":"europe","sources":[{"type":"openstreetmap","id":"relation/4638280"},{"type":"skimap.org","id":1807}],"status":"operating","type":"skiArea","websites":["http://www.vallnord.com/"],"statistics":{"runs":{"byActivity":{"downhill":{"byDifficulty":{"easy":{"count":29,"lengthInKm":20.858363377830223,"minElevation":1558.2487431681502,"maxElevation":2491.0273591680307,"combinedElevationChange":3693.1728125839886},"novice":{"count":9,"lengthInKm":3.172775951105538,"maxElevation":2256.4535199999787,"combinedElevationChange":479.4833746895015,"minElevation":1789.827260979216},"advanced":{"count":3,"lengthInKm":2.5787306934661585,"minElevation":1937.2300800002456,"maxElevation":2534.5657064320576,"combinedElevationChange":807.8002905404903},"intermediate":{"count":21,"lengthInKm":12.346787808472106,"minElevation":1844.9715935855613,"maxElevation":2489.9201663711965,"combinedElevationChange":3641.880392795686},"other":{"count":2,"lengthInKm":0.10704381182876538,"minElevation":2094.49559558079,"maxElevation":2237.4957588416046,"combinedElevationChange":11.424043260803046}}}},"minElevation":1558.2487431681502,"maxElevation":2534.5657064320576},"lifts":{"byType":{"gondola":{"count":2,"lengthInKm":3.176295731309711,"minElevation":1237.565454921608,"maxElevation":1919.344744844795,"combinedElevationChange":1107.8933287838854},"chair_lift":{"count":12,"lengthInKm":11.964826900293591,"minElevation":1553.825056428767,"maxElevation":2486.6322313520764,"combinedElevationChange":3173.663310246392},"drag_lift":{"count":6,"lengthInKm":3.2439118652796735,"minElevation":1893.2452799999487,"maxElevation":2339.2381706368255,"combinedElevationChange":773.0829379614327},"cable_car":{"count":1,"lengthInKm":2.3879046138398796,"minElevation":2066.005541440008,"maxElevation":2492.951279404874,"combinedElevationChange":426.9457379648661},"platter":{"count":1,"lengthInKm":0.39896484807186156,"minElevation":2450.0787449600393,"maxElevation":2534.5657064320576,"combinedElevationChange":84.48696147201827},"magic_carpet":{"count":9,"lengthInKm":0.70647313191135,"minElevation":1893.7999852414912,"maxElevation":2077.4390097648143,"combinedElevationChange":66.60550960032651}},"minElevation":1237.565454921608,"maxElevation":2534.5657064320576},"maxElevation":2534.5657064320576,"minElevation":1558.2487431681502}},"type":"Feature","geometry":{"coordinates":[1.4533222792924878,42.545759697593475],"type":"Point"}}],"elevationProfile":{"heights":[1942.3101899008072,1940.5631898659274,1936.9013840569366,1933.6079165530027,1930.3555157262813,1928.1286373348908,1928.0641889535525],"resolution":25},"sources":[{"type":"openstreetmap","id":"way/1355803572"}],"location":null,"websites":[]},"geometry":{"type":"LineString","coordinates":[[1.4694885999999998,42.573516800000014,1942.3101899008072],[1.4696004999999996,42.5732437,1940.0097183760008],[1.4704785999999999,42.5736042,1928.1441344896098],[1.4703991999999995,42.57373980000001,1928.0641889535525]]}}
,
{"type":"Feature","properties":{"type":"run","id":"519dd35ee7955617340fdbc1182e8c6ec6f3630b","uses":["downhill"],"name":null,"ref":null,"description":null,"difficulty":"easy","convention":"europe","status":"operating","oneway":true,"lit":null,"gladed":null,"patrolled":null,"grooming":null,"color":"hsl(208, 100%, 33%)","colorName":"blue","skiAreas":[{"properties":{"activities":["downhill"],"generated":false,"id":"5ecb06388006e4740e7ce8234e26d036ce85edb7","location":null,"name":"Pal-Arinsal","runConvention":"europe","sources":[{"type":"openstreetmap","id":"relation/4638280"},{"type":"skimap.org","id":1807}],"status":"operating","type":"skiArea","websites":["http://www.vallnord.com/"],"statistics":{"runs":{"byActivity":{"downhill":{"byDifficulty":{"easy":{"count":29,"lengthInKm":20.858363377830223,"minElevation":1558.2487431681502,"maxElevation":2491.0273591680307,"combinedElevationChange":3693.1728125839886},"novice":{"count":9,"lengthInKm":3.172775951105538,"maxElevation":2256.4535199999787,"combinedElevationChange":479.4833746895015,"minElevation":1789.827260979216},"advanced":{"count":3,"lengthInKm":2.5787306934661585,"minElevation":1937.2300800002456,"maxElevation":2534.5657064320576,"combinedElevationChange":807.8002905404903},"intermediate":{"count":21,"lengthInKm":12.346787808472106,"minElevation":1844.9715935855613,"maxElevation":2489.9201663711965,"combinedElevationChange":3641.880392795686},"other":{"count":2,"lengthInKm":0.10704381182876538,"minElevation":2094.49559558079,"maxElevation":2237.4957588416046,"combinedElevationChange":11.424043260803046}}}},"minElevation":1558.2487431681502,"maxElevation":2534.5657064320576},"lifts":{"byType":{"gondola":{"count":2,"lengthInKm":3.176295731309711,"minElevation":1237.565454921608,"maxElevation":1919.344744844795,"combinedElevationChange":1107.8933287838854},"chair_lift":{"count":12,"lengthInKm":11.964826900293591,"minElevation":1553.825056428767,"maxElevation":2486.6322313520764,"combinedElevationChange":3173.663310246392},"drag_lift":{"count":6,"lengthInKm":3.2439118652796735,"minElevation":1893.2452799999487,"maxElevation":2339.2381706368255,"combinedElevationChange":773.0829379614327},"cable_car":{"count":1,"lengthInKm":2.3879046138398796,"minElevation":2066.005541440008,"maxElevation":2492.951279404874,"combinedElevationChange":426.9457379648661},"platter":{"count":1,"lengthInKm":0.39896484807186156,"minElevation":2450.0787449600393,"maxElevation":2534.5657064320576,"combinedElevationChange":84.48696147201827},"magic_carpet":{"count":9,"lengthInKm":0.70647313191135,"minElevation":1893.7999852414912,"maxElevation":2077.4390097648143,"combinedElevationChange":66.60550960032651}},"minElevation":1237.565454921608,"maxElevation":2534.5657064320576},"maxElevation":2534.5657064320576,"minElevation":1558.2487431681502}},"type":"Feature","geometry":{"coordinates":[1.4533222792924878,42.545759697593475],"type":"Point"}}],"elevationProfile":{"heights":[1966.3384131072291,1957.7571298283858,1949.496952551615,1942.814230720208,1940.222808284733,1940.0097183760008],"resolution":25},"sources":[{"type":"openstreetmap","id":"way/1355803599"},{"type":"openstreetmap","id":"way/1355803573"}],"location":null,"websites":[]},"geometry":{"type":"LineString","coordinates":[[1.469124199999999,42.5722648,1966.3384131072291],[1.4695473,42.57291590000002,1941.7281140815194],[1.4696004999999996,42.5732437,1940.0097183760008]]}}
,
{"type":"Feature","properties":{"type":"run","id":"4973b9b9bb38fb69658a476321318fc043e35d21","uses":["downhill"],"name":null,"ref":null,"description":null,"difficulty":"novice","convention":"europe","status":"operating","oneway":true,"lit":null,"gladed":null,"patrolled":null,"grooming":null,"color":"hsl(125, 100%, 33%)","colorName":"green","skiAreas":[{"properties":{"activities":["downhill"],"generated":false,"id":"5ecb06388006e4740e7ce8234e26d036ce85edb7","location":null,"name":"Pal-Arinsal","runConvention":"europe","sources":[{"type":"openstreetmap","id":"relation/4638280"},{"type":"skimap.org","id":1807}],"status":"operating","type":"skiArea","websites":["http://www.vallnord.com/"],"statistics":{"runs":{"byActivity":{"downhill":{"byDifficulty":{"easy":{"count":29,"lengthInKm":20.858363377830223,"minElevation":1558.2487431681502,"maxElevation":2491.0273591680307,"combinedElevationChange":3693.1728125839886},"novice":{"count":9,"lengthInKm":3.172775951105538,"maxElevation":2256.4535199999787,"combinedElevationChange":479.4833746895015,"minElevation":1789.827260979216},"advanced":{"count":3,"lengthInKm":2.5787306934661585,"minElevation":1937.2300800002456,"maxElevation":2534.5657064320576,"combinedElevationChange":807.8002905404903},"intermediate":{"count":21,"lengthInKm":12.346787808472106,"minElevation":1844.9715935855613,"maxElevation":2489.9201663711965,"combinedElevationChange":3641.880392795686},"other":{"count":2,"lengthInKm":0.10704381182876538,"minElevation":2094.49559558079,"maxElevation":2237.4957588416046,"combinedElevationChange":11.424043260803046}}}},"minElevation":1558.2487431681502,"maxElevation":2534.5657064320576},"lifts":{"byType":{"gondola":{"count":2,"lengthInKm":3.176295731309711,"minElevation":1237.565454921608,"maxElevation":1919.344744844795,"combinedElevationChange":1107.8933287838854},"chair_lift":{"count":12,"lengthInKm":11.964826900293591,"minElevation":1553.825056428767,"maxElevation":2486.6322313520764,"combinedElevationChange":3173.663310246392},"drag_lift":{"count":6,"lengthInKm":3.2439118652796735,"minElevation":1893.2452799999487,"maxElevation":2339.2381706368255,"combinedElevationChange":773.0829379614327},"cable_car":{"count":1,"lengthInKm":2.3879046138398796,"minElevation":2066.005541440008,"maxElevation":2492.951279404874,"combinedElevationChange":426.9457379648661},"platter":{"count":1,"lengthInKm":0.39896484807186156,"minElevation":2450.0787449600393,"maxElevation":2534.5657064320576,"combinedElevationChange":84.48696147201827},"magic_carpet":{"count":9,"lengthInKm":0.70647313191135,"minElevation":1893.7999852414912,"maxElevation":2077.4390097648143,"combinedElevationChange":66.60550960032651}},"minElevation":1237.565454921608,"maxElevation":2534.5657064320576},"maxElevation":2534.5657064320576,"minElevation":1558.2487431681502}},"type":"Feature","geometry":{"coordinates":[1.4533222792924878,42.545759697593475],"type":"Point"}}],"elevationProfile":{"heights":[1931.8909579599913,1928.3722095282756,1927.9464414207805],"resolution":25},"sources":[{"type":"openstreetmap","id":"way/1355803574"}],"location":null,"websites":[]},"geometry":{"type":"LineString","coordinates":[[1.4700857,42.5739925,1931.8909579599913],[1.4703931,42.5737608,1927.9464414207805]]}}
,
{"type":"Feature","properties":{"type":"run","id":"db27456b16332d585dfc94b88354c44192bf3665","uses":["connection"],"name":null,"ref":null,"description":null,"difficulty":null,"convention":"europe","status":"operating","oneway":null,"lit":null,"gladed":null,"patrolled":null,"grooming":null,"color":"hsl(0, 0%, 35%)","colorName":"grey","skiAreas":[],"elevationProfile":{"heights":[1926.8511434640072,1927.7873117970807,1925.1148240169853,1925.091928880843,1922.2128350664775,1919.3535569652886,1918.9250559180907,1922.3190733243077,1923.5084919837361,1921.351135229793,1915.1597460276264,1914.1725430292026,1921.211994075229,1921.4830766943446],"resolution":25},"sources":[{"type":"openstreetmap","id":"way/1355803575"},{"type":"openstreetmap","id":"way/1355803580"}],"location":null,"websites":[]},"geometry":{"type":"LineString","coordinates":[[1.4709595,42.57257470000001,1926.8511434640072],[1.470905,42.5728202,1927.7364764799886],[1.4709828,42.5729011,1925.925948006379],[1.4709861999999998,42.5730394,1924.820253222411],[1.4709406999999997,42.57310320000001,1924.8622081791077],[1.4708953999999996,42.5731665,1924.8832761280144],[1.4708518,42.57321810000001,1925.1826771263209],[1.4707983999999996,42.5732813,1925.3074079104306],[1.4708755999999998,42.5733948,1922.3064900351835],[1.470952,42.5738381,1918.7344030080076],[1.4708459999999999,42.57393920000001,1920.969638144023],[1.4706642999999993,42.57411230000002,1923.2595190687953],[1.4705016999999996,42.574249,1923.6473860320748],[1.470515,42.574483199999996,1919.573100160119],[1.470518,42.5746709,1913.9336391039708],[1.4703651,42.5748388,1914.5482645568093],[1.4702237999999996,42.574924599999996,1919.6270386623517],[1.4701474,42.574863699999995,1921.4830766943446]]}}
,
{"type":"Feature","properties":{"type":"run","id":"ab60b945ac9e831fc814b8210bc43be73f513898","uses":["connection"],"name":null,"ref":null,"description":null,"difficulty":null,"convention":"europe","status":"operating","oneway":null,"lit":null,"gladed":null,"patrolled":null,"grooming":null,"color":"hsl(0, 0%, 35%)","colorName":"grey","skiAreas":[],"elevationProfile":{"heights":[1917.9623199999166,1924.8622081791077],"resolution":25},"sources":[{"type":"openstreetmap","id":"way/1355803576"}],"location":null,"websites":[]},"geometry":{"type":"LineString","coordinates":[[1.4712125,42.57310730000001,1917.9623199999166],[1.4709406999999997,42.57310320000001,1924.8622081791077]]}}
,
{"type":"Feature","properties":{"type":"run","id":"850bbcf1c2ee8b14814a85bdc62099cb7c31a48d","uses":["connection"],"name":null,"ref":null,"description":null,"difficulty":null,"convention":"europe","status":"operating","oneway":null,"lit":null,"gladed":null,"patrolled":null,"grooming":null,"color":"hsl(0, 0%, 35%)","colorName":"grey","skiAreas":[],"elevationProfile":{"heights":[1920.038875907216,1925.1826771263209],"resolution":25},"sources":[{"type":"openstreetmap","id":"way/1355803577"}],"location":null,"websites":[]},"geometry":{"type":"LineString","coordinates":[[1.4710010999999996,42.5732869,1920.038875907216],[1.4708518,42.57321810000001,1925.1826771263209]]}}
,
{"type":"Feature","properties":{"type":"run","id":"63f071be521c7b4cf848a8b823de78bb6a1f91e0","uses":["connection"],"name":null,"ref":null,"description":null,"difficulty":null,"convention":"europe","status":"operating","oneway":null,"lit":null,"gladed":null,"patrolled":null,"grooming":null,"color":"hsl(0, 0%, 35%)","colorName":"grey","skiAreas":[],"elevationProfile":{"heights":[1928.1441344896098,1925.4500803691292,1923.601475773855,1923.2595190687953],"resolution":25},"sources":[{"type":"openstreetmap","id":"way/1355803578"}],"location":null,"websites":[]},"geometry":{"type":"LineString","coordinates":[[1.4704785999999999,42.5736042,1928.1441344896098],[1.4706642999999993,42.57411230000002,1923.2595190687953]]}}
,
{"type":"Feature","properties":{"type":"run","id":"9600dd431ca44b6ba80c0279a54859ffd576900d","uses":["connection"],"name":null,"ref":null,"description":null,"difficulty":null,"convention":"europe","status":"operating","oneway":null,"lit":null,"gladed":null,"patrolled":null,"grooming":null,"color":"hsl(0, 0%, 35%)","colorName":"grey","skiAreas":[],"elevationProfile":{"heights":[1918.773814192058,1915.318770006592],"resolution":25},"sources":[{"type":"openstreetmap","id":"way/1355803579"}],"location":null,"websites":[]},"geometry":{"type":"LineString","coordinates":[[1.4703994999999996,42.5745673,1918.773814192058],[1.4703624,42.5746083,1917.937402086358],[1.4703271,42.574697699999994,1915.318770006592]]}}
,
{"type":"Feature","properties":{"type":"run","id":"bdd1415b70353d8b92c6412a71a31a1de05e702d","uses":["connection"],"name":null,"ref":null,"description":null,"difficulty":null,"convention":"europe","status":"operating","oneway":null,"lit":null,"gladed":null,"patrolled":null,"grooming":null,"color":"hsl(0, 0%, 35%)","colorName":"grey","skiAreas":[],"elevationProfile":{"heights":[1923.6473860320748,1923.1268553792377],"resolution":25},"sources":[{"type":"openstreetmap","id":"way/1355803581"}],"location":null,"websites":[]},"geometry":{"type":"LineString","coordinates":[[1.4705016999999996,42.574249,1923.6473860320748],[1.4704076,42.5744073,1923.1268553792377]]}}
,
{"type":"Feature","properties":{"type":"run","id":"04b5a1aed7fc904ead4feea9ac11eebacac9311a","uses":["downhill"],"name":"Comallemple","ref":null,"description":null,"difficulty":"easy","convention":"europe","status":"operating","oneway":true,"lit":null,"gladed":null,"patrolled":null,"grooming":null,"color":"hsl(208, 100%, 33%)","colorName":"blue","skiAreas":[{"properties":{"activities":["downhill"],"generated":false,"id":"5ecb06388006e4740e7ce8234e26d036ce85edb7","location":null,"name":"Pal-Arinsal","runConvention":"europe","sources":[{"type":"openstreetmap","id":"relation/4638280"},{"type":"skimap.org","id":1807}],"status":"operating","type":"skiArea","websites":["http://www.vallnord.com/"],"statistics":{"runs":{"byActivity":{"downhill":{"byDifficulty":{"easy":{"count":29,"lengthInKm":20.858363377830223,"minElevation":1558.2487431681502,"maxElevation":2491.0273591680307,"combinedElevationChange":3693.1728125839886},"novice":{"count":9,"lengthInKm":3.172775951105538,"maxElevation":2256.4535199999787,"combinedElevationChange":479.4833746895015,"minElevation":1789.827260979216},"advanced":{"count":3,"lengthInKm":2.5787306934661585,"minElevation":1937.2300800002456,"maxElevation":2534.5657064320576,"combinedElevationChange":807.8002905404903},"intermediate":{"count":21,"lengthInKm":12.346787808472106,"minElevation":1844.9715935855613,"maxElevation":2489.9201663711965,"combinedElevationChange":3641.880392795686},"other":{"count":2,"lengthInKm":0.10704381182876538,"minElevation":2094.49559558079,"maxElevation":2237.4957588416046,"combinedElevationChange":11.424043260803046}}}},"minElevation":1558.2487431681502,"maxElevation":2534.5657064320576},"lifts":{"byType":{"gondola":{"count":2,"lengthInKm":3.176295731309711,"minElevation":1237.565454921608,"maxElevation":1919.344744844795,"combinedElevationChange":1107.8933287838854},"chair_lift":{"count":12,"lengthInKm":11.964826900293591,"minElevation":1553.825056428767,"maxElevation":2486.6322313520764,"combinedElevationChange":3173.663310246392},"drag_lift":{"count":6,"lengthInKm":3.2439118652796735,"minElevation":1893.2452799999487,"maxElevation":2339.2381706368255,"combinedElevationChange":773.0829379614327},"cable_car":{"count":1,"lengthInKm":2.3879046138398796,"minElevation":2066.005541440008,"maxElevation":2492.951279404874,"combinedElevationChange":426.9457379648661},"platter":{"count":1,"lengthInKm":0.39896484807186156,"minElevation":2450.0787449600393,"maxElevation":2534.5657064320576,"combinedElevationChange":84.48696147201827},"magic_carpet":{"count":9,"lengthInKm":0.70647313191135,"minElevation":1893.7999852414912,"maxElevation":2077.4390097648143,"combinedElevationChange":66.60550960032651}},"minElevation":1237.565454921608,"maxElevation":2534.5657064320576},"maxElevation":2534.5657064320576,"minElevation":1558.2487431681502}},"type":"Feature","geometry":{"coordinates":[1.4533222792924878,42.545759697593475],"type":"Point"}}],"elevationProfile":{"heights":[1920.969638144023,1918.3739267755286,1915.5527359824084,1907.2186742839394,1893.3274702794677,1885.0663349824724,1880.4020000000735],"resolution":25},"sources":[{"type":"openstreetmap","id":"way/1355803582"}],"location":null,"websites":[]},"geometry":{"type":"LineString","coordinates":[[1.4708459999999999,42.57393920000001,1920.969638144023],[1.4709959,42.5739419,1918.488014403211],[1.4710992999999992,42.5741036,1918.4657474816129],[1.4712599,42.574229599999995,1915.179387008046],[1.4714005999999995,42.5743946,1908.2604659520516],[1.4716651999999995,42.574667899999994,1888.8412353408949],[1.4719349999999995,42.574876,1880.4020000000735]]}}
,
{"type":"Feature","properties":{"type":"run","id":"465f1cb20db10c27f7155d0855c3a65949382db1","uses":["connection"],"name":null,"ref":null,"description":null,"difficulty":"intermediate","convention":"europe","status":"operating","oneway":null,"lit":null,"gladed":null,"patrolled":null,"grooming":null,"color":"hsl(359, 94%, 53%)","colorName":"red","skiAreas":[],"elevationProfile":{"heights":[1966.3384131072291,1966.7528833248364],"resolution":25},"sources":[{"type":"openstreetmap","id":"way/1355803583"}],"location":null,"websites":[]},"geometry":{"type":"LineString","coordinates":[[1.469124199999999,42.5722648,1966.3384131072291],[1.4691376999999997,42.5722447,1966.7528833248364]]}}
,
{"type":"Feature","properties":{"type":"run","id":"85cd6dc9c96b5f93f2333d8ea6fe9aa019b0dfe0","uses":["connection"],"name":null,"ref":null,"description":null,"difficulty":null,"convention":"europe","status":"operating","oneway":null,"lit":null,"gladed":null,"patrolled":null,"grooming":null,"color":"hsl(0, 0%, 35%)","colorName":"grey","skiAreas":[],"elevationProfile":{"heights":[2097.655520000005,2098.0483879598883,2098.0730399999993],"resolution":25},"sources":[{"type":"openstreetmap","id":"way/1355803584"}],"location":null,"websites":[]},"geometry":{"type":"LineString","coordinates":[[1.4634918999999993,42.5712068,2097.655520000005],[1.4636142999999993,42.57124099999999,2097.538511952024],[1.4636313999999992,42.57106039999999,2098.0730399999993]]}}
,
{"type":"Feature","properties":{"type":"run","id":"0e66f35d74a3434a37aa406927f9a1cbe2153938","uses":["connection"],"name":null,"ref":null,"description":null,"difficulty":null,"convention":"europe","status":"operating","oneway":null,"lit":null,"gladed":null,"patrolled":null,"grooming":null,"color":"hsl(0, 0%, 35%)","colorName":"grey","skiAreas":[],"elevationProfile":{"heights":[2098.270400534405,2094.926821280032],"resolution":25},"sources":[{"type":"openstreetmap","id":"way/1355803585"}],"location":null,"websites":[]},"geometry":{"type":"LineString","coordinates":[[1.4638256999999992,42.5711898,2098.270400534405],[1.4640225,42.5712973,2094.926821280032]]}}
,
{"type":"Feature","properties":{"type":"run","id":"7cc68c68326c84f9042d56d601304639fc4947b6","uses":["downhill"],"name":null,"ref":null,"description":null,"difficulty":null,"convention":"europe","status":"operating","oneway":true,"lit":null,"gladed":null,"patrolled":null,"grooming":null,"color":"hsl(0, 0%, 35%)","colorName":"grey","skiAreas":[{"properties":{"activities":["downhill"],"generated":false,"id":"5ecb06388006e4740e7ce8234e26d036ce85edb7","location":null,"name":"Pal-Arinsal","runConvention":"europe","sources":[{"type":"openstreetmap","id":"relation/4638280"},{"type":"skimap.org","id":1807}],"status":"operating","type":"skiArea","websites":["http://www.vallnord.com/"],"statistics":{"runs":{"byActivity":{"downhill":{"byDifficulty":{"easy":{"count":29,"lengthInKm":20.858363377830223,"minElevation":1558.2487431681502,"maxElevation":2491.0273591680307,"combinedElevationChange":3693.1728125839886},"novice":{"count":9,"lengthInKm":3.172775951105538,"maxElevation":2256.4535199999787,"combinedElevationChange":479.4833746895015,"minElevation":1789.827260979216},"advanced":{"count":3,"lengthInKm":2.5787306934661585,"minElevation":1937.2300800002456,"maxElevation":2534.5657064320576,"combinedElevationChange":807.8002905404903},"intermediate":{"count":21,"lengthInKm":12.346787808472106,"minElevation":1844.9715935855613,"maxElevation":2489.9201663711965,"combinedElevationChange":3641.880392795686},"other":{"count":2,"lengthInKm":0.10704381182876538,"minElevation":2094.49559558079,"maxElevation":2237.4957588416046,"combinedElevationChange":11.424043260803046}}}},"minElevation":1558.2487431681502,"maxElevation":2534.5657064320576},"lifts":{"byType":{"gondola":{"count":2,"lengthInKm":3.176295731309711,"minElevation":1237.565454921608,"maxElevation":1919.344744844795,"combinedElevationChange":1107.8933287838854},"chair_lift":{"count":12,"lengthInKm":11.964826900293591,"minElevation":1553.825056428767,"maxElevation":2486.6322313520764,"combinedElevationChange":3173.663310246392},"drag_lift":{"count":6,"lengthInKm":3.2439118652796735,"minElevation":1893.2452799999487,"maxElevation":2339.2381706368255,"combinedElevationChange":773.0829379614327},"cable_car":{"count":1,"lengthInKm":2.3879046138398796,"minElevation":2066.005541440008,"maxElevation":2492.951279404874,"combinedElevationChange":426.9457379648661},"platter":{"count":1,"lengthInKm":0.39896484807186156,"minElevation":2450.0787449600393,"maxElevation":2534.5657064320576,"combinedElevationChange":84.48696147201827},"magic_carpet":{"count":9,"lengthInKm":0.70647313191135,"minElevation":1893.7999852414912,"maxElevation":2077.4390097648143,"combinedElevationChange":66.60550960032651}},"minElevation":1237.565454921608,"maxElevation":2534.5657064320576},"maxElevation":2534.5657064320576,"minElevation":1558.2487431681502}},"type":"Feature","geometry":{"coordinates":[1.4533222792924878,42.545759697593475],"type":"Point"}}],"elevationProfile":{"heights":[2098.0730399999993,2098.5626906238485,2095.5898447783934,2094.49559558079],"resolution":25},"sources":[{"type":"openstreetmap","id":"way/1355803586"}],"location":null,"websites":[]},"geometry":{"type":"LineString","coordinates":[[1.4636313999999992,42.57106039999999,2098.0730399999993],[1.4643346999999995,42.5710361,2094.49559558079]]}}
,
{"type":"Feature","properties":{"type":"run","id":"a6fe905a11d328380b854e52cd269045da2ef3f0","uses":["connection"],"name":null,"ref":null,"description":null,"difficulty":null,"convention":"europe","status":"operating","oneway":null,"lit":null,"gladed":null,"patrolled":null,"grooming":null,"color":"hsl(0, 0%, 35%)","colorName":"grey","skiAreas":[],"elevationProfile":{"heights":[2094.49559558079,2095.4548009216587],"resolution":25},"sources":[{"type":"openstreetmap","id":"way/1355803587"}],"location":null,"websites":[]},"geometry":{"type":"LineString","coordinates":[[1.4643346999999995,42.5710361,2094.49559558079],[1.4643544,42.5709811,2095.4548009216587]]}}
,
{"type":"Feature","properties":{"type":"run","id":"f79930bc80165c21017c0c2529d36cb06a6cb95a","uses":["connection"],"name":null,"ref":null,"description":null,"difficulty":null,"convention":"europe","status":"operating","oneway":null,"lit":null,"gladed":null,"patrolled":null,"grooming":null,"color":"hsl(0, 0%, 35%)","colorName":"grey","skiAreas":[],"elevationProfile":{"heights":[2185.4815999999328,2185.6723400095602],"resolution":25},"sources":[{"type":"openstreetmap","id":"way/1355803588"}],"location":null,"websites":[]},"geometry":{"type":"LineString","coordinates":[[1.4589105,42.56918250000001,2185.4815999999328],[1.4591641999999994,42.5690747,2185.6723400095602]]}}
,
{"type":"Feature","properties":{"type":"run","id":"75f842e61c589db275ea8e3a9b23cc4fe3306449","uses":["downhill"],"name":"Snow Park","ref":null,"description":null,"difficulty":"easy","convention":"europe","status":"operating","oneway":true,"lit":null,"gladed":null,"patrolled":null,"grooming":null,"color":"hsl(208, 100%, 33%)","colorName":"blue","skiAreas":[{"properties":{"activities":["downhill"],"generated":false,"id":"5ecb06388006e4740e7ce8234e26d036ce85edb7","location":null,"name":"Pal-Arinsal","runConvention":"europe","sources":[{"type":"openstreetmap","id":"relation/4638280"},{"type":"skimap.org","id":1807}],"status":"operating","type":"skiArea","websites":["http://www.vallnord.com/"],"statistics":{"runs":{"byActivity":{"downhill":{"byDifficulty":{"easy":{"count":29,"lengthInKm":20.858363377830223,"minElevation":1558.2487431681502,"maxElevation":2491.0273591680307,"combinedElevationChange":3693.1728125839886},"novice":{"count":9,"lengthInKm":3.172775951105538,"maxElevation":2256.4535199999787,"combinedElevationChange":479.4833746895015,"minElevation":1789.827260979216},"advanced":{"count":3,"lengthInKm":2.5787306934661585,"minElevation":1937.2300800002456,"maxElevation":2534.5657064320576,"combinedElevationChange":807.8002905404903},"intermediate":{"count":21,"lengthInKm":12.346787808472106,"minElevation":1844.9715935855613,"maxElevation":2489.9201663711965,"combinedElevationChange":3641.880392795686},"other":{"count":2,"lengthInKm":0.10704381182876538,"minElevation":2094.49559558079,"maxElevation":2237.4957588416046,"combinedElevationChange":11.424043260803046}}}},"minElevation":1558.2487431681502,"maxElevation":2534.5657064320576},"lifts":{"byType":{"gondola":{"count":2,"lengthInKm":3.176295731309711,"minElevation":1237.565454921608,"maxElevation":1919.344744844795,"combinedElevationChange":1107.8933287838854},"chair_lift":{"count":12,"lengthInKm":11.964826900293591,"minElevation":1553.825056428767,"maxElevation":2486.6322313520764,"combinedElevationChange":3173.663310246392},"drag_lift":{"count":6,"lengthInKm":3.2439118652796735,"minElevation":1893.2452799999487,"maxElevation":2339.2381706368255,"combinedElevationChange":773.0829379614327},"cable_car":{"count":1,"lengthInKm":2.3879046138398796,"minElevation":2066.005541440008,"maxElevation":2492.951279404874,"combinedElevationChange":426.9457379648661},"platter":{"count":1,"lengthInKm":0.39896484807186156,"minElevation":2450.0787449600393,"maxElevation":2534.5657064320576,"combinedElevationChange":84.48696147201827},"magic_carpet":{"count":9,"lengthInKm":0.70647313191135,"minElevation":1893.7999852414912,"maxElevation":2077.4390097648143,"combinedElevationChange":66.60550960032651}},"minElevation":1237.565454921608,"maxElevation":2534.5657064320576},"maxElevation":2534.5657064320576,"minElevation":1558.2487431681502}},"type":"Feature","geometry":{"coordinates":[1.4533222792924878,42.545759697593475],"type":"Point"}}],"elevationProfile":{"heights":[2301.0023017856547,2298.2599066315215,2293.4779302610245,2288.2080019492664,2284.0352727802556,2280.0894846655397,2274.144531176322,2270.3861637410378,2269.8192677085794,2262.6323276279236,2255.215536781777,2252.9840734071863,2250.9008677953534,2246.7775974487213,2240.984956355914,2234.6079845362706,2230.324598196834,2227.495863240483,2226.1563987566487,2228.8021863510553,2228.9066391036067,2229.251755712055],"resolution":25},"sources":[{"type":"openstreetmap","id":"way/1355803590"}],"location":null,"websites":[]},"geometry":{"type":"LineString","coordinates":[[1.4508095999999995,42.56924830000001,2301.0023017856547],[1.4513981999999994,42.56895220000002,2291.2045201220494],[1.4523609,42.56873890000003,2275.994470369924],[1.4533823,42.5688778,2262.3477141952194],[1.4545362999999996,42.569050200000014,2247.3388000000996],[1.4558425,42.5694219,2226.3480400000417],[1.4560331,42.56952260000001,2226.217800000223],[1.4563595999999999,42.5699114,2229.251755712055]]}}
,
{"type":"Feature","properties":{"type":"run","id":"bb012c2d016c4038885b227d8a2dbb04d6eb50e6","uses":["connection"],"name":null,"ref":null,"description":null,"difficulty":null,"convention":"europe","status":"operating","oneway":null,"lit":null,"gladed":null,"patrolled":null,"grooming":null,"color":"hsl(0, 0%, 35%)","colorName":"grey","skiAreas":[],"elevationProfile":{"heights":[2247.3388000000996,2248.454726150329,2250.2738400769617,2251.6338864586987,2256.8015959285735,2257.5303999999414],"resolution":25},"sources":[{"type":"openstreetmap","id":"way/1355803591"}],"location":null,"websites":[]},"geometry":{"type":"LineString","coordinates":[[1.4545362999999996,42.569050200000014,2247.3388000000996],[1.4543134,42.5688912,2248.4524850432485],[1.4536775,42.56836900000001,2257.5303999999414]]}}
,
{"type":"Feature","properties":{"type":"run","id":"2c31f655440c33e14abb233012001304f394fc78","uses":["connection"],"name":null,"ref":null,"description":null,"difficulty":null,"convention":"europe","status":"operating","oneway":null,"lit":null,"gladed":null,"patrolled":null,"grooming":null,"color":"hsl(0, 0%, 35%)","colorName":"grey","skiAreas":[],"elevationProfile":{"heights":[2226.3480400000417,2225.227802011667,2226.6696715514954,2230.9125158906304,2236.2274787111337,2239.241738655944],"resolution":25},"sources":[{"type":"openstreetmap","id":"way/1355803592"}],"location":null,"websites":[]},"geometry":{"type":"LineString","coordinates":[[1.4558425,42.5694219,2226.3480400000417],[1.4549497999999996,42.56857150000001,2239.241738655944]]}}
,
{"type":"Feature","properties":{"type":"run","id":"ed458825e842d8f803b32ef66098914612e3ff2a","uses":["connection"],"name":null,"ref":null,"description":null,"difficulty":null,"convention":"europe","status":"operating","oneway":null,"lit":null,"gladed":null,"patrolled":null,"grooming":null,"color":"hsl(0, 0%, 35%)","colorName":"grey","skiAreas":[],"elevationProfile":{"heights":[2307.0293176320197,2305.1966286918005,2303.6676736348763,2302.764642563936,2301.5910934371636,2301.0023017856547],"resolution":25},"sources":[{"type":"openstreetmap","id":"way/1355803593"}],"location":null,"websites":[]},"geometry":{"type":"LineString","coordinates":[[1.4510031999999995,42.5700438,2307.0293176320197],[1.4507668999999996,42.56963610000001,2303.689960000014],[1.4506285999999995,42.5692194,2301.7637606528097],[1.4508095999999995,42.56924830000001,2301.0023017856547]]}}
,
{"type":"Feature","properties":{"type":"run","id":"07af6e4f8fb985d480abe811cea32e25a1e975e0","uses":["downhill"],"name":null,"ref":null,"description":null,"difficulty":"easy","convention":"europe","status":"operating","oneway":true,"lit":null,"gladed":null,"patrolled":null,"grooming":null,"color":"hsl(208, 100%, 33%)","colorName":"blue","skiAreas":[{"properties":{"activities":["downhill"],"generated":false,"id":"5ecb06388006e4740e7ce8234e26d036ce85edb7","location":null,"name":"Pal-Arinsal","runConvention":"europe","sources":[{"type":"openstreetmap","id":"relation/4638280"},{"type":"skimap.org","id":1807}],"status":"operating","type":"skiArea","websites":["http://www.vallnord.com/"],"statistics":{"runs":{"byActivity":{"downhill":{"byDifficulty":{"easy":{"count":29,"lengthInKm":20.858363377830223,"minElevation":1558.2487431681502,"maxElevation":2491.0273591680307,"combinedElevationChange":3693.1728125839886},"novice":{"count":9,"lengthInKm":3.172775951105538,"maxElevation":2256.4535199999787,"combinedElevationChange":479.4833746895015,"minElevation":1789.827260979216},"advanced":{"count":3,"lengthInKm":2.5787306934661585,"minElevation":1937.2300800002456,"maxElevation":2534.5657064320576,"combinedElevationChange":807.8002905404903},"intermediate":{"count":21,"lengthInKm":12.346787808472106,"minElevation":1844.9715935855613,"maxElevation":2489.9201663711965,"combinedElevationChange":3641.880392795686},"other":{"count":2,"lengthInKm":0.10704381182876538,"minElevation":2094.49559558079,"maxElevation":2237.4957588416046,"combinedElevationChange":11.424043260803046}}}},"minElevation":1558.2487431681502,"maxElevation":2534.5657064320576},"lifts":{"byType":{"gondola":{"count":2,"lengthInKm":3.176295731309711,"minElevation":1237.565454921608,"maxElevation":1919.344744844795,"combinedElevationChange":1107.8933287838854},"chair_lift":{"count":12,"lengthInKm":11.964826900293591,"minElevation":1553.825056428767,"maxElevation":2486.6322313520764,"combinedElevationChange":3173.663310246392},"drag_lift":{"count":6,"lengthInKm":3.2439118652796735,"minElevation":1893.2452799999487,"maxElevation":2339.2381706368255,"combinedElevationChange":773.0829379614327},"cable_car":{"count":1,"lengthInKm":2.3879046138398796,"minElevation":2066.005541440008,"maxElevation":2492.951279404874,"combinedElevationChange":426.9457379648661},"platter":{"count":1,"lengthInKm":0.39896484807186156,"minElevation":2450.0787449600393,"maxElevation":2534.5657064320576,"combinedElevationChange":84.48696147201827},"magic_carpet":{"count":9,"lengthInKm":0.70647313191135,"minElevation":1893.7999852414912,"maxElevation":2077.4390097648143,"combinedElevationChange":66.60550960032651}},"minElevation":1237.565454921608,"maxElevation":2534.5657064320576},"maxElevation":2534.5657064320576,"minElevation":1558.2487431681502}},"type":"Feature","geometry":{"coordinates":[1.4533222792924878,42.545759697593475],"type":"Point"}}],"elevationProfile":{"heights":[2304.5788581376337,2301.997271034804,2299.7322496537126,2299.0119370880316],"resolution":25},"sources":[{"type":"openstreetmap","id":"way/1355803594"}],"location":null,"websites":[]},"geometry":{"type":"LineString","coordinates":[[1.4501884,42.5693016,2304.5788581376337],[1.450718,42.5690073,2299.0119370880316]]}}
,
{"type":"Feature","properties":{"type":"run","id":"128e3e9070730e5d724ecf6fcf766b6792a5311c","uses":["downhill"],"name":null,"ref":null,"description":null,"difficulty":"intermediate","convention":"europe","status":"operating","oneway":true,"lit":null,"gladed":null,"patrolled":null,"grooming":null,"color":"hsl(359, 94%, 53%)","colorName":"red","skiAreas":[{"properties":{"activities":["downhill"],"generated":false,"id":"5ecb06388006e4740e7ce8234e26d036ce85edb7","location":null,"name":"Pal-Arinsal","runConvention":"europe","sources":[{"type":"openstreetmap","id":"relation/4638280"},{"type":"skimap.org","id":1807}],"status":"operating","type":"skiArea","websites":["http://www.vallnord.com/"],"statistics":{"runs":{"byActivity":{"downhill":{"byDifficulty":{"easy":{"count":29,"lengthInKm":20.858363377830223,"minElevation":1558.2487431681502,"maxElevation":2491.0273591680307,"combinedElevationChange":3693.1728125839886},"novice":{"count":9,"lengthInKm":3.172775951105538,"maxElevation":2256.4535199999787,"combinedElevationChange":479.4833746895015,"minElevation":1789.827260979216},"advanced":{"count":3,"lengthInKm":2.5787306934661585,"minElevation":1937.2300800002456,"maxElevation":2534.5657064320576,"combinedElevationChange":807.8002905404903},"intermediate":{"count":21,"lengthInKm":12.346787808472106,"minElevation":1844.9715935855613,"maxElevation":2489.9201663711965,"combinedElevationChange":3641.880392795686},"other":{"count":2,"lengthInKm":0.10704381182876538,"minElevation":2094.49559558079,"maxElevation":2237.4957588416046,"combinedElevationChange":11.424043260803046}}}},"minElevation":1558.2487431681502,"maxElevation":2534.5657064320576},"lifts":{"byType":{"gondola":{"count":2,"lengthInKm":3.176295731309711,"minElevation":1237.565454921608,"maxElevation":1919.344744844795,"combinedElevationChange":1107.8933287838854},"chair_lift":{"count":12,"lengthInKm":11.964826900293591,"minElevation":1553.825056428767,"maxElevation":2486.6322313520764,"combinedElevationChange":3173.663310246392},"drag_lift":{"count":6,"lengthInKm":3.2439118652796735,"minElevation":1893.2452799999487,"maxElevation":2339.2381706368255,"combinedElevationChange":773.0829379614327},"cable_car":{"count":1,"lengthInKm":2.3879046138398796,"minElevation":2066.005541440008,"maxElevation":2492.951279404874,"combinedElevationChange":426.9457379648661},"platter":{"count":1,"lengthInKm":0.39896484807186156,"minElevation":2450.0787449600393,"maxElevation":2534.5657064320576,"combinedElevationChange":84.48696147201827},"magic_carpet":{"count":9,"lengthInKm":0.70647313191135,"minElevation":1893.7999852414912,"maxElevation":2077.4390097648143,"combinedElevationChange":66.60550960032651}},"minElevation":1237.565454921608,"maxElevation":2534.5657064320576},"maxElevation":2534.5657064320576,"minElevation":1558.2487431681502}},"type":"Feature","geometry":{"coordinates":[1.4533222792924878,42.545759697593475],"type":"Point"}}],"elevationProfile":{"heights":[2279.4327202687864,2274.690781242984,2269.4068847430267,2269.3771599999777],"resolution":25},"sources":[{"type":"openstreetmap","id":"way/1355803595"}],"location":null,"websites":[]},"geometry":{"type":"LineString","coordinates":[[1.4521161999999999,42.5679778,2279.4327202687864],[1.4525611999999994,42.5682879,2269.3771599999777]]}}
,
{"type":"Feature","properties":{"type":"run","id":"681b10b86ca944f1e0a4ab9e53cf5498f554d1d2","uses":["downhill"],"name":"Route to Snow Park","ref":null,"description":null,"difficulty":"easy","convention":"europe","status":"operating","oneway":false,"lit":null,"gladed":null,"patrolled":null,"grooming":null,"color":"hsl(208, 100%, 33%)","colorName":"blue","skiAreas":[{"properties":{"activities":["downhill"],"generated":false,"id":"5ecb06388006e4740e7ce8234e26d036ce85edb7","location":null,"name":"Pal-Arinsal","runConvention":"europe","sources":[{"type":"openstreetmap","id":"relation/4638280"},{"type":"skimap.org","id":1807}],"status":"operating","type":"skiArea","websites":["http://www.vallnord.com/"],"statistics":{"runs":{"byActivity":{"downhill":{"byDifficulty":{"easy":{"count":29,"lengthInKm":20.858363377830223,"minElevation":1558.2487431681502,"maxElevation":2491.0273591680307,"combinedElevationChange":3693.1728125839886},"novice":{"count":9,"lengthInKm":3.172775951105538,"maxElevation":2256.4535199999787,"combinedElevationChange":479.4833746895015,"minElevation":1789.827260979216},"advanced":{"count":3,"lengthInKm":2.5787306934661585,"minElevation":1937.2300800002456,"maxElevation":2534.5657064320576,"combinedElevationChange":807.8002905404903},"intermediate":{"count":21,"lengthInKm":12.346787808472106,"minElevation":1844.9715935855613,"maxElevation":2489.9201663711965,"combinedElevationChange":3641.880392795686},"other":{"count":2,"lengthInKm":0.10704381182876538,"minElevation":2094.49559558079,"maxElevation":2237.4957588416046,"combinedElevationChange":11.424043260803046}}}},"minElevation":1558.2487431681502,"maxElevation":2534.5657064320576},"lifts":{"byType":{"gondola":{"count":2,"lengthInKm":3.176295731309711,"minElevation":1237.565454921608,"maxElevation":1919.344744844795,"combinedElevationChange":1107.8933287838854},"chair_lift":{"count":12,"lengthInKm":11.964826900293591,"minElevation":1553.825056428767,"maxElevation":2486.6322313520764,"combinedElevationChange":3173.663310246392},"drag_lift":{"count":6,"lengthInKm":3.2439118652796735,"minElevation":1893.2452799999487,"maxElevation":2339.2381706368255,"combinedElevationChange":773.0829379614327},"cable_car":{"count":1,"lengthInKm":2.3879046138398796,"minElevation":2066.005541440008,"maxElevation":2492.951279404874,"combinedElevationChange":426.9457379648661},"platter":{"count":1,"lengthInKm":0.39896484807186156,"minElevation":2450.0787449600393,"maxElevation":2534.5657064320576,"combinedElevationChange":84.48696147201827},"magic_carpet":{"count":9,"lengthInKm":0.70647313191135,"minElevation":1893.7999852414912,"maxElevation":2077.4390097648143,"combinedElevationChange":66.60550960032651}},"minElevation":1237.565454921608,"maxElevation":2534.5657064320576},"maxElevation":2534.5657064320576,"minElevation":1558.2487431681502}},"type":"Feature","geometry":{"coordinates":[1.4533222792924878,42.545759697593475],"type":"Point"}}],"elevationProfile":{"heights":[2229.251755712055,2230.4061868540175,2229.649160000011],"resolution":25},"sources":[{"type":"openstreetmap","id":"way/1355803596"},{"type":"openstreetmap","id":"way/1358883554"}],"location":null,"websites":[]},"geometry":{"type":"LineString","coordinates":[[1.4563595999999999,42.5699114,2229.251755712055],[1.4563499,42.5702461,2229.649160000011]]}}
,
{"type":"Feature","properties":{"type":"run","id":"cfb925e5aa20e19fb0e4060e4891fa22818515a1","uses":["downhill"],"name":null,"ref":null,"description":null,"difficulty":"easy","convention":"europe","status":"operating","oneway":true,"lit":null,"gladed":null,"patrolled":null,"grooming":null,"color":"hsl(208, 100%, 33%)","colorName":"blue","skiAreas":[{"properties":{"activities":["downhill"],"generated":false,"id":"5ecb06388006e4740e7ce8234e26d036ce85edb7","location":null,"name":"Pal-Arinsal","runConvention":"europe","sources":[{"type":"openstreetmap","id":"relation/4638280"},{"type":"skimap.org","id":1807}],"status":"operating","type":"skiArea","websites":["http://www.vallnord.com/"],"statistics":{"runs":{"byActivity":{"downhill":{"byDifficulty":{"easy":{"count":29,"lengthInKm":20.858363377830223,"minElevation":1558.2487431681502,"maxElevation":2491.0273591680307,"combinedElevationChange":3693.1728125839886},"novice":{"count":9,"lengthInKm":3.172775951105538,"maxElevation":2256.4535199999787,"combinedElevationChange":479.4833746895015,"minElevation":1789.827260979216},"advanced":{"count":3,"lengthInKm":2.5787306934661585,"minElevation":1937.2300800002456,"maxElevation":2534.5657064320576,"combinedElevationChange":807.8002905404903},"intermediate":{"count":21,"lengthInKm":12.346787808472106,"minElevation":1844.9715935855613,"maxElevation":2489.9201663711965,"combinedElevationChange":3641.880392795686},"other":{"count":2,"lengthInKm":0.10704381182876538,"minElevation":2094.49559558079,"maxElevation":2237.4957588416046,"combinedElevationChange":11.424043260803046}}}},"minElevation":1558.2487431681502,"maxElevation":2534.5657064320576},"lifts":{"byType":{"gondola":{"count":2,"lengthInKm":3.176295731309711,"minElevation":1237.565454921608,"maxElevation":1919.344744844795,"combinedElevationChange":1107.8933287838854},"chair_lift":{"count":12,"lengthInKm":11.964826900293591,"minElevation":1553.825056428767,"maxElevation":2486.6322313520764,"combinedElevationChange":3173.663310246392},"drag_lift":{"count":6,"lengthInKm":3.2439118652796735,"minElevation":1893.2452799999487,"maxElevation":2339.2381706368255,"combinedElevationChange":773.0829379614327},"cable_car":{"count":1,"lengthInKm":2.3879046138398796,"minElevation":2066.005541440008,"maxElevation":2492.951279404874,"combinedElevationChange":426.9457379648661},"platter":{"count":1,"lengthInKm":0.39896484807186156,"minElevation":2450.0787449600393,"maxElevation":2534.5657064320576,"combinedElevationChange":84.48696147201827},"magic_carpet":{"count":9,"lengthInKm":0.70647313191135,"minElevation":1893.7999852414912,"maxElevation":2077.4390097648143,"combinedElevationChange":66.60550960032651}},"minElevation":1237.565454921608,"maxElevation":2534.5657064320576},"maxElevation":2534.5657064320576,"minElevation":1558.2487431681502}},"type":"Feature","geometry":{"coordinates":[1.4533222792924878,42.545759697593475],"type":"Point"}}],"elevationProfile":{"heights":[2229.649160000011,2227.8980669586263,2227.369851359986],"resolution":25},"sources":[{"type":"openstreetmap","id":"way/1355803596"}],"location":null,"websites":[]},"geometry":{"type":"LineString","coordinates":[[1.4563499,42.5702461,2229.649160000011],[1.4563725,42.5705364,2227.369851359986]]}}
,
{"type":"Feature","properties":{"type":"run","id":"f9fe3b6317e2e44f6a39309ce632f75ca0fbcf25","uses":["downhill"],"name":"Niu","ref":null,"description":null,"difficulty":"easy","convention":"europe","status":"operating","oneway":true,"lit":null,"gladed":null,"patrolled":null,"grooming":null,"color":"hsl(208, 100%, 33%)","colorName":"blue","skiAreas":[{"properties":{"activities":["downhill"],"generated":false,"id":"5ecb06388006e4740e7ce8234e26d036ce85edb7","location":null,"name":"Pal-Arinsal","runConvention":"europe","sources":[{"type":"openstreetmap","id":"relation/4638280"},{"type":"skimap.org","id":1807}],"status":"operating","type":"skiArea","websites":["http://www.vallnord.com/"],"statistics":{"runs":{"byActivity":{"downhill":{"byDifficulty":{"easy":{"count":29,"lengthInKm":20.858363377830223,"minElevation":1558.2487431681502,"maxElevation":2491.0273591680307,"combinedElevationChange":3693.1728125839886},"novice":{"count":9,"lengthInKm":3.172775951105538,"maxElevation":2256.4535199999787,"combinedElevationChange":479.4833746895015,"minElevation":1789.827260979216},"advanced":{"count":3,"lengthInKm":2.5787306934661585,"minElevation":1937.2300800002456,"maxElevation":2534.5657064320576,"combinedElevationChange":807.8002905404903},"intermediate":{"count":21,"lengthInKm":12.346787808472106,"minElevation":1844.9715935855613,"maxElevation":2489.9201663711965,"combinedElevationChange":3641.880392795686},"other":{"count":2,"lengthInKm":0.10704381182876538,"minElevation":2094.49559558079,"maxElevation":2237.4957588416046,"combinedElevationChange":11.424043260803046}}}},"minElevation":1558.2487431681502,"maxElevation":2534.5657064320576},"lifts":{"byType":{"gondola":{"count":2,"lengthInKm":3.176295731309711,"minElevation":1237.565454921608,"maxElevation":1919.344744844795,"combinedElevationChange":1107.8933287838854},"chair_lift":{"count":12,"lengthInKm":11.964826900293591,"minElevation":1553.825056428767,"maxElevation":2486.6322313520764,"combinedElevationChange":3173.663310246392},"drag_lift":{"count":6,"lengthInKm":3.2439118652796735,"minElevation":1893.2452799999487,"maxElevation":2339.2381706368255,"combinedElevationChange":773.0829379614327},"cable_car":{"count":1,"lengthInKm":2.3879046138398796,"minElevation":2066.005541440008,"maxElevation":2492.951279404874,"combinedElevationChange":426.9457379648661},"platter":{"count":1,"lengthInKm":0.39896484807186156,"minElevation":2450.0787449600393,"maxElevation":2534.5657064320576,"combinedElevationChange":84.48696147201827},"magic_carpet":{"count":9,"lengthInKm":0.70647313191135,"minElevation":1893.7999852414912,"maxElevation":2077.4390097648143,"combinedElevationChange":66.60550960032651}},"minElevation":1237.565454921608,"maxElevation":2534.5657064320576},"maxElevation":2534.5657064320576,"minElevation":1558.2487431681502}},"type":"Feature","geometry":{"coordinates":[1.4533222792924878,42.545759697593475],"type":"Point"}}],"elevationProfile":{"heights":[2191.17872314877,2183.130570506606,2172.1338543071706,2161.425128486301,2155.572348453232,2150.2987899399905,2143.772097884282,2136.871223468437,2128.6779754388504,2122.091870978052,2115.414976518782,2110.237762387026,2106.976443333205,2106.053107724975,2106.0310728327768,2104.097414987273,2099.391593675064,2096.971751921467,2097.1185442205633,2097.538511952024],"resolution":25},"sources":[{"type":"openstreetmap","id":"way/1355803597"},{"type":"openstreetmap","id":"way/1355803598"}],"location":null,"websites":[]},"geometry":{"type":"LineString","coordinates":[[1.4583102,42.5709416,2191.17872314877],[1.4614832999999996,42.5713546,2112.2157252128127],[1.4629585,42.571326,2102.2350083200113],[1.4636414999999996,42.571417499999995,2096.5429272000724],[1.4637046999999992,42.57137570000001,2097.0634769615795],[1.4636142999999993,42.57124099999999,2097.538511952024]]}}
,
{"type":"Feature","properties":{"type":"run","id":"a9d32ba396cf60831dbbe2f07b5dbf629736c6a3","uses":["connection"],"name":null,"ref":null,"description":null,"difficulty":null,"convention":"europe","status":"operating","oneway":null,"lit":null,"gladed":null,"patrolled":null,"grooming":null,"color":"hsl(0, 0%, 35%)","colorName":"grey","skiAreas":[],"elevationProfile":{"heights":[2027.6874303872353,2024.5721917184462],"resolution":25},"sources":[{"type":"openstreetmap","id":"way/1355803600"}],"location":null,"websites":[]},"geometry":{"type":"LineString","coordinates":[[1.4657691999999993,42.5728154,2027.6874303872353],[1.4658545999999995,42.572755500000014,2025.2394002240528],[1.4658590999999996,42.572672800000014,2024.5721917184462]]}}
,
{"type":"Feature","properties":{"type":"run","id":"8c34cde8527c9032219c923169c1bbd1a6ebcde9","uses":["downhill"],"name":null,"ref":null,"description":null,"difficulty":"easy","convention":"europe","status":"operating","oneway":true,"lit":null,"gladed":null,"patrolled":null,"grooming":null,"color":"hsl(208, 100%, 33%)","colorName":"blue","skiAreas":[{"properties":{"activities":["downhill"],"generated":false,"id":"5ecb06388006e4740e7ce8234e26d036ce85edb7","location":null,"name":"Pal-Arinsal","runConvention":"europe","sources":[{"type":"openstreetmap","id":"relation/4638280"},{"type":"skimap.org","id":1807}],"status":"operating","type":"skiArea","websites":["http://www.vallnord.com/"],"statistics":{"runs":{"byActivity":{"downhill":{"byDifficulty":{"easy":{"count":29,"lengthInKm":20.858363377830223,"minElevation":1558.2487431681502,"maxElevation":2491.0273591680307,"combinedElevationChange":3693.1728125839886},"novice":{"count":9,"lengthInKm":3.172775951105538,"maxElevation":2256.4535199999787,"combinedElevationChange":479.4833746895015,"minElevation":1789.827260979216},"advanced":{"count":3,"lengthInKm":2.5787306934661585,"minElevation":1937.2300800002456,"maxElevation":2534.5657064320576,"combinedElevationChange":807.8002905404903},"intermediate":{"count":21,"lengthInKm":12.346787808472106,"minElevation":1844.9715935855613,"maxElevation":2489.9201663711965,"combinedElevationChange":3641.880392795686},"other":{"count":2,"lengthInKm":0.10704381182876538,"minElevation":2094.49559558079,"maxElevation":2237.4957588416046,"combinedElevationChange":11.424043260803046}}}},"minElevation":1558.2487431681502,"maxElevation":2534.5657064320576},"lifts":{"byType":{"gondola":{"count":2,"lengthInKm":3.176295731309711,"minElevation":1237.565454921608,"maxElevation":1919.344744844795,"combinedElevationChange":1107.8933287838854},"chair_lift":{"count":12,"lengthInKm":11.964826900293591,"minElevation":1553.825056428767,"maxElevation":2486.6322313520764,"combinedElevationChange":3173.663310246392},"drag_lift":{"count":6,"lengthInKm":3.2439118652796735,"minElevation":1893.2452799999487,"maxElevation":2339.2381706368255,"combinedElevationChange":773.0829379614327},"cable_car":{"count":1,"lengthInKm":2.3879046138398796,"minElevation":2066.005541440008,"maxElevation":2492.951279404874,"combinedElevationChange":426.9457379648661},"platter":{"count":1,"lengthInKm":0.39896484807186156,"minElevation":2450.0787449600393,"maxElevation":2534.5657064320576,"combinedElevationChange":84.48696147201827},"magic_carpet":{"count":9,"lengthInKm":0.70647313191135,"minElevation":1893.7999852414912,"maxElevation":2077.4390097648143,"combinedElevationChange":66.60550960032651}},"minElevation":1237.565454921608,"maxElevation":2534.5657064320576},"maxElevation":2534.5657064320576,"minElevation":1558.2487431681502}},"type":"Feature","geometry":{"coordinates":[1.4533222792924878,42.545759697593475],"type":"Point"}}],"elevationProfile":{"heights":[2072.3811599999967,2062.513387984659,2051.3731946825255,2042.9750397558503,2037.7809180579684,2033.9020483276458,2028.8962053896744,2027.6874303872353],"resolution":25},"sources":[{"type":"openstreetmap","id":"way/1355803601"}],"location":null,"websites":[]},"geometry":{"type":"LineString","coordinates":[[1.4640177,42.572274,2072.3811599999967],[1.4657691999999993,42.5728154,2027.6874303872353]]}}
,
{"type":"Feature","properties":{"type":"run","id":"77a1397bab2c559b1519291b828c31dfebdfcc5f","uses":["connection"],"name":null,"ref":null,"description":null,"difficulty":null,"convention":"europe","status":"operating","oneway":null,"lit":null,"gladed":null,"patrolled":null,"grooming":null,"color":"hsl(0, 0%, 35%)","colorName":"grey","skiAreas":[],"elevationProfile":{"heights":[2486.6322313520764,2492.0500068166857,2494.146063570522,2495.4510032080652,2496.7880596266546,2492.951279404874],"resolution":25},"sources":[{"type":"openstreetmap","id":"way/1355803602"}],"location":null,"websites":[]},"geometry":{"type":"LineString","coordinates":[[1.4457242999999989,42.56621070000001,2486.6322313520764],[1.4456114999999996,42.566193100000014,2488.668133880123],[1.4455355999999995,42.5662285,2491.0273591680307],[1.4452703999999996,42.5660945,2493.5066517119417],[1.4449257999999996,42.56603560000001,2495.2042660994603],[1.4446388,42.5660667,2496.685089676814],[1.4444994999999996,42.5660871,2497.0223048158628],[1.4444791,42.5660066,2492.951279404874]]}}
,
{"type":"Feature","properties":{"type":"run","id":"da4c0af16e3e506dafa759b34dd0668572ebc756","uses":["connection"],"name":null,"ref":null,"description":null,"difficulty":null,"convention":"europe","status":"operating","oneway":null,"lit":null,"gladed":null,"patrolled":null,"grooming":null,"color":"hsl(0, 0%, 35%)","colorName":"grey","skiAreas":[],"elevationProfile":{"heights":[2066.005541440008,2067.31439913817,2067.602802569803,2067.015016555523,2066.6243314287676],"resolution":25},"sources":[{"type":"openstreetmap","id":"way/1355803603"}],"location":null,"websites":[]},"geometry":{"type":"LineString","coordinates":[[1.4522639999999998,42.54531150000001,2066.005541440008],[1.4524096999999996,42.5447205,2067.0431664879843],[1.4524549,42.544464899999994,2066.6243314287676]]}}
,
{"type":"Feature","properties":{"type":"run","id":"ef45988aab57ce45b0eac46b1945b0595a4b3c08","uses":["connection"],"name":null,"ref":null,"description":null,"difficulty":null,"convention":"europe","status":"operating","oneway":null,"lit":null,"gladed":null,"patrolled":null,"grooming":null,"color":"hsl(0, 0%, 35%)","colorName":"grey","skiAreas":[],"elevationProfile":{"heights":[2295.5999848080023,2295.086831978548,2295.690720000007],"resolution":25},"sources":[{"type":"openstreetmap","id":"way/1355803604"}],"location":null,"websites":[]},"geometry":{"type":"LineString","coordinates":[[1.4542355,42.5310549,2295.5999848080023],[1.4543309999999998,42.5308657,2295.0475867679997],[1.4541658,42.5310252,2295.690720000007]]}}
,
{"type":"Feature","properties":{"type":"run","id":"a77ebb40631065899b1da6e501eee75584d0f403","uses":["connection"],"name":null,"ref":null,"description":null,"difficulty":null,"convention":"europe","status":"operating","oneway":null,"lit":null,"gladed":null,"patrolled":null,"grooming":null,"color":"hsl(0, 0%, 35%)","colorName":"grey","skiAreas":[],"elevationProfile":{"heights":[2339.8739159856027,2342.3324159868803,2341.8162814285256,2339.2381706368255],"resolution":25},"sources":[{"type":"openstreetmap","id":"way/1355803605"}],"location":null,"websites":[]},"geometry":{"type":"LineString","coordinates":[[1.4563912999999993,42.5266947,2339.8739159856027],[1.4562259999999998,42.5266013,2342.46515999997],[1.4566099,42.5262899,2340.256720000007],[1.4567085999999998,42.526337200000015,2339.2381706368255]]}}
,
{"type":"Feature","properties":{"type":"run","id":"08ebe8a12c7700dcc8a271d04aa2ca02a16ebb09","uses":["connection"],"name":null,"ref":null,"description":null,"difficulty":null,"convention":"europe","status":"operating","oneway":null,"lit":null,"gladed":null,"patrolled":null,"grooming":null,"color":"hsl(0, 0%, 35%)","colorName":"grey","skiAreas":[],"elevationProfile":{"heights":[2076.676258857752,2079.612275270333,2077.949172717875,2075.7248227759746,2074.442358400025],"resolution":25},"sources":[{"type":"openstreetmap","id":"way/1355803606"},{"type":"openstreetmap","id":"way/1355803607"}],"location":null,"websites":[]},"geometry":{"type":"LineString","coordinates":[[1.4741801,42.53015060000001,2076.676258857752],[1.4742692999999996,42.5302091,2077.4390097648143],[1.4741715999999998,42.530328200000014,2079.6078875903536],[1.4747465,42.53050570000001,2075.6233141360362],[1.4748115999999998,42.53045,2074.442358400025]]}}
,
{"type":"Feature","properties":{"type":"run","id":"e24b1a505f697bc27a8e9ef0fe468308687c7d36","uses":["connection"],"name":null,"ref":null,"description":null,"difficulty":null,"convention":"europe","status":"operating","oneway":null,"lit":null,"gladed":null,"patrolled":null,"grooming":null,"color":"hsl(0, 0%, 35%)","colorName":"grey","skiAreas":[],"elevationProfile":{"heights":[2078.04482346239,2079.321370335131,2078.3549173263996,2078.348464730205,2078.3143999999547],"resolution":25},"sources":[{"type":"openstreetmap","id":"way/1355810000"},{"type":"openstreetmap","id":"way/1355803608"},{"type":"openstreetmap","id":"way/1355803609"}],"location":null,"websites":[]},"geometry":{"type":"LineString","coordinates":[[1.4743925999999998,42.530522200000014,2078.04482346239],[1.4741715999999998,42.530328200000014,2079.6078875903536],[1.4741051,42.5306099,2077.3523567007724],[1.4738144999999996,42.5305625,2078.3143999999547]]}}
,
{"type":"Feature","properties":{"type":"run","id":"5a4e546420a207fb5739229a4da670c53d01fdc7","uses":["downhill"],"name":null,"ref":null,"description":null,"difficulty":"easy","convention":"europe","status":"operating","oneway":true,"lit":null,"gladed":null,"patrolled":null,"grooming":null,"color":"hsl(208, 100%, 33%)","colorName":"blue","skiAreas":[{"properties":{"activities":["downhill"],"generated":false,"id":"5ecb06388006e4740e7ce8234e26d036ce85edb7","location":null,"name":"Pal-Arinsal","runConvention":"europe","sources":[{"type":"openstreetmap","id":"relation/4638280"},{"type":"skimap.org","id":1807}],"status":"operating","type":"skiArea","websites":["http://www.vallnord.com/"],"statistics":{"runs":{"byActivity":{"downhill":{"byDifficulty":{"easy":{"count":29,"lengthInKm":20.858363377830223,"minElevation":1558.2487431681502,"maxElevation":2491.0273591680307,"combinedElevationChange":3693.1728125839886},"novice":{"count":9,"lengthInKm":3.172775951105538,"maxElevation":2256.4535199999787,"combinedElevationChange":479.4833746895015,"minElevation":1789.827260979216},"advanced":{"count":3,"lengthInKm":2.5787306934661585,"minElevation":1937.2300800002456,"maxElevation":2534.5657064320576,"combinedElevationChange":807.8002905404903},"intermediate":{"count":21,"lengthInKm":12.346787808472106,"minElevation":1844.9715935855613,"maxElevation":2489.9201663711965,"combinedElevationChange":3641.880392795686},"other":{"count":2,"lengthInKm":0.10704381182876538,"minElevation":2094.49559558079,"maxElevation":2237.4957588416046,"combinedElevationChange":11.424043260803046}}}},"minElevation":1558.2487431681502,"maxElevation":2534.5657064320576},"lifts":{"byType":{"gondola":{"count":2,"lengthInKm":3.176295731309711,"minElevation":1237.565454921608,"maxElevation":1919.344744844795,"combinedElevationChange":1107.8933287838854},"chair_lift":{"count":12,"lengthInKm":11.964826900293591,"minElevation":1553.825056428767,"maxElevation":2486.6322313520764,"combinedElevationChange":3173.663310246392},"drag_lift":{"count":6,"lengthInKm":3.2439118652796735,"minElevation":1893.2452799999487,"maxElevation":2339.2381706368255,"combinedElevationChange":773.0829379614327},"cable_car":{"count":1,"lengthInKm":2.3879046138398796,"minElevation":2066.005541440008,"maxElevation":2492.951279404874,"combinedElevationChange":426.9457379648661},"platter":{"count":1,"lengthInKm":0.39896484807186156,"minElevation":2450.0787449600393,"maxElevation":2534.5657064320576,"combinedElevationChange":84.48696147201827},"magic_carpet":{"count":9,"lengthInKm":0.70647313191135,"minElevation":1893.7999852414912,"maxElevation":2077.4390097648143,"combinedElevationChange":66.60550960032651}},"minElevation":1237.565454921608,"maxElevation":2534.5657064320576},"maxElevation":2534.5657064320576,"minElevation":1558.2487431681502}},"type":"Feature","geometry":{"coordinates":[1.4533222792924878,42.545759697593475],"type":"Point"}}],"elevationProfile":{"heights":[1892.7685472414582,1890.4688050999614,1889.5832977103312,1889.6454995199717],"resolution":25},"sources":[{"type":"openstreetmap","id":"way/1355803610"}],"location":null,"websites":[]},"geometry":{"type":"LineString","coordinates":[[1.4695938999999996,42.53379070000001,1892.7685472414582],[1.4688949999999996,42.5339072,1889.6454995199717]]}}
,
{"type":"Feature","properties":{"type":"run","id":"2458c94156f7f5a79b15a1f3e42d701feea79915","uses":["connection"],"name":null,"ref":null,"description":null,"difficulty":null,"convention":"europe","status":"operating","oneway":null,"lit":null,"gladed":null,"patrolled":null,"grooming":null,"color":"hsl(0, 0%, 35%)","colorName":"grey","skiAreas":[],"elevationProfile":{"heights":[2001.5680117055542,1999.7490926354662,2000.5761123147568,1998.9869913409439],"resolution":25},"sources":[{"type":"openstreetmap","id":"way/1355803611"},{"type":"openstreetmap","id":"way/1355803612"}],"location":null,"websites":[]},"geometry":{"type":"LineString","coordinates":[[1.4680286999999996,42.5313772,2001.5680117055542],[1.4682477,42.531420499999996,1999.2053622641445],[1.4685194,42.53133260000001,2001.621119999825],[1.4687066999999996,42.531427799999996,1998.9869913409439]]}}
,
{"type":"Feature","properties":{"type":"run","id":"5929a67525018eb9fdd20fcba9befa2be1ce7071","uses":["connection"],"name":null,"ref":null,"description":null,"difficulty":"easy","convention":"europe","status":"operating","oneway":null,"lit":null,"gladed":null,"patrolled":null,"grooming":null,"color":"hsl(208, 100%, 33%)","colorName":"blue","skiAreas":[],"elevationProfile":{"heights":[1893.2452799999487,1893.022390089835,1892.7685472414582],"resolution":25},"sources":[{"type":"openstreetmap","id":"way/1355803614"},{"type":"openstreetmap","id":"way/1355803615"}],"location":null,"websites":[]},"geometry":{"type":"LineString","coordinates":[[1.4700297999999996,42.5338531,1893.2452799999487],[1.4698746999999992,42.53385030000001,1892.6602799998666],[1.4695938999999996,42.53379070000001,1892.7685472414582]]}}
,
{"type":"Feature","properties":{"type":"run","id":"c6f42e9b6de27033f7d4efb2e1677a5a37a86542","uses":["connection"],"name":null,"ref":null,"description":null,"difficulty":null,"convention":"europe","status":"operating","oneway":null,"lit":null,"gladed":null,"patrolled":null,"grooming":null,"color":"hsl(0, 0%, 35%)","colorName":"grey","skiAreas":[],"elevationProfile":{"heights":[2332.47185383987,2333.1074515069363],"resolution":25},"sources":[{"type":"openstreetmap","id":"way/1355803616"}],"location":null,"websites":[]},"geometry":{"type":"LineString","coordinates":[[1.4554604999999996,42.52737300000001,2332.47185383987],[1.4552607999999996,42.527339900000015,2333.1074515069363]]}}
,
{"type":"Feature","properties":{"type":"run","id":"8c8ccd0d360804c4ef03bc66611bd03dc857b47f","uses":["connection"],"name":null,"ref":null,"description":null,"difficulty":null,"convention":"europe","status":"operating","oneway":null,"lit":null,"gladed":null,"patrolled":null,"grooming":null,"color":"hsl(0, 0%, 35%)","colorName":"grey","skiAreas":[],"elevationProfile":{"heights":[2259.3123079678594,2256.508597644769,2255.7055654655956],"resolution":25},"sources":[{"type":"openstreetmap","id":"way/1355803617"}],"location":null,"websites":[]},"geometry":{"type":"LineString","coordinates":[[1.452488,42.53897410000001,2259.3123079678594],[1.4527891999999998,42.5388236,2255.7055654655956]]}}
,
{"type":"Feature","properties":{"type":"run","id":"fa551112aa253564d416e6082b2b5d12ae3d08a6","uses":["connection"],"name":null,"ref":null,"description":null,"difficulty":null,"convention":"europe","status":"operating","oneway":null,"lit":null,"gladed":null,"patrolled":null,"grooming":null,"color":"hsl(0, 0%, 35%)","colorName":"grey","skiAreas":[],"elevationProfile":{"heights":[1899.1566400000168,1901.1748057249988,1901.053245563376,1902.9533289515657,1902.975167786564,1903.1847322587053,1903.2518521585318,1904.1921495666154,1906.8567687639827,1906.660159999974],"resolution":25},"sources":[{"type":"openstreetmap","id":"way/1355807992"},{"type":"openstreetmap","id":"way/1355807993"},{"type":"openstreetmap","id":"way/1355807994"}],"location":null,"websites":[]},"geometry":{"type":"LineString","coordinates":[[1.4898795999999994,42.5364868,1899.1566400000168],[1.4902476,42.5364238,1901.6126922495885],[1.4903673,42.5366307,1900.903519999975],[1.4906312999999995,42.5364955,1902.9597199999946],[1.4909123,42.5363516,1903.0960782527916],[1.4911071999999999,42.536142200000015,1903.0125041664],[1.4911888,42.5358134,1904.28703999997],[1.491218,42.5356486,1906.660159999974],[1.4911646999999992,42.53564,1906.7839999999885],[1.4912025,42.5356267,1906.9755199999763],[1.491218,42.5356486,1906.660159999974]]}}
,
{"type":"Feature","properties":{"type":"run","id":"43a6d74c35cfcbd2f1ffbd82a9b4da0b66d2fd18","uses":["connection"],"name":null,"ref":null,"description":null,"difficulty":null,"convention":"europe","status":"operating","oneway":null,"lit":null,"gladed":null,"patrolled":null,"grooming":null,"color":"hsl(0, 0%, 35%)","colorName":"grey","skiAreas":[],"elevationProfile":{"heights":[1902.8141437056079,1900.5995388520062,1901.0025175191547,1901.5361455526113,1902.9597199999946],"resolution":25},"sources":[{"type":"openstreetmap","id":"way/1355807995"}],"location":null,"websites":[]},"geometry":{"type":"LineString","coordinates":[[1.4911408,42.5372017,1902.8141437056079],[1.4909194,42.5370427,1900.5757999999967],[1.4909085999999998,42.53691770000001,1900.8830719711887],[1.4908819,42.53673960000001,1901.133025990387],[1.4906312999999995,42.5364955,1902.9597199999946]]}}
,
{"type":"Feature","properties":{"type":"run","id":"b25c4f3d0efc82bdc35a7a753c0a7c82f3034494","uses":["connection"],"name":null,"ref":null,"description":null,"difficulty":null,"convention":"europe","status":"operating","oneway":null,"lit":null,"gladed":null,"patrolled":null,"grooming":null,"color":"hsl(0, 0%, 35%)","colorName":"grey","skiAreas":[],"elevationProfile":{"heights":[1237.565454921608,1236.7853965439656],"resolution":25},"sources":[{"type":"openstreetmap","id":"way/1355807996"}],"location":null,"websites":[]},"geometry":{"type":"LineString","coordinates":[[1.5138581999999998,42.5472953,1237.565454921608],[1.5139661999999994,42.547274,1236.7853965439656]]}}
,
{"type":"Feature","properties":{"type":"run","id":"7d0dca2def654fe6f117d76e02e347078b5ba7fc","uses":["connection"],"name":null,"ref":null,"description":null,"difficulty":null,"convention":"europe","status":"operating","oneway":null,"lit":null,"gladed":null,"patrolled":null,"grooming":null,"color":"hsl(0, 0%, 35%)","colorName":"grey","skiAreas":[],"elevationProfile":{"heights":[1788.5701756400817,1789.7981963541054,1790.0321588581205,1790.1358271999964],"resolution":25},"sources":[{"type":"openstreetmap","id":"way/1355809999"},{"type":"openstreetmap","id":"way/1355809997"}],"location":null,"websites":[]},"geometry":{"type":"LineString","coordinates":[[1.4837974999999997,42.5374631,1788.5701756400817],[1.4842088,42.5376579,1789.827260979216],[1.4842629999999999,42.5376659,1789.9704828319911],[1.4843909,42.537697099999995,1790.1226652144833],[1.4844565,42.53772,1790.1358271999964]]}}
,
{"type":"Feature","properties":{"type":"run","id":"7dad23b72c1823710f16b3a8bc2265390c59cb7b","uses":["connection"],"name":null,"ref":null,"description":null,"difficulty":null,"convention":"europe","status":"operating","oneway":null,"lit":null,"gladed":null,"patrolled":null,"grooming":null,"color":"hsl(0, 0%, 35%)","colorName":"grey","skiAreas":[],"elevationProfile":{"heights":[1793.7256506480853,1790.1226652144833],"resolution":25},"sources":[{"type":"openstreetmap","id":"way/1355809998"}],"location":null,"websites":[]},"geometry":{"type":"LineString","coordinates":[[1.4845831,42.537589499999996,1793.7256506480853],[1.4843909,42.537697099999995,1790.1226652144833]]}}
,
{"type":"Feature","properties":{"type":"run","id":"ec2e45a59657c6faabaff1807a971132f1a4741d","uses":["connection"],"name":null,"ref":null,"description":null,"difficulty":null,"convention":"europe","status":"operating","oneway":null,"lit":null,"gladed":null,"patrolled":null,"grooming":null,"color":"hsl(0, 0%, 35%)","colorName":"grey","skiAreas":[],"elevationProfile":{"heights":[2312.627373835123,2312.803620182359],"resolution":25},"sources":[{"type":"openstreetmap","id":"way/1355810001"}],"location":null,"websites":[]},"geometry":{"type":"LineString","coordinates":[[1.4521031,42.53396230000001,2312.627373835123],[1.4522319,42.5339742,2312.803620182359]]}}
,
{"type":"Feature","properties":{"type":"run","id":"1a97682e627c8fdcf771cad32c88b3b65aad2164","uses":["downhill"],"name":"Route to Snow Park","ref":null,"description":null,"difficulty":null,"convention":"europe","status":"operating","oneway":true,"lit":null,"gladed":null,"patrolled":null,"grooming":null,"color":"hsl(0, 0%, 35%)","colorName":"grey","skiAreas":[{"properties":{"activities":["downhill"],"generated":false,"id":"5ecb06388006e4740e7ce8234e26d036ce85edb7","location":null,"name":"Pal-Arinsal","runConvention":"europe","sources":[{"type":"openstreetmap","id":"relation/4638280"},{"type":"skimap.org","id":1807}],"status":"operating","type":"skiArea","websites":["http://www.vallnord.com/"],"statistics":{"runs":{"byActivity":{"downhill":{"byDifficulty":{"easy":{"count":29,"lengthInKm":20.858363377830223,"minElevation":1558.2487431681502,"maxElevation":2491.0273591680307,"combinedElevationChange":3693.1728125839886},"novice":{"count":9,"lengthInKm":3.172775951105538,"maxElevation":2256.4535199999787,"combinedElevationChange":479.4833746895015,"minElevation":1789.827260979216},"advanced":{"count":3,"lengthInKm":2.5787306934661585,"minElevation":1937.2300800002456,"maxElevation":2534.5657064320576,"combinedElevationChange":807.8002905404903},"intermediate":{"count":21,"lengthInKm":12.346787808472106,"minElevation":1844.9715935855613,"maxElevation":2489.9201663711965,"combinedElevationChange":3641.880392795686},"other":{"count":2,"lengthInKm":0.10704381182876538,"minElevation":2094.49559558079,"maxElevation":2237.4957588416046,"combinedElevationChange":11.424043260803046}}}},"minElevation":1558.2487431681502,"maxElevation":2534.5657064320576},"lifts":{"byType":{"gondola":{"count":2,"lengthInKm":3.176295731309711,"minElevation":1237.565454921608,"maxElevation":1919.344744844795,"combinedElevationChange":1107.8933287838854},"chair_lift":{"count":12,"lengthInKm":11.964826900293591,"minElevation":1553.825056428767,"maxElevation":2486.6322313520764,"combinedElevationChange":3173.663310246392},"drag_lift":{"count":6,"lengthInKm":3.2439118652796735,"minElevation":1893.2452799999487,"maxElevation":2339.2381706368255,"combinedElevationChange":773.0829379614327},"cable_car":{"count":1,"lengthInKm":2.3879046138398796,"minElevation":2066.005541440008,"maxElevation":2492.951279404874,"combinedElevationChange":426.9457379648661},"platter":{"count":1,"lengthInKm":0.39896484807186156,"minElevation":2450.0787449600393,"maxElevation":2534.5657064320576,"combinedElevationChange":84.48696147201827},"magic_carpet":{"count":9,"lengthInKm":0.70647313191135,"minElevation":1893.7999852414912,"maxElevation":2077.4390097648143,"combinedElevationChange":66.60550960032651}},"minElevation":1237.565454921608,"maxElevation":2534.5657064320576},"maxElevation":2534.5657064320576,"minElevation":1558.2487431681502}},"type":"Feature","geometry":{"coordinates":[1.4533222792924878,42.545759697593475],"type":"Point"}}],"elevationProfile":{"heights":[2237.4957588416046,2231.7796072137457,2229.649160000011],"resolution":25},"sources":[{"type":"openstreetmap","id":"way/1358883554"}],"location":null,"websites":[]},"geometry":{"type":"LineString","coordinates":[[1.4558083999999996,42.5704231,2237.4957588416046],[1.4561124,42.5703692,2231.6554328831926],[1.4563499,42.5702461,2229.649160000011]]}}
]}
